﻿<?xml version='1.0' encoding='utf-8'?><m:layout id='1fe0dd9e-e8cb-4a07-a823-f2c55d799e23' xmlns='http://www.w3.org/1999/xhtml' xmlns:m='http://schemas.mendix.com/forms/1.0'><m:arguments><m:argument><div data-mendix-id='59_0' data-mendix-type='mxui.widget.VerticalScrollContainer' data-mendix-props='"fixed":true,"config":[{"position":"top"},{"position":"middle"}]' class='mx-layoutcontainer mx-scrollcontainer mx-layoutcontainer-vertical mx-scrollcontainer-vertical mx-layoutcontainer-fixed mx-scrollcontainer-fixed'><div class='mx-layoutcontainer-top mx-scrollcontainer-top mxappcloud-topcontainer'><div class='mx-layoutcontainer-wrapper mx-scrollcontainer-wrapper'><div data-mendix-id='59_1' data-mendix-type='AppCloudNavigation.AppCloudNavigation' data-mendix-props='"friendlyId":"AppCloudServices.AppCloudMasterLayout.mendixAppCloudNavigation","mendixserver":"https://home.mendix.com/"' class='mx-name-mendixAppCloudNavigation' tabindex='0'></div></div></div><div class='mx-layoutcontainer-middle mx-scrollcontainer-middle mxappcloud-contentcontainer'><div class='mx-layoutcontainer-wrapper mx-scrollcontainer-wrapper'><div data-mx-placeholder='06b5d337-1ae9-4624-90c9-61259148c387' class='mx-placeholder'></div></div></div></div></m:argument></m:arguments></m:layout>