﻿{"MyFirstModule.Microflow_create_obj_database_sav_2":{"p":[],"a":[]},"MyFirstModule.Microflow_create_obj_development_sav":{"p":[],"a":[]},"MyFirstModule.Microflow_Infrastructure":{"p":["MyFirstModule.Infrastructure"],"a":[]},"MyFirstModule.SaveImage":{"p":["MyFirstModule.Photo","MyFirstModule.Template"],"a":[]},"MyFirstModule.GenerateExcel":{"p":["MyFirstModule.Template"],"a":[]},"MyFirstModule.Microflow_Common_Effort":{"p":["MyFirstModule.Common_Effort"],"a":[["MyFirstModule.Common_Effort_Data_Based_SAV_2_Servicereg","MyFirstModule.Common_Effort"],["MyFirstModule.Common_Effort_Data_Based_SAV_2_Changedri","MyFirstModule.Common_Effort"],["MyFirstModule.Common_Effort_Data_Based_SAV_2_Load","MyFirstModule.Common_Effort"],["MyFirstModule.Common_Effort_Common_Effort_SAV_Servicemon","MyFirstModule.Common_Effort"]]},"MyFirstModule.Microflow_delet_orches_sav":{"p":["MyFirstModule.Orch_SAV"],"a":[]},"MyFirstModule.Microflow_delete_pattern":{"p":["MyFirstModule.Patterns_Practices"],"a":[]},"MyFirstModule.Microflow_delete_sav_teckstack":{"p":["MyFirstModule.Tech_Stack_SAV"],"a":[]},"MyFirstModule.Microflow_delete_teckstack":{"p":["MyFirstModule.Tech_Stack"],"a":[]},"MyFirstModule.Microflow_delete_database":{"p":["MyFirstModule.Data_Based_Service"],"a":[]},"MyFirstModule.Microflow_delete_policy":{"p":["MyFirstModule.Policy"],"a":[]},"MyFirstModule.Microflow_delete_database_sav":{"p":["MyFirstModule.Data_Based_SAV"],"a":[]},"MyFirstModule.Microflow_delete":{"p":["MyFirstModule.Service_Attribute_Local"],"a":[]},"MyFirstModule.Microflow_delete_pattern_sav":{"p":["MyFirstModule.Patterns_Practices_SAV"],"a":[]},"MxModelReflection.SearchModule":{"p":["MxModelReflection.SearchTemp"],"a":[]},"MyFirstModule.Microflow_DeleteSheet":{"p":["XLSReport.MxSheet"],"a":[]},"MyFirstModule.Microflow_delete_infrastructure_sav":{"p":["MyFirstModule.Infrastructure_SAV"],"a":[]},"MyFirstModule.Microflow_delete_policy_sav":{"p":["MyFirstModule.Policy_SAV"],"a":[]},"MyFirstModule.Pass_ID_for_Sevice_Attribute_Entry":{"p":["MyFirstModule.Service_Attribute"],"a":[]},"MyFirstModule.getTemplates":{"p":["MyFirstModule.SearchEntity"],"a":[]},"MyFirstModule.getSearchEntity":{"p":[],"a":[]},"MyFirstModule.Microflow_Assumption_masterdata":{"p":[],"a":[]},"MyFirstModule.Restore_template":{"p":["MyFirstModule.Template","MyFirstModule.SearchEntity"],"a":[]},"MyFirstModule.addNewtechflow":{"p":["MyFirstModule.Template"],"a":[]},"MyFirstModule.addNewdevelopmentflow":{"p":["MyFirstModule.Template"],"a":[]},"MyFirstModule.addNewpolicyflow":{"p":["MyFirstModule.Template"],"a":[]},"MyFirstModule.addNewinfraflow":{"p":["MyFirstModule.Template"],"a":[]},"MxModelReflection.DSL_Modules":{"p":[],"a":[]},"MxModelReflection.CommitSearchText":{"p":["MxModelReflection.SearchEntity"],"a":[]},"MxModelReflection.getMxModelEntities":{"p":["MxModelReflection.SearchEntity"],"a":[]},"MxModelReflection.IVK_MxObjectTypeCommit":{"p":["MxModelReflection.MxObjectType"],"a":[]},"XLSReport.DS_Sorting_reference":{"p":["XLSReport.MxXPath"],"a":[["XLSReport.MxSorting_MxXPath","XLSReport.MxXPath"]]},"XLSReport.OCh_XPath_Refresh":{"p":["XLSReport.MxXPath"],"a":[]},"XLSReport.IVK_SortingSave":{"p":["XLSReport.MxSorting"],"a":[["XLSReport.MxSorting_MxXPath","XLSReport.MxSorting"],["XLSReport.MxSorting_MxSheet","XLSReport.MxSorting"],["XLSReport.MxXPath_MxObjectReference","XLSReport.MxXPath"],["XLSReport.MxXPath_ParentMxXPath","XLSReport.MxXPath"],["XLSReport.MxXPath_MxObjectMember","XLSReport.MxXPath"]]},"XLSReport.OCh_Template_Save":{"p":["XLSReport.MxTemplate"],"a":[]},"XLSReport.IVK_Column_New":{"p":["XLSReport.MxSheet"],"a":[]},"XLSReport.Sheet_Save":{"p":["XLSReport.MxSheet"],"a":[["XLSReport.MxData_MxSheet","XLSReport.MxSheet"]]},"XLSReport.Settings_Save":{"p":["XLSReport.MxColumnSettings"],"a":[]},"XLSReport.DS_First_Attribute":{"p":["XLSReport.MxXPath"],"a":[["XLSReport.MxXPath_MxData","XLSReport.MxXPath"]]},"MyFirstModule.Microflow_create_obj_orches_sav":{"p":[],"a":[]},"MyFirstModule.Microflow_create_obj_techstack_sav":{"p":[],"a":[]},"MyFirstModule.DatabasedService":{"p":["MyFirstModule.Data_Based_Service"],"a":null},"MyFirstModule.getPhoto":{"p":["MyFirstModule.Template"],"a":[]},"MyFirstModule.CustomSave_Template_DataCopy_BothTable":{"p":["MyFirstModule.Template"],"a":[]},"MxModelReflection.IVK_SyncObjects":{"p":[],"a":[]},"MxModelReflection.IVK_OpenReferencedMendixObject":{"p":["MxModelReflection.MxObjectReference","MxModelReflection.MxObjectType"],"a":[["MxModelReflection.MxObjectReference_MxObjectType","MxModelReflection.MxObjectReference"]]},"MxModelReflection.Ch_Reference":{"p":["MxModelReflection.Token"],"a":[["MxModelReflection.Token_MxObjectReference","MxModelReflection.Token"]]},"MxModelReflection.Ch_FindMember":{"p":["MxModelReflection.Token"],"a":[["MxModelReflection.Token_MxObjectType_Start","MxModelReflection.Token"]]},"MxModelReflection.MB_TestTokenPattern":{"p":["MxModelReflection.Token"],"a":[]},"XLSReport.IVK_UploadExcistFile":{"p":["XLSReport.MxTemplate"],"a":[["XLSReport.MxTemplate_CustomExcel","XLSReport.MxTemplate"]]},"XLSReport.IVK_DeleteExcistFile":{"p":["XLSReport.MxTemplate"],"a":[["XLSReport.MxTemplate_CustomExcel","XLSReport.MxTemplate"]]},"XLSReport.IVK_DeleteColumn":{"p":["XLSReport.MxColumn"],"a":[]},"XLSReport.IVK_ColumnLower":{"p":["XLSReport.MxColumn"],"a":[["XLSReport.MxData_MxSheet","XLSReport.MxData"]]},"XLSReport.IVK_TemplateSaveAndNext":{"p":["XLSReport.MxTemplate"],"a":[]},"XLSReport.Static_New":{"p":["XLSReport.MxSheet"],"a":[]},"XLSReport.DS_Constraint_attribute":{"p":["XLSReport.MxXPath"],"a":[["XLSReport.MxConstraint_MxXPath","XLSReport.MxXPath"]]},"XLSReport.DS_Constraint_reference":{"p":["XLSReport.MxXPath"],"a":[["XLSReport.MxConstraint_MxXPath","XLSReport.MxXPath"]]},"XLSReport.IVK_TemplateEdit":{"p":["XLSReport.MxTemplate"],"a":[]},"XLSReport.GenerateReport":{"p":["XLSReport.MxTemplate"],"a":null},"MyFirstModule.Microflow_create_service_attribute":{"p":[],"a":[]},"MyFirstModule.Microflow_create_obj_commoneffort_sav":{"p":[],"a":[]},"MyFirstModule.ACT_Tooltip":{"p":[],"a":[]},"MyFirstModule.Microflow_Patterns_Practises":{"p":["MyFirstModule.Patterns_Practices"],"a":[]},"MyFirstModule.Upload_Image":{"p":["MyFirstModule.Template"],"a":[]},"MyFirstModule.Test_javaAction":{"p":["MyFirstModule.Orchestration_Service"],"a":null},"MyFirstModule.Microflow_data_template":{"p":["MyFirstModule.Template"],"a":null},"MyFirstModule.Microflow_Development":{"p":["MyFirstModule.Development_Process"],"a":[["MyFirstModule.Development_Process_Dev_process_SAV_process","MyFirstModule.Development_Process"],["MyFirstModule.Development_Process_Dev_process_SAV_pair","MyFirstModule.Development_Process"],["MyFirstModule.Development_Process_Dev_process_SAV_env","MyFirstModule.Development_Process"],["MyFirstModule.Development_Process_Dev_process_SAV_tool","MyFirstModule.Development_Process"],["MyFirstModule.Development_Process_Dev_process_SAV_testtool","MyFirstModule.Development_Process"],["MyFirstModule.Development_Process_Dev_process_SAV_doc","MyFirstModule.Development_Process"],["MyFirstModule.Development_Process_Dev_process_SAV_method","MyFirstModule.Development_Process"],["MyFirstModule.Development_Process_Dev_process_SAV_Bus","MyFirstModule.Development_Process"]]},"MyFirstModule.Microflow_delete_user_Account":{"p":["Administration.Account"],"a":[]},"MyFirstModule.Microflow_delete_value":{"p":["MyFirstModule.Service_Attribute_Entries"],"a":[]},"MyFirstModule.deleteTemplate":{"p":["MyFirstModule.Template"],"a":[]},"MyFirstModule.CommitSearchText":{"p":["MyFirstModule.SearchEntity"],"a":[]},"MyFirstModule.addNewOrchFlow":{"p":["MyFirstModule.Template"],"a":[]},"MyFirstModule.Estimation_Assumption":{"p":["MyFirstModule.Template"],"a":null},"MyFirstModule.addNewpatternflow":{"p":["MyFirstModule.Template"],"a":[]},"MyFirstModule.addNewcommonflow":{"p":["MyFirstModule.Template"],"a":[]},"Administration.NewAccount":{"p":[],"a":[]},"Administration.SaveNewAccount":{"p":["Administration.AccountPasswordData"],"a":[["Administration.AccountPasswordData_Account","Administration.AccountPasswordData"]]},"MxModelReflection.DSO_InheritsFromContainer":{"p":["MxModelReflection.MxObjectType"],"a":[["MxModelReflection.MxObjectType_SubClassOf_MxObjectType","MxModelReflection.MxObjectType"]]},"MxModelReflection.getSearchEntity":{"p":[],"a":[]},"MxModelReflection.Ch_ObjectTypeStart":{"p":["MxModelReflection.Token"],"a":[["MxModelReflection.Token_MxObjectType_Start","MxModelReflection.Token"]]},"MxModelReflection.Ch_FindReference":{"p":["MxModelReflection.Token"],"a":[["MxModelReflection.Token_MxObjectType_Start","MxModelReflection.Token"]]},"MxModelReflection.MB_TestThePattern":{"p":["MxModelReflection.TestPattern"],"a":null},"System.ShowHomePage":{"p":[],"a":[]},"MxModelReflection.IVK_RecalculateSize":{"p":[],"a":[]},"MxModelReflection.OC_FindObjectType":{"p":["MxModelReflection.DbSizeEstimate"],"a":[]},"XLSReport.OCh_Xpath_RetrieveType":{"p":["XLSReport.MxXPath"],"a":[]},"XLSReport.DS_Sorting_attribute":{"p":["XLSReport.MxXPath"],"a":[["XLSReport.MxSorting_MxXPath","XLSReport.MxXPath"]]},"XLSReport.IVK_ColumnHigher":{"p":["XLSReport.MxColumn"],"a":[["XLSReport.MxData_MxSheet","XLSReport.MxData"]]},"XLSReport.IVK_ConstraintDelete":{"p":["XLSReport.MxConstraint"],"a":[]},"XLSReport.IVK_Constraint_Lower":{"p":["XLSReport.MxConstraint","XLSReport.MxSheet"],"a":[]},"XLSReport.IVK_Constraint_Higher":{"p":["XLSReport.MxConstraint","XLSReport.MxSheet"],"a":[]},"XLSReport.DS_First_Reference":{"p":["XLSReport.MxXPath"],"a":[["XLSReport.MxXPath_MxData","XLSReport.MxXPath"]]},"XLSReport.IVK_Column_Save":{"p":["XLSReport.MxColumn"],"a":[["XLSReport.MxData_MxSheet","XLSReport.MxData"],["XLSReport.MxXPath_MxData","XLSReport.MxData"]]},"XLSReport.DS_StaticInputMember":{"p":["XLSReport.MxStatic"],"a":[["XLSReport.MxData_MxSheet","XLSReport.MxData"],["XLSReport.MxSheet_Template","XLSReport.MxSheet"]]},"XLSReport.Static_Save":{"p":["XLSReport.MxStatic"],"a":[["XLSReport.MxData_MxSheet","XLSReport.MxData"]]},"MyFirstModule.Retrieve_Admin_Email":{"p":[],"a":[]},"MyFirstModule.Microflow_create_obj_pattern_sav":{"p":[],"a":[]},"MyFirstModule.Microflow_create_obj_policy_sav":{"p":[],"a":[]},"MyFirstModule.Microflow_TechStack":{"p":["MyFirstModule.Tech_Stack"],"a":[["MyFirstModule.Tech_Stack_SAV_platform","MyFirstModule.Tech_Stack"],["MyFirstModule.Tech_Stack_SAV_Lang","MyFirstModule.Tech_Stack"],["MyFirstModule.Tech_Stack_SAV_runtime","MyFirstModule.Tech_Stack"],["MyFirstModule.Tech_Stack_SAV_runtype","MyFirstModule.Tech_Stack"],["MyFirstModule.Tech_Stack_SAV_database","MyFirstModule.Tech_Stack"],["MyFirstModule.Tech_Stack_Tech_Stack_SAV_message","MyFirstModule.Tech_Stack"],["MyFirstModule.Tech_Stack_SAV_framework","MyFirstModule.Tech_Stack"],["MyFirstModule.Tech_Stack_SAV_CI","MyFirstModule.Tech_Stack"],["MyFirstModule.Tech_Stack_SAV_CD","MyFirstModule.Tech_Stack"]]},"MyFirstModule.Microflow_Policy":{"p":["MyFirstModule.Policy"],"a":[["MyFirstModule.Policy_Policy_SAV","MyFirstModule.Policy"]]},"MyFirstModule.Microflow_inftra_delete":{"p":["MyFirstModule.Infrastructure"],"a":[]},"MyFirstModule.Microflow_delete_commoneffort":{"p":["MyFirstModule.Common_Effort"],"a":[]},"MyFirstModule.Microflow_assumption_delete":{"p":["MyFirstModule.Assumptions"],"a":[]},"MyFirstModule.Microflow_delete_deve_process_sav":{"p":["MyFirstModule.Dev_process_SAV"],"a":[]},"MyFirstModule.Microflow_delete_Accout":{"p":["Administration.Account"],"a":[]},"MyFirstModule.Microflow_assumption_local_delete":{"p":["MyFirstModule.Assumptions_Local"],"a":[]},"XLSReport.IVK_CreateNewSheet":{"p":["XLSReport.MxTemplate"],"a":[["XLSReport.MxCellStyle_Template","XLSReport.MxTemplate"]]},"MyFirstModule.Microflow_delete_common_sav":{"p":["MyFirstModule.Common_Effort_SAV"],"a":[]},"MyFirstModule.Microflow_oschresh_delete":{"p":["MyFirstModule.Orchestration_Service"],"a":[]},"MyFirstModule.Microflow_delete_master_serviceattribute":{"p":["MyFirstModule.Service_Attribute"],"a":[]},"MyFirstModule.Microflow_development_delete":{"p":["MyFirstModule.Development_Process"],"a":[]},"MyFirstModule.Microflow_Freeze":{"p":["MyFirstModule.Template","MyFirstModule.SearchEntity"],"a":[]},"MyFirstModule.Microflow_Template_Archive_Dashboard":{"p":["MyFirstModule.Template","MyFirstModule.SearchEntity"],"a":[]},"MyFirstModule.Estimation_template_Object_pass":{"p":["MyFirstModule.Template"],"a":[]},"MyFirstModule.Microflow_Service_Attribue_masterdata":{"p":[],"a":[]},"MyFirstModule.getArchive_Templates":{"p":["MyFirstModule.SearchEntity"],"a":[]},"MyFirstModule.addNewdataflow":{"p":["MyFirstModule.Template"],"a":[]},"Administration.RetrieveTimeZones":{"p":[],"a":[]},"Administration.ShowPasswordForm":{"p":["Administration.Account"],"a":[]},"Administration.ChangePassword":{"p":["Administration.AccountPasswordData"],"a":[["Administration.AccountPasswordData_Account","Administration.AccountPasswordData"]]},"Administration.ShowMyPasswordForm":{"p":["Administration.Account"],"a":[]},"Administration.ChangeMyPassword":{"p":["Administration.AccountPasswordData"],"a":[["Administration.AccountPasswordData_Account","Administration.AccountPasswordData"]]},"MxModelReflection.IVK_ToggleModule":{"p":["MxModelReflection.Module"],"a":[]},"MxModelReflection.Ch_FindObjectTypeReference":{"p":["MxModelReflection.Token"],"a":[["MxModelReflection.Token_MxObjectReference","MxModelReflection.Token"]]},"MxModelReflection.Ch_ObjecttypeReference":{"p":["MxModelReflection.Token"],"a":[["MxModelReflection.Token_MxObjectType_Referenced","MxModelReflection.Token"]]},"MxModelReflection.Ch_FindMemberReference":{"p":["MxModelReflection.Token"],"a":[["MxModelReflection.Token_MxObjectType_Referenced","MxModelReflection.Token"]]},"MxModelReflection.Ch_Member":{"p":["MxModelReflection.Token"],"a":[["MxModelReflection.Token_MxObjectMember","MxModelReflection.Token"]]},"XLSReport.IVK_ExcistFile_Save":{"p":["XLSReport.CustomExcel"],"a":[]},"XLSReport.OCh_Sheet_Object":{"p":["XLSReport.MxSheet"],"a":[["XLSReport.MxSheet_MxObjectReference","XLSReport.MxSheet"]]},"XLSReport.OCh_Sheet_Reference":{"p":["XLSReport.MxSheet"],"a":[["XLSReport.MxSheet_MxObjectReference","XLSReport.MxSheet"]]},"XLSReport.Column_CSV_New":{"p":["XLSReport.MxSheet"],"a":[]},"XLSReport.IVK_SortingDelete":{"p":["XLSReport.MxSorting"],"a":[]},"XLSReport.IVK_Sorting_Lower":{"p":["XLSReport.MxSorting","XLSReport.MxSheet"],"a":[]},"XLSReport.IVK_Sorting_Higher":{"p":["XLSReport.MxSorting","XLSReport.MxSheet"],"a":[]},"XLSReport.DS_TemplateCSVSheet":{"p":["XLSReport.MxTemplate"],"a":[]},"XLSReport.IVK_ConstraintSaveAndNext":{"p":["XLSReport.MxConstraint"],"a":[["XLSReport.MxConstraint_MxXPath","XLSReport.MxConstraint"],["XLSReport.MxConstraint_MxSheet","XLSReport.MxConstraint"]]},"XLSReport.IVK_ConstraintSave":{"p":["XLSReport.MxConstraint"],"a":[]},"XLSReport.DS_Attribute":{"p":["XLSReport.MxXPath"],"a":[["XLSReport.ChildMxXPath_MxXPath","XLSReport.MxXPath"]]},"XLSReport.DS_Reference":{"p":["XLSReport.MxXPath"],"a":[["XLSReport.ChildMxXPath_MxXPath","XLSReport.MxXPath"]]}}