ALTER TABLE "myfirstmodule$development_process" DROP COLUMN "pairprogramming";
ALTER TABLE "myfirstmodule$development_process" ADD "pairprogramming" VARCHAR_IGNORECASE(3) NULL;
UPDATE "mendixsystem$attribute"
 SET "entity_id" = '53dad80b-5cd0-4408-893f-29ea50df2563', 
"attribute_name" = 'PairProgramming', 
"column_name" = 'pairprogramming', 
"type" = 40, 
"length" = 3, 
"default_value" = '', 
"is_auto_number" = false
 WHERE "id" = 'b73a61dd-631b-428e-bbb8-2a6970272fc1';
ALTER TABLE "myfirstmodule$template" ADD "template_status" VARCHAR_IGNORECASE(11) NULL;
DELETE FROM "mendixsystem$attribute" 
 WHERE "id" = 'bdd3a4d2-44fe-309a-adeb-e7d8c29ee16b';
INSERT INTO "mendixsystem$attribute" ("id", 
"entity_id", 
"attribute_name", 
"column_name", 
"type", 
"length", 
"default_value", 
"is_auto_number")
 VALUES ('081bfa53-f34a-4ce6-93f2-6d0feeed96df', 
'22700ff9-bfa8-4218-bc49-a53939fcbec0', 
'Template_Status', 
'template_status', 
40, 
11, 
'', 
false);
ALTER TABLE "system$filedocument" ADD "size" BIGINT NULL;
UPDATE "system$filedocument"
 SET "size" = -1;
CREATE INDEX "idx_system$filedocument_size" ON "system$filedocument" ("size","id");
INSERT INTO "mendixsystem$attribute" ("id", 
"entity_id", 
"attribute_name", 
"column_name", 
"type", 
"length", 
"default_value", 
"is_auto_number")
 VALUES ('14018140-78df-4e36-9869-d0b53129d2c9', 
'170ce49d-f29c-4fac-99a6-b55e8a3aeb39', 
'Size', 
'size', 
4, 
0, 
'-1', 
false);
INSERT INTO "mendixsystem$index" ("id", 
"table_id", 
"index_name")
 VALUES ('59de2f9e-3e30-4dd7-a5de-58594a63ea2b', 
'170ce49d-f29c-4fac-99a6-b55e8a3aeb39', 
'idx_system$filedocument_size');
INSERT INTO "mendixsystem$index_column" ("index_id", 
"column_id", 
"sort_order", 
"ordinal")
 VALUES ('59de2f9e-3e30-4dd7-a5de-58594a63ea2b', 
'14018140-78df-4e36-9869-d0b53129d2c9', 
false, 
0);
CREATE TABLE "xlsreport$customexcel" (
	"id" BIGINT NOT NULL,
	PRIMARY KEY("id"));
INSERT INTO "mendixsystem$entity" ("id", 
"entity_name", 
"table_name", 
"superentity_id")
 VALUES ('24ba51a7-f124-4ac5-acd5-cc3619ded8d3', 
'XLSReport.CustomExcel', 
'xlsreport$customexcel', 
'170ce49d-f29c-4fac-99a6-b55e8a3aeb39');
CREATE TABLE "mxmodelreflection$mxobjectreference" (
	"id" BIGINT NOT NULL,
	"changeddate" TIMESTAMP NULL,
	"createddate" TIMESTAMP NULL,
	"associationowner" VARCHAR_IGNORECASE(8) NULL,
	"parententity" VARCHAR_IGNORECASE(200) NULL,
	"completename" VARCHAR_IGNORECASE(200) NULL,
	"module" VARCHAR_IGNORECASE(200) NULL,
	"referencetype" VARCHAR_IGNORECASE(12) NULL,
	"name" VARCHAR_IGNORECASE(200) NULL,
	"readablename" VARCHAR_IGNORECASE(200) NULL,
	"system$changedby" BIGINT NULL,
	"system$owner" BIGINT NULL,
	PRIMARY KEY("id"));
CREATE INDEX "idx_mxmodelreflection$mxobjectreference_system$changedby" ON "mxmodelreflection$mxobjectreference" ("system$changedby","id");
CREATE INDEX "idx_mxmodelreflection$mxobjectreference_system$owner" ON "mxmodelreflection$mxobjectreference" ("system$owner","id");
INSERT INTO "mendixsystem$entity" ("id", 
"entity_name", 
"table_name")
 VALUES ('4015dced-50bc-4bc7-aa32-9c1d61572811', 
'MxModelReflection.MxObjectReference', 
'mxmodelreflection$mxobjectreference');
INSERT INTO "mendixsystem$attribute" ("id", 
"entity_id", 
"attribute_name", 
"column_name", 
"type", 
"length", 
"default_value", 
"is_auto_number")
 VALUES ('8d783445-32d7-37e8-abe1-61e8d6d9b6b6', 
'4015dced-50bc-4bc7-aa32-9c1d61572811', 
'changedDate', 
'changeddate', 
20, 
0, 
'', 
false);
INSERT INTO "mendixsystem$attribute" ("id", 
"entity_id", 
"attribute_name", 
"column_name", 
"type", 
"length", 
"default_value", 
"is_auto_number")
 VALUES ('b6b113ca-77bd-3be2-88c8-d72e292c854c', 
'4015dced-50bc-4bc7-aa32-9c1d61572811', 
'createdDate', 
'createddate', 
20, 
0, 
'', 
false);
INSERT INTO "mendixsystem$attribute" ("id", 
"entity_id", 
"attribute_name", 
"column_name", 
"type", 
"length", 
"default_value", 
"is_auto_number")
 VALUES ('f8c1032f-0f09-4fdd-a1b4-de363097891e', 
'4015dced-50bc-4bc7-aa32-9c1d61572811', 
'AssociationOwner', 
'associationowner', 
40, 
8, 
'_Default', 
false);
INSERT INTO "mendixsystem$attribute" ("id", 
"entity_id", 
"attribute_name", 
"column_name", 
"type", 
"length", 
"default_value", 
"is_auto_number")
 VALUES ('a88aa0c8-8e92-44a4-a1ee-f4d11532108d', 
'4015dced-50bc-4bc7-aa32-9c1d61572811', 
'ParentEntity', 
'parententity', 
30, 
200, 
'', 
false);
INSERT INTO "mendixsystem$attribute" ("id", 
"entity_id", 
"attribute_name", 
"column_name", 
"type", 
"length", 
"default_value", 
"is_auto_number")
 VALUES ('268bfccc-df83-419c-b0ce-95ced2531010', 
'4015dced-50bc-4bc7-aa32-9c1d61572811', 
'CompleteName', 
'completename', 
30, 
200, 
'', 
false);
INSERT INTO "mendixsystem$attribute" ("id", 
"entity_id", 
"attribute_name", 
"column_name", 
"type", 
"length", 
"default_value", 
"is_auto_number")
 VALUES ('0b2f01c1-d31b-4fc6-924e-99d0f4abc991', 
'4015dced-50bc-4bc7-aa32-9c1d61572811', 
'Module', 
'module', 
30, 
200, 
'', 
false);
INSERT INTO "mendixsystem$attribute" ("id", 
"entity_id", 
"attribute_name", 
"column_name", 
"type", 
"length", 
"default_value", 
"is_auto_number")
 VALUES ('863d991c-3749-4b65-98aa-dc5d46d10b37', 
'4015dced-50bc-4bc7-aa32-9c1d61572811', 
'ReferenceType', 
'referencetype', 
40, 
12, 
'', 
false);
INSERT INTO "mendixsystem$attribute" ("id", 
"entity_id", 
"attribute_name", 
"column_name", 
"type", 
"length", 
"default_value", 
"is_auto_number")
 VALUES ('b0db533f-0c51-4d9d-b1d7-8402cc0b0c95', 
'4015dced-50bc-4bc7-aa32-9c1d61572811', 
'Name', 
'name', 
30, 
200, 
'', 
false);
INSERT INTO "mendixsystem$attribute" ("id", 
"entity_id", 
"attribute_name", 
"column_name", 
"type", 
"length", 
"default_value", 
"is_auto_number")
 VALUES ('81617e24-69b1-4216-8048-455672d2e051', 
'4015dced-50bc-4bc7-aa32-9c1d61572811', 
'ReadableName', 
'readablename', 
30, 
200, 
'', 
false);
INSERT INTO "mendixsystem$index" ("id", 
"table_id", 
"index_name")
 VALUES ('403fbde9-37aa-377a-85b0-4fe772a68b6b', 
'4015dced-50bc-4bc7-aa32-9c1d61572811', 
'idx_mxmodelreflection$mxobjectreference_system$changedby');
INSERT INTO "mendixsystem$index_column" ("index_id", 
"column_id", 
"sort_order", 
"ordinal")
 VALUES ('403fbde9-37aa-377a-85b0-4fe772a68b6b', 
'a6638933-2155-3721-ab1c-50133dd40f50', 
false, 
0);
INSERT INTO "mendixsystem$index" ("id", 
"table_id", 
"index_name")
 VALUES ('d6c055da-fdbb-35c9-954b-bc3fc89bdec4', 
'4015dced-50bc-4bc7-aa32-9c1d61572811', 
'idx_mxmodelreflection$mxobjectreference_system$owner');
INSERT INTO "mendixsystem$index_column" ("index_id", 
"column_id", 
"sort_order", 
"ordinal")
 VALUES ('d6c055da-fdbb-35c9-954b-bc3fc89bdec4', 
'6e61c6d2-74ca-3670-9e22-710ac915ef38', 
false, 
0);
INSERT INTO "mendixsystem$association" ("id", 
"association_name", 
"table_name", 
"parent_entity_id", 
"child_entity_id", 
"parent_column_name", 
"child_column_name")
 VALUES ('a6638933-2155-3721-ab1c-50133dd40f50', 
'System.changedBy', 
'system$changedby', 
'4015dced-50bc-4bc7-aa32-9c1d61572811', 
'282e2e60-88a5-469d-84a5-ba8d9151644f', 
'id', 
'system$changedby');
INSERT INTO "mendixsystem$association" ("id", 
"association_name", 
"table_name", 
"parent_entity_id", 
"child_entity_id", 
"parent_column_name", 
"child_column_name")
 VALUES ('6e61c6d2-74ca-3670-9e22-710ac915ef38', 
'System.owner', 
'system$owner', 
'4015dced-50bc-4bc7-aa32-9c1d61572811', 
'282e2e60-88a5-469d-84a5-ba8d9151644f', 
'id', 
'system$owner');
CREATE TABLE "mxmodelreflection$mxobjectreference_mxobjecttype" (
	"mxmodelreflection$mxobjectreferenceid" BIGINT NOT NULL,
	"mxmodelreflection$mxobjecttypeid" BIGINT NOT NULL,
	PRIMARY KEY("mxmodelreflection$mxobjectreferenceid","mxmodelreflection$mxobjecttypeid"));
CREATE INDEX "idx_mxmodelreflection$mxobjectreference_mxobjecttype_mxmodelreflection$mxobjecttype_mxmodelreflection$mxobjectreference" ON "mxmodelreflection$mxobjectreference_mxobjecttype" ("mxmodelreflection$mxobjecttypeid","mxmodelreflection$mxobjectreferenceid");
INSERT INTO "mendixsystem$association" ("id", 
"association_name", 
"table_name", 
"parent_entity_id", 
"child_entity_id", 
"parent_column_name", 
"child_column_name", 
"index_name")
 VALUES ('abac88f5-2f15-4555-875b-6fdcfd8be83d', 
'MxModelReflection.MxObjectReference_MxObjectType', 
'mxmodelreflection$mxobjectreference_mxobjecttype', 
'4015dced-50bc-4bc7-aa32-9c1d61572811', 
'1e645d01-7350-4c63-b9dd-1f07a76c2141', 
'mxmodelreflection$mxobjectreferenceid', 
'mxmodelreflection$mxobjecttypeid', 
'idx_mxmodelreflection$mxobjectreference_mxobjecttype_mxmodelreflection$mxobjecttype_mxmodelreflection$mxobjectreference');
CREATE TABLE "mxmodelreflection$mxobjectreference_module" (
	"mxmodelreflection$mxobjectreferenceid" BIGINT NOT NULL,
	"mxmodelreflection$moduleid" BIGINT NOT NULL,
	PRIMARY KEY("mxmodelreflection$mxobjectreferenceid","mxmodelreflection$moduleid"));
CREATE INDEX "idx_mxmodelreflection$mxobjectreference_module_mxmodelreflection$module_mxmodelreflection$mxobjectreference" ON "mxmodelreflection$mxobjectreference_module" ("mxmodelreflection$moduleid","mxmodelreflection$mxobjectreferenceid");
INSERT INTO "mendixsystem$association" ("id", 
"association_name", 
"table_name", 
"parent_entity_id", 
"child_entity_id", 
"parent_column_name", 
"child_column_name", 
"index_name")
 VALUES ('0a52e5ed-5ad9-4749-b82f-d1cd04fb351b', 
'MxModelReflection.MxObjectReference_Module', 
'mxmodelreflection$mxobjectreference_module', 
'4015dced-50bc-4bc7-aa32-9c1d61572811', 
'3879a615-98f7-417e-b7e0-03e3919d5245', 
'mxmodelreflection$mxobjectreferenceid', 
'mxmodelreflection$moduleid', 
'idx_mxmodelreflection$mxobjectreference_module_mxmodelreflection$module_mxmodelreflection$mxobjectreference');
CREATE TABLE "mxmodelreflection$mxobjectreference_mxobjecttype_child" (
	"mxmodelreflection$mxobjectreferenceid" BIGINT NOT NULL,
	"mxmodelreflection$mxobjecttypeid" BIGINT NOT NULL,
	PRIMARY KEY("mxmodelreflection$mxobjectreferenceid","mxmodelreflection$mxobjecttypeid"));
CREATE INDEX "idx_mxmodelreflection$mxobjectreference_mxobjecttype_child_mxmodelreflection$mxobjecttype_mxmodelreflection$mxobjectreference" ON "mxmodelreflection$mxobjectreference_mxobjecttype_child" ("mxmodelreflection$mxobjecttypeid","mxmodelreflection$mxobjectreferenceid");
INSERT INTO "mendixsystem$association" ("id", 
"association_name", 
"table_name", 
"parent_entity_id", 
"child_entity_id", 
"parent_column_name", 
"child_column_name", 
"index_name")
 VALUES ('5c93f212-291c-4520-9dc3-6730ddacca93', 
'MxModelReflection.MxObjectReference_MxObjectType_Child', 
'mxmodelreflection$mxobjectreference_mxobjecttype_child', 
'4015dced-50bc-4bc7-aa32-9c1d61572811', 
'1e645d01-7350-4c63-b9dd-1f07a76c2141', 
'mxmodelreflection$mxobjectreferenceid', 
'mxmodelreflection$mxobjecttypeid', 
'idx_mxmodelreflection$mxobjectreference_mxobjecttype_child_mxmodelreflection$mxobjecttype_mxmodelreflection$mxobjectreference');
CREATE TABLE "mxmodelreflection$mxobjectreference_mxobjecttype_parent" (
	"mxmodelreflection$mxobjectreferenceid" BIGINT NOT NULL,
	"mxmodelreflection$mxobjecttypeid" BIGINT NOT NULL,
	PRIMARY KEY("mxmodelreflection$mxobjectreferenceid","mxmodelreflection$mxobjecttypeid"));
CREATE INDEX "idx_mxmodelreflection$mxobjectreference_mxobjecttype_parent_mxmodelreflection$mxobjecttype_mxmodelreflection$mxobjectreference" ON "mxmodelreflection$mxobjectreference_mxobjecttype_parent" ("mxmodelreflection$mxobjecttypeid","mxmodelreflection$mxobjectreferenceid");
INSERT INTO "mendixsystem$association" ("id", 
"association_name", 
"table_name", 
"parent_entity_id", 
"child_entity_id", 
"parent_column_name", 
"child_column_name", 
"index_name")
 VALUES ('ad70bbf2-c23d-4fa2-bd28-28028ada8718', 
'MxModelReflection.MxObjectReference_MxObjectType_Parent', 
'mxmodelreflection$mxobjectreference_mxobjecttype_parent', 
'4015dced-50bc-4bc7-aa32-9c1d61572811', 
'1e645d01-7350-4c63-b9dd-1f07a76c2141', 
'mxmodelreflection$mxobjectreferenceid', 
'mxmodelreflection$mxobjecttypeid', 
'idx_mxmodelreflection$mxobjectreference_mxobjecttype_parent_mxmodelreflection$mxobjecttype_mxmodelreflection$mxobjectreference');
CREATE TABLE "xlsreport$mxrowsettings" (
	"id" BIGINT NOT NULL,
	"rowheight" INT NULL,
	"changeddate" TIMESTAMP NULL,
	"createddate" TIMESTAMP NULL,
	"rowindex" INT NULL,
	"defaultheight" BOOLEAN NULL,
	"system$owner" BIGINT NULL,
	"system$changedby" BIGINT NULL,
	PRIMARY KEY("id"));
CREATE INDEX "idx_xlsreport$mxrowsettings_system$owner" ON "xlsreport$mxrowsettings" ("system$owner","id");
CREATE INDEX "idx_xlsreport$mxrowsettings_system$changedby" ON "xlsreport$mxrowsettings" ("system$changedby","id");
INSERT INTO "mendixsystem$entity" ("id", 
"entity_name", 
"table_name")
 VALUES ('710ae9a7-8639-432b-bb09-d67872ed4fb9', 
'XLSReport.MxRowSettings', 
'xlsreport$mxrowsettings');
INSERT INTO "mendixsystem$attribute" ("id", 
"entity_id", 
"attribute_name", 
"column_name", 
"type", 
"length", 
"default_value", 
"is_auto_number")
 VALUES ('bb5b706d-1488-4ff8-b184-b6904addf4d5', 
'710ae9a7-8639-432b-bb09-d67872ed4fb9', 
'RowHeight', 
'rowheight', 
3, 
0, 
'0', 
false);
INSERT INTO "mendixsystem$attribute" ("id", 
"entity_id", 
"attribute_name", 
"column_name", 
"type", 
"length", 
"default_value", 
"is_auto_number")
 VALUES ('7f284df7-af02-3120-93da-a6a118759e08', 
'710ae9a7-8639-432b-bb09-d67872ed4fb9', 
'changedDate', 
'changeddate', 
20, 
0, 
'', 
false);
INSERT INTO "mendixsystem$attribute" ("id", 
"entity_id", 
"attribute_name", 
"column_name", 
"type", 
"length", 
"default_value", 
"is_auto_number")
 VALUES ('6146190f-9149-3ce4-8cda-1a4fde376b08', 
'710ae9a7-8639-432b-bb09-d67872ed4fb9', 
'createdDate', 
'createddate', 
20, 
0, 
'', 
false);
INSERT INTO "mendixsystem$attribute" ("id", 
"entity_id", 
"attribute_name", 
"column_name", 
"type", 
"length", 
"default_value", 
"is_auto_number")
 VALUES ('07aa09bb-9d5c-4b31-b7dd-42055538cee3', 
'710ae9a7-8639-432b-bb09-d67872ed4fb9', 
'RowIndex', 
'rowindex', 
3, 
0, 
'0', 
false);
INSERT INTO "mendixsystem$attribute" ("id", 
"entity_id", 
"attribute_name", 
"column_name", 
"type", 
"length", 
"default_value", 
"is_auto_number")
 VALUES ('76bc987d-5dba-4493-bdbe-290a0aba12d9', 
'710ae9a7-8639-432b-bb09-d67872ed4fb9', 
'DefaultHeight', 
'defaultheight', 
10, 
0, 
'false', 
false);
INSERT INTO "mendixsystem$index" ("id", 
"table_id", 
"index_name")
 VALUES ('d6c0efef-a157-370a-a2ff-7ac232cc24b7', 
'710ae9a7-8639-432b-bb09-d67872ed4fb9', 
'idx_xlsreport$mxrowsettings_system$owner');
INSERT INTO "mendixsystem$index_column" ("index_id", 
"column_id", 
"sort_order", 
"ordinal")
 VALUES ('d6c0efef-a157-370a-a2ff-7ac232cc24b7', 
'3e27a32d-eac2-3796-83c8-44bd183dff79', 
false, 
0);
INSERT INTO "mendixsystem$index" ("id", 
"table_id", 
"index_name")
 VALUES ('1de02fcf-60ef-38c0-a4bb-b03905bcb85a', 
'710ae9a7-8639-432b-bb09-d67872ed4fb9', 
'idx_xlsreport$mxrowsettings_system$changedby');
INSERT INTO "mendixsystem$index_column" ("index_id", 
"column_id", 
"sort_order", 
"ordinal")
 VALUES ('1de02fcf-60ef-38c0-a4bb-b03905bcb85a', 
'8ba65e20-a841-3841-8749-d9e77615f0ed', 
false, 
0);
INSERT INTO "mendixsystem$association" ("id", 
"association_name", 
"table_name", 
"parent_entity_id", 
"child_entity_id", 
"parent_column_name", 
"child_column_name")
 VALUES ('3e27a32d-eac2-3796-83c8-44bd183dff79', 
'System.owner', 
'system$owner', 
'710ae9a7-8639-432b-bb09-d67872ed4fb9', 
'282e2e60-88a5-469d-84a5-ba8d9151644f', 
'id', 
'system$owner');
INSERT INTO "mendixsystem$association" ("id", 
"association_name", 
"table_name", 
"parent_entity_id", 
"child_entity_id", 
"parent_column_name", 
"child_column_name")
 VALUES ('8ba65e20-a841-3841-8749-d9e77615f0ed', 
'System.changedBy', 
'system$changedby', 
'710ae9a7-8639-432b-bb09-d67872ed4fb9', 
'282e2e60-88a5-469d-84a5-ba8d9151644f', 
'id', 
'system$changedby');
CREATE TABLE "xlsreport$mxrowsettings_mxsheet" (
	"xlsreport$mxrowsettingsid" BIGINT NOT NULL,
	"xlsreport$mxsheetid" BIGINT NOT NULL,
	PRIMARY KEY("xlsreport$mxrowsettingsid","xlsreport$mxsheetid"));
CREATE INDEX "idx_xlsreport$mxrowsettings_mxsheet_xlsreport$mxsheet_xlsreport$mxrowsettings" ON "xlsreport$mxrowsettings_mxsheet" ("xlsreport$mxsheetid","xlsreport$mxrowsettingsid");
INSERT INTO "mendixsystem$association" ("id", 
"association_name", 
"table_name", 
"parent_entity_id", 
"child_entity_id", 
"parent_column_name", 
"child_column_name", 
"index_name")
 VALUES ('8bd0793b-b8ad-4513-978e-eea9ac9d9309', 
'XLSReport.MxRowSettings_MxSheet', 
'xlsreport$mxrowsettings_mxsheet', 
'710ae9a7-8639-432b-bb09-d67872ed4fb9', 
'e4ce1728-4549-4a71-ae26-2060751cd4e0', 
'xlsreport$mxrowsettingsid', 
'xlsreport$mxsheetid', 
'idx_xlsreport$mxrowsettings_mxsheet_xlsreport$mxsheet_xlsreport$mxrowsettings');
CREATE TABLE "mxmodelreflection$valuetype" (
	"id" BIGINT NOT NULL,
	"changeddate" TIMESTAMP NULL,
	"createddate" TIMESTAMP NULL,
	"typeenum" VARCHAR_IGNORECASE(11) NULL,
	"name" VARCHAR_IGNORECASE(200) NULL,
	"system$changedby" BIGINT NULL,
	"system$owner" BIGINT NULL,
	PRIMARY KEY("id"));
CREATE INDEX "idx_mxmodelreflection$valuetype_system$changedby" ON "mxmodelreflection$valuetype" ("system$changedby","id");
CREATE INDEX "idx_mxmodelreflection$valuetype_system$owner" ON "mxmodelreflection$valuetype" ("system$owner","id");
INSERT INTO "mendixsystem$entity" ("id", 
"entity_name", 
"table_name")
 VALUES ('9ba2582b-468c-46a7-8e47-ba2f4973991f', 
'MxModelReflection.ValueType', 
'mxmodelreflection$valuetype');
INSERT INTO "mendixsystem$attribute" ("id", 
"entity_id", 
"attribute_name", 
"column_name", 
"type", 
"length", 
"default_value", 
"is_auto_number")
 VALUES ('06220f17-fe97-3c19-a7bb-a750d6fc9942', 
'9ba2582b-468c-46a7-8e47-ba2f4973991f', 
'changedDate', 
'changeddate', 
20, 
0, 
'', 
false);
INSERT INTO "mendixsystem$attribute" ("id", 
"entity_id", 
"attribute_name", 
"column_name", 
"type", 
"length", 
"default_value", 
"is_auto_number")
 VALUES ('9dfe1bc3-cc2b-3edd-840f-a897a743164f', 
'9ba2582b-468c-46a7-8e47-ba2f4973991f', 
'createdDate', 
'createddate', 
20, 
0, 
'', 
false);
INSERT INTO "mendixsystem$attribute" ("id", 
"entity_id", 
"attribute_name", 
"column_name", 
"type", 
"length", 
"default_value", 
"is_auto_number")
 VALUES ('1e52b991-8cbb-4559-9cd2-f28a2e2d2d8f', 
'9ba2582b-468c-46a7-8e47-ba2f4973991f', 
'TypeEnum', 
'typeenum', 
40, 
11, 
'', 
false);
INSERT INTO "mendixsystem$attribute" ("id", 
"entity_id", 
"attribute_name", 
"column_name", 
"type", 
"length", 
"default_value", 
"is_auto_number")
 VALUES ('dc139f80-38b0-4799-b863-b3fcefabb592', 
'9ba2582b-468c-46a7-8e47-ba2f4973991f', 
'Name', 
'name', 
30, 
200, 
'', 
false);
INSERT INTO "mendixsystem$index" ("id", 
"table_id", 
"index_name")
 VALUES ('b600c719-13e9-3f5d-a18e-8956192f6deb', 
'9ba2582b-468c-46a7-8e47-ba2f4973991f', 
'idx_mxmodelreflection$valuetype_system$changedby');
INSERT INTO "mendixsystem$index_column" ("index_id", 
"column_id", 
"sort_order", 
"ordinal")
 VALUES ('b600c719-13e9-3f5d-a18e-8956192f6deb', 
'b7a05692-128e-39d5-b6da-a89a6c19cd9c', 
false, 
0);
INSERT INTO "mendixsystem$index" ("id", 
"table_id", 
"index_name")
 VALUES ('306f8203-70ff-31eb-a2c7-1d1831712170', 
'9ba2582b-468c-46a7-8e47-ba2f4973991f', 
'idx_mxmodelreflection$valuetype_system$owner');
INSERT INTO "mendixsystem$index_column" ("index_id", 
"column_id", 
"sort_order", 
"ordinal")
 VALUES ('306f8203-70ff-31eb-a2c7-1d1831712170', 
'1cdaa8a7-d19b-3dee-b90f-2b93fc7ca090', 
false, 
0);
INSERT INTO "mendixsystem$association" ("id", 
"association_name", 
"table_name", 
"parent_entity_id", 
"child_entity_id", 
"parent_column_name", 
"child_column_name")
 VALUES ('b7a05692-128e-39d5-b6da-a89a6c19cd9c', 
'System.changedBy', 
'system$changedby', 
'9ba2582b-468c-46a7-8e47-ba2f4973991f', 
'282e2e60-88a5-469d-84a5-ba8d9151644f', 
'id', 
'system$changedby');
INSERT INTO "mendixsystem$association" ("id", 
"association_name", 
"table_name", 
"parent_entity_id", 
"child_entity_id", 
"parent_column_name", 
"child_column_name")
 VALUES ('1cdaa8a7-d19b-3dee-b90f-2b93fc7ca090', 
'System.owner', 
'system$owner', 
'9ba2582b-468c-46a7-8e47-ba2f4973991f', 
'282e2e60-88a5-469d-84a5-ba8d9151644f', 
'id', 
'system$owner');
CREATE TABLE "mxmodelreflection$valuetype_mxobjecttype" (
	"mxmodelreflection$valuetypeid" BIGINT NOT NULL,
	"mxmodelreflection$mxobjecttypeid" BIGINT NOT NULL,
	PRIMARY KEY("mxmodelreflection$valuetypeid","mxmodelreflection$mxobjecttypeid"));
CREATE INDEX "idx_mxmodelreflection$valuetype_mxobjecttype_mxmodelreflection$mxobjecttype_mxmodelreflection$valuetype" ON "mxmodelreflection$valuetype_mxobjecttype" ("mxmodelreflection$mxobjecttypeid","mxmodelreflection$valuetypeid");
INSERT INTO "mendixsystem$association" ("id", 
"association_name", 
"table_name", 
"parent_entity_id", 
"child_entity_id", 
"parent_column_name", 
"child_column_name", 
"index_name")
 VALUES ('7818ee70-25dc-490b-8d8e-64e9603b254b', 
'MxModelReflection.ValueType_MxObjectType', 
'mxmodelreflection$valuetype_mxobjecttype', 
'9ba2582b-468c-46a7-8e47-ba2f4973991f', 
'1e645d01-7350-4c63-b9dd-1f07a76c2141', 
'mxmodelreflection$valuetypeid', 
'mxmodelreflection$mxobjecttypeid', 
'idx_mxmodelreflection$valuetype_mxobjecttype_mxmodelreflection$mxobjecttype_mxmodelreflection$valuetype');
CREATE TABLE "xlsreport$mxtemplate" (
	"id" BIGINT NOT NULL,
	"changeddate" TIMESTAMP NULL,
	"description" VARCHAR_IGNORECASE(2147483647) NULL,
	"createddate" TIMESTAMP NULL,
	"csvseparator" VARCHAR_IGNORECASE(9) NULL,
	"datetimepresentation" VARCHAR_IGNORECASE(12) NULL,
	"documenttype" VARCHAR_IGNORECASE(4) NULL,
	"customedateformat" VARCHAR_IGNORECASE(200) NULL,
	"templateid" BIGINT NULL,
	"name" VARCHAR_IGNORECASE(200) NULL,
	"system$changedby" BIGINT NULL,
	"system$owner" BIGINT NULL,
	PRIMARY KEY("id"));
CREATE SEQUENCE "xlsreport$mxtemplate_templateid_mxseq" AS BIGINT START WITH 1;
CREATE INDEX "idx_xlsreport$mxtemplate_system$changedby" ON "xlsreport$mxtemplate" ("system$changedby","id");
CREATE INDEX "idx_xlsreport$mxtemplate_system$owner" ON "xlsreport$mxtemplate" ("system$owner","id");
INSERT INTO "mendixsystem$entity" ("id", 
"entity_name", 
"table_name")
 VALUES ('2987244c-14ff-4748-9bdc-3919054a7759', 
'XLSReport.MxTemplate', 
'xlsreport$mxtemplate');
INSERT INTO "mendixsystem$attribute" ("id", 
"entity_id", 
"attribute_name", 
"column_name", 
"type", 
"length", 
"default_value", 
"is_auto_number")
 VALUES ('467809c7-df98-3b56-b03f-d3ad1f2dbad8', 
'2987244c-14ff-4748-9bdc-3919054a7759', 
'changedDate', 
'changeddate', 
20, 
0, 
'', 
false);
INSERT INTO "mendixsystem$attribute" ("id", 
"entity_id", 
"attribute_name", 
"column_name", 
"type", 
"length", 
"default_value", 
"is_auto_number")
 VALUES ('1e91ec06-5732-4a72-a886-5a670f4a5392', 
'2987244c-14ff-4748-9bdc-3919054a7759', 
'Description', 
'description', 
30, 
0, 
'', 
false);
INSERT INTO "mendixsystem$attribute" ("id", 
"entity_id", 
"attribute_name", 
"column_name", 
"type", 
"length", 
"default_value", 
"is_auto_number")
 VALUES ('f71a6571-731c-375d-9617-289b3af201a1', 
'2987244c-14ff-4748-9bdc-3919054a7759', 
'createdDate', 
'createddate', 
20, 
0, 
'', 
false);
INSERT INTO "mendixsystem$attribute" ("id", 
"entity_id", 
"attribute_name", 
"column_name", 
"type", 
"length", 
"default_value", 
"is_auto_number")
 VALUES ('811f3e54-83ed-48c6-81ae-a6054f6da9c4', 
'2987244c-14ff-4748-9bdc-3919054a7759', 
'CSVSeparator', 
'csvseparator', 
40, 
9, 
'', 
false);
INSERT INTO "mendixsystem$attribute" ("id", 
"entity_id", 
"attribute_name", 
"column_name", 
"type", 
"length", 
"default_value", 
"is_auto_number")
 VALUES ('4085a910-5387-489a-9845-63af0802e259', 
'2987244c-14ff-4748-9bdc-3919054a7759', 
'DateTimePresentation', 
'datetimepresentation', 
40, 
12, 
'', 
false);
INSERT INTO "mendixsystem$attribute" ("id", 
"entity_id", 
"attribute_name", 
"column_name", 
"type", 
"length", 
"default_value", 
"is_auto_number")
 VALUES ('41321848-62d6-4fd2-bb88-165ee436365d', 
'2987244c-14ff-4748-9bdc-3919054a7759', 
'DocumentType', 
'documenttype', 
40, 
4, 
'XLS', 
false);
INSERT INTO "mendixsystem$attribute" ("id", 
"entity_id", 
"attribute_name", 
"column_name", 
"type", 
"length", 
"default_value", 
"is_auto_number")
 VALUES ('500cbbf3-2539-4939-b8ed-0287bd450b1f', 
'2987244c-14ff-4748-9bdc-3919054a7759', 
'CustomeDateFormat', 
'customedateformat', 
30, 
200, 
'', 
false);
INSERT INTO "mendixsystem$attribute" ("id", 
"entity_id", 
"attribute_name", 
"column_name", 
"type", 
"length", 
"default_value", 
"is_auto_number")
 VALUES ('03ee1628-0ad4-4782-96c9-eea0f70071f8', 
'2987244c-14ff-4748-9bdc-3919054a7759', 
'TemplateID', 
'templateid', 
0, 
0, 
'1', 
true);
INSERT INTO "mendixsystem$sequence" ("attribute_id", 
"name", 
"start_value", 
"current_value")
 VALUES ('03ee1628-0ad4-4782-96c9-eea0f70071f8', 
'xlsreport$mxtemplate_templateid_mxseq', 
1, 
0);
INSERT INTO "mendixsystem$attribute" ("id", 
"entity_id", 
"attribute_name", 
"column_name", 
"type", 
"length", 
"default_value", 
"is_auto_number")
 VALUES ('3522b9eb-6be3-4b6d-8892-68593d88ca95', 
'2987244c-14ff-4748-9bdc-3919054a7759', 
'Name', 
'name', 
30, 
200, 
'', 
false);
INSERT INTO "mendixsystem$index" ("id", 
"table_id", 
"index_name")
 VALUES ('99b7df81-3f4f-3975-831f-ac7d5b229fa2', 
'2987244c-14ff-4748-9bdc-3919054a7759', 
'idx_xlsreport$mxtemplate_system$changedby');
INSERT INTO "mendixsystem$index_column" ("index_id", 
"column_id", 
"sort_order", 
"ordinal")
 VALUES ('99b7df81-3f4f-3975-831f-ac7d5b229fa2', 
'bb91a60a-1ab4-3da4-889e-8b5440fb78b2', 
false, 
0);
INSERT INTO "mendixsystem$index" ("id", 
"table_id", 
"index_name")
 VALUES ('c0bc73de-210f-3275-8477-863fc8e402ac', 
'2987244c-14ff-4748-9bdc-3919054a7759', 
'idx_xlsreport$mxtemplate_system$owner');
INSERT INTO "mendixsystem$index_column" ("index_id", 
"column_id", 
"sort_order", 
"ordinal")
 VALUES ('c0bc73de-210f-3275-8477-863fc8e402ac', 
'3951565a-29a8-3fe6-8861-9f6867f2241d', 
false, 
0);
INSERT INTO "mendixsystem$association" ("id", 
"association_name", 
"table_name", 
"parent_entity_id", 
"child_entity_id", 
"parent_column_name", 
"child_column_name")
 VALUES ('bb91a60a-1ab4-3da4-889e-8b5440fb78b2', 
'System.changedBy', 
'system$changedby', 
'2987244c-14ff-4748-9bdc-3919054a7759', 
'282e2e60-88a5-469d-84a5-ba8d9151644f', 
'id', 
'system$changedby');
INSERT INTO "mendixsystem$association" ("id", 
"association_name", 
"table_name", 
"parent_entity_id", 
"child_entity_id", 
"parent_column_name", 
"child_column_name")
 VALUES ('3951565a-29a8-3fe6-8861-9f6867f2241d', 
'System.owner', 
'system$owner', 
'2987244c-14ff-4748-9bdc-3919054a7759', 
'282e2e60-88a5-469d-84a5-ba8d9151644f', 
'id', 
'system$owner');
CREATE TABLE "xlsreport$mxtemplate_inputobject" (
	"xlsreport$mxtemplateid" BIGINT NOT NULL,
	"mxmodelreflection$mxobjecttypeid" BIGINT NOT NULL,
	PRIMARY KEY("xlsreport$mxtemplateid","mxmodelreflection$mxobjecttypeid"));
CREATE INDEX "idx_xlsreport$mxtemplate_inputobject_mxmodelreflection$mxobjecttype_xlsreport$mxtemplate" ON "xlsreport$mxtemplate_inputobject" ("mxmodelreflection$mxobjecttypeid","xlsreport$mxtemplateid");
INSERT INTO "mendixsystem$association" ("id", 
"association_name", 
"table_name", 
"parent_entity_id", 
"child_entity_id", 
"parent_column_name", 
"child_column_name", 
"index_name")
 VALUES ('81f102e1-e4d5-4475-941a-4ce308052c66', 
'XLSReport.MxTemplate_InputObject', 
'xlsreport$mxtemplate_inputobject', 
'2987244c-14ff-4748-9bdc-3919054a7759', 
'1e645d01-7350-4c63-b9dd-1f07a76c2141', 
'xlsreport$mxtemplateid', 
'mxmodelreflection$mxobjecttypeid', 
'idx_xlsreport$mxtemplate_inputobject_mxmodelreflection$mxobjecttype_xlsreport$mxtemplate');
CREATE TABLE "xlsreport$mxtemplate_customexcel" (
	"xlsreport$mxtemplateid" BIGINT NOT NULL,
	"xlsreport$customexcelid" BIGINT NOT NULL,
	PRIMARY KEY("xlsreport$mxtemplateid","xlsreport$customexcelid"));
CREATE INDEX "idx_xlsreport$mxtemplate_customexcel_xlsreport$customexcel_xlsreport$mxtemplate" ON "xlsreport$mxtemplate_customexcel" ("xlsreport$customexcelid","xlsreport$mxtemplateid");
INSERT INTO "mendixsystem$association" ("id", 
"association_name", 
"table_name", 
"parent_entity_id", 
"child_entity_id", 
"parent_column_name", 
"child_column_name", 
"index_name")
 VALUES ('a17484f5-b6ee-4125-9ad4-67602dd691ed', 
'XLSReport.MxTemplate_CustomExcel', 
'xlsreport$mxtemplate_customexcel', 
'2987244c-14ff-4748-9bdc-3919054a7759', 
'24ba51a7-f124-4ac5-acd5-cc3619ded8d3', 
'xlsreport$mxtemplateid', 
'xlsreport$customexcelid', 
'idx_xlsreport$mxtemplate_customexcel_xlsreport$customexcel_xlsreport$mxtemplate');
CREATE TABLE "xlsreport$mxxpath" (
	"id" BIGINT NOT NULL,
	"retrievetype" VARCHAR_IGNORECASE(9) NULL,
	"subvisible" BOOLEAN NULL,
	PRIMARY KEY("id"));
INSERT INTO "mendixsystem$entity" ("id", 
"entity_name", 
"table_name")
 VALUES ('2c98505e-ffcc-4ce4-bf3f-19edfaf9112c', 
'XLSReport.MxXPath', 
'xlsreport$mxxpath');
INSERT INTO "mendixsystem$attribute" ("id", 
"entity_id", 
"attribute_name", 
"column_name", 
"type", 
"length", 
"default_value", 
"is_auto_number")
 VALUES ('0a51be2b-2147-4ffb-8cd3-f4e249e582c3', 
'2c98505e-ffcc-4ce4-bf3f-19edfaf9112c', 
'RetrieveType', 
'retrievetype', 
40, 
9, 
'', 
false);
INSERT INTO "mendixsystem$attribute" ("id", 
"entity_id", 
"attribute_name", 
"column_name", 
"type", 
"length", 
"default_value", 
"is_auto_number")
 VALUES ('b95c8451-9183-4f6c-a35f-cb3cf7bf1da9', 
'2c98505e-ffcc-4ce4-bf3f-19edfaf9112c', 
'SubVisible', 
'subvisible', 
10, 
0, 
'false', 
false);
CREATE TABLE "xlsreport$mxxpath_parentmxxpath" (
	"xlsreport$mxxpathid1" BIGINT NOT NULL,
	"xlsreport$mxxpathid2" BIGINT NOT NULL,
	PRIMARY KEY("xlsreport$mxxpathid1","xlsreport$mxxpathid2"));
CREATE INDEX "idx_xlsreport$mxxpath_parentmxxpath_xlsreport$mxxpath_xlsreport$mxxpath" ON "xlsreport$mxxpath_parentmxxpath" ("xlsreport$mxxpathid2","xlsreport$mxxpathid1");
INSERT INTO "mendixsystem$association" ("id", 
"association_name", 
"table_name", 
"parent_entity_id", 
"child_entity_id", 
"parent_column_name", 
"child_column_name", 
"index_name")
 VALUES ('e1e53969-6ccd-4cca-b3f0-c534d263b3db', 
'XLSReport.MxXPath_ParentMxXPath', 
'xlsreport$mxxpath_parentmxxpath', 
'2c98505e-ffcc-4ce4-bf3f-19edfaf9112c', 
'2c98505e-ffcc-4ce4-bf3f-19edfaf9112c', 
'xlsreport$mxxpathid1', 
'xlsreport$mxxpathid2', 
'idx_xlsreport$mxxpath_parentmxxpath_xlsreport$mxxpath_xlsreport$mxxpath');
CREATE TABLE "xlsreport$mxxpath_mxobjectmember" (
	"xlsreport$mxxpathid" BIGINT NOT NULL,
	"mxmodelreflection$mxobjectmemberid" BIGINT NOT NULL,
	PRIMARY KEY("xlsreport$mxxpathid","mxmodelreflection$mxobjectmemberid"));
CREATE INDEX "idx_xlsreport$mxxpath_mxobjectmember_mxmodelreflection$mxobjectmember_xlsreport$mxxpath" ON "xlsreport$mxxpath_mxobjectmember" ("mxmodelreflection$mxobjectmemberid","xlsreport$mxxpathid");
INSERT INTO "mendixsystem$association" ("id", 
"association_name", 
"table_name", 
"parent_entity_id", 
"child_entity_id", 
"parent_column_name", 
"child_column_name", 
"index_name")
 VALUES ('897f7434-e0b2-4dc2-8466-11e570cb1912', 
'XLSReport.MxXPath_MxObjectMember', 
'xlsreport$mxxpath_mxobjectmember', 
'2c98505e-ffcc-4ce4-bf3f-19edfaf9112c', 
'b5938bec-4353-494c-a0ac-addc8d04cc3e', 
'xlsreport$mxxpathid', 
'mxmodelreflection$mxobjectmemberid', 
'idx_xlsreport$mxxpath_mxobjectmember_mxmodelreflection$mxobjectmember_xlsreport$mxxpath');
CREATE TABLE "xlsreport$mxxpath_mxobjectreference" (
	"xlsreport$mxxpathid" BIGINT NOT NULL,
	"mxmodelreflection$mxobjectreferenceid" BIGINT NOT NULL,
	PRIMARY KEY("xlsreport$mxxpathid","mxmodelreflection$mxobjectreferenceid"));
CREATE INDEX "idx_xlsreport$mxxpath_mxobjectreference_mxmodelreflection$mxobjectreference_xlsreport$mxxpath" ON "xlsreport$mxxpath_mxobjectreference" ("mxmodelreflection$mxobjectreferenceid","xlsreport$mxxpathid");
INSERT INTO "mendixsystem$association" ("id", 
"association_name", 
"table_name", 
"parent_entity_id", 
"child_entity_id", 
"parent_column_name", 
"child_column_name", 
"index_name")
 VALUES ('0cc5b51b-4e98-4d79-abef-16a0bd92c8f3', 
'XLSReport.MxXPath_MxObjectReference', 
'xlsreport$mxxpath_mxobjectreference', 
'2c98505e-ffcc-4ce4-bf3f-19edfaf9112c', 
'4015dced-50bc-4bc7-aa32-9c1d61572811', 
'xlsreport$mxxpathid', 
'mxmodelreflection$mxobjectreferenceid', 
'idx_xlsreport$mxxpath_mxobjectreference_mxmodelreflection$mxobjectreference_xlsreport$mxxpath');
CREATE TABLE "xlsreport$childmxxpath_mxxpath" (
	"xlsreport$mxxpathid1" BIGINT NOT NULL,
	"xlsreport$mxxpathid2" BIGINT NOT NULL,
	PRIMARY KEY("xlsreport$mxxpathid1","xlsreport$mxxpathid2"));
CREATE INDEX "idx_xlsreport$childmxxpath_mxxpath_xlsreport$mxxpath_xlsreport$mxxpath" ON "xlsreport$childmxxpath_mxxpath" ("xlsreport$mxxpathid2","xlsreport$mxxpathid1");
INSERT INTO "mendixsystem$association" ("id", 
"association_name", 
"table_name", 
"parent_entity_id", 
"child_entity_id", 
"parent_column_name", 
"child_column_name", 
"index_name")
 VALUES ('102dba37-059f-496b-a172-cd538e3e3050', 
'XLSReport.ChildMxXPath_MxXPath', 
'xlsreport$childmxxpath_mxxpath', 
'2c98505e-ffcc-4ce4-bf3f-19edfaf9112c', 
'2c98505e-ffcc-4ce4-bf3f-19edfaf9112c', 
'xlsreport$mxxpathid1', 
'xlsreport$mxxpathid2', 
'idx_xlsreport$childmxxpath_mxxpath_xlsreport$mxxpath_xlsreport$mxxpath');
CREATE TABLE "xlsreport$mxxpath_mxdata" (
	"xlsreport$mxxpathid" BIGINT NOT NULL,
	"xlsreport$mxdataid" BIGINT NOT NULL,
	PRIMARY KEY("xlsreport$mxxpathid","xlsreport$mxdataid"));
CREATE INDEX "idx_xlsreport$mxxpath_mxdata_xlsreport$mxdata_xlsreport$mxxpath" ON "xlsreport$mxxpath_mxdata" ("xlsreport$mxdataid","xlsreport$mxxpathid");
INSERT INTO "mendixsystem$association" ("id", 
"association_name", 
"table_name", 
"parent_entity_id", 
"child_entity_id", 
"parent_column_name", 
"child_column_name", 
"index_name")
 VALUES ('241b8c6d-d152-49b8-97b8-27a68b7797df', 
'XLSReport.MxXPath_MxData', 
'xlsreport$mxxpath_mxdata', 
'2c98505e-ffcc-4ce4-bf3f-19edfaf9112c', 
'740417d5-09ca-41da-8cff-24b02895959b', 
'xlsreport$mxxpathid', 
'xlsreport$mxdataid', 
'idx_xlsreport$mxxpath_mxdata_xlsreport$mxdata_xlsreport$mxxpath');
CREATE TABLE "xlsreport$mxxpath_mxobjecttype" (
	"xlsreport$mxxpathid" BIGINT NOT NULL,
	"mxmodelreflection$mxobjecttypeid" BIGINT NOT NULL,
	PRIMARY KEY("xlsreport$mxxpathid","mxmodelreflection$mxobjecttypeid"));
CREATE INDEX "idx_xlsreport$mxxpath_mxobjecttype_mxmodelreflection$mxobjecttype_xlsreport$mxxpath" ON "xlsreport$mxxpath_mxobjecttype" ("mxmodelreflection$mxobjecttypeid","xlsreport$mxxpathid");
INSERT INTO "mendixsystem$association" ("id", 
"association_name", 
"table_name", 
"parent_entity_id", 
"child_entity_id", 
"parent_column_name", 
"child_column_name", 
"index_name")
 VALUES ('19e5a234-ffff-4939-8977-c74a0ed3d327', 
'XLSReport.MxXPath_MxObjectType', 
'xlsreport$mxxpath_mxobjecttype', 
'2c98505e-ffcc-4ce4-bf3f-19edfaf9112c', 
'1e645d01-7350-4c63-b9dd-1f07a76c2141', 
'xlsreport$mxxpathid', 
'mxmodelreflection$mxobjecttypeid', 
'idx_xlsreport$mxxpath_mxobjecttype_mxmodelreflection$mxobjecttype_xlsreport$mxxpath');
CREATE TABLE "myfirstmodule$template_report" (
	"myfirstmodule$templateid" BIGINT NOT NULL,
	"myfirstmodule$reportid" BIGINT NOT NULL,
	PRIMARY KEY("myfirstmodule$templateid","myfirstmodule$reportid"));
CREATE INDEX "idx_myfirstmodule$template_report_myfirstmodule$report_myfirstmodule$template" ON "myfirstmodule$template_report" ("myfirstmodule$reportid","myfirstmodule$templateid");
INSERT INTO "mendixsystem$association" ("id", 
"association_name", 
"table_name", 
"parent_entity_id", 
"child_entity_id", 
"parent_column_name", 
"child_column_name", 
"index_name")
 VALUES ('b763d62f-4723-4f71-9839-1dd4c53c088a', 
'MyFirstModule.Template_Report', 
'myfirstmodule$template_report', 
'22700ff9-bfa8-4218-bc49-a53939fcbec0', 
'87b660a3-c57b-4550-9ea6-c12fe2272b99', 
'myfirstmodule$templateid', 
'myfirstmodule$reportid', 
'idx_myfirstmodule$template_report_myfirstmodule$report_myfirstmodule$template');
CREATE TABLE "mxmodelreflection$microflows" (
	"id" BIGINT NOT NULL,
	"changeddate" TIMESTAMP NULL,
	"createddate" TIMESTAMP NULL,
	"module" VARCHAR_IGNORECASE(200) NULL,
	"completename" VARCHAR_IGNORECASE(200) NULL,
	"name" VARCHAR_IGNORECASE(200) NULL,
	"system$changedby" BIGINT NULL,
	"system$owner" BIGINT NULL,
	PRIMARY KEY("id"));
CREATE INDEX "idx_mxmodelreflection$microflows_system$changedby" ON "mxmodelreflection$microflows" ("system$changedby","id");
CREATE INDEX "idx_mxmodelreflection$microflows_system$owner" ON "mxmodelreflection$microflows" ("system$owner","id");
INSERT INTO "mendixsystem$entity" ("id", 
"entity_name", 
"table_name")
 VALUES ('894bdb0b-af1d-4330-83ad-6fc2d985ed39', 
'MxModelReflection.Microflows', 
'mxmodelreflection$microflows');
INSERT INTO "mendixsystem$attribute" ("id", 
"entity_id", 
"attribute_name", 
"column_name", 
"type", 
"length", 
"default_value", 
"is_auto_number")
 VALUES ('1455ee8e-62f3-3630-a3a9-9cf914a1f14a', 
'894bdb0b-af1d-4330-83ad-6fc2d985ed39', 
'changedDate', 
'changeddate', 
20, 
0, 
'', 
false);
INSERT INTO "mendixsystem$attribute" ("id", 
"entity_id", 
"attribute_name", 
"column_name", 
"type", 
"length", 
"default_value", 
"is_auto_number")
 VALUES ('dc5684ad-0886-363f-9c2e-ca80274bc759', 
'894bdb0b-af1d-4330-83ad-6fc2d985ed39', 
'createdDate', 
'createddate', 
20, 
0, 
'', 
false);
INSERT INTO "mendixsystem$attribute" ("id", 
"entity_id", 
"attribute_name", 
"column_name", 
"type", 
"length", 
"default_value", 
"is_auto_number")
 VALUES ('57efb7f7-9e94-4b4f-bcda-dea65c85cc33', 
'894bdb0b-af1d-4330-83ad-6fc2d985ed39', 
'Module', 
'module', 
30, 
200, 
'', 
false);
INSERT INTO "mendixsystem$attribute" ("id", 
"entity_id", 
"attribute_name", 
"column_name", 
"type", 
"length", 
"default_value", 
"is_auto_number")
 VALUES ('187a0e79-cbe4-412e-9866-8e309438441b', 
'894bdb0b-af1d-4330-83ad-6fc2d985ed39', 
'CompleteName', 
'completename', 
30, 
200, 
'', 
false);
INSERT INTO "mendixsystem$attribute" ("id", 
"entity_id", 
"attribute_name", 
"column_name", 
"type", 
"length", 
"default_value", 
"is_auto_number")
 VALUES ('10fa964d-7abe-4df6-847b-6ef3ce90fbeb', 
'894bdb0b-af1d-4330-83ad-6fc2d985ed39', 
'Name', 
'name', 
30, 
200, 
'', 
false);
INSERT INTO "mendixsystem$index" ("id", 
"table_id", 
"index_name")
 VALUES ('30f05736-88cf-3d3f-b1f6-308108b99b41', 
'894bdb0b-af1d-4330-83ad-6fc2d985ed39', 
'idx_mxmodelreflection$microflows_system$changedby');
INSERT INTO "mendixsystem$index_column" ("index_id", 
"column_id", 
"sort_order", 
"ordinal")
 VALUES ('30f05736-88cf-3d3f-b1f6-308108b99b41', 
'ff035fd7-b03f-3fc9-b982-52ee74fb463e', 
false, 
0);
INSERT INTO "mendixsystem$index" ("id", 
"table_id", 
"index_name")
 VALUES ('295924c6-6853-32d0-8af9-8bc5bee108a3', 
'894bdb0b-af1d-4330-83ad-6fc2d985ed39', 
'idx_mxmodelreflection$microflows_system$owner');
INSERT INTO "mendixsystem$index_column" ("index_id", 
"column_id", 
"sort_order", 
"ordinal")
 VALUES ('295924c6-6853-32d0-8af9-8bc5bee108a3', 
'a143cf25-e533-3b6c-b161-6167cb4b0c85', 
false, 
0);
INSERT INTO "mendixsystem$association" ("id", 
"association_name", 
"table_name", 
"parent_entity_id", 
"child_entity_id", 
"parent_column_name", 
"child_column_name")
 VALUES ('ff035fd7-b03f-3fc9-b982-52ee74fb463e', 
'System.changedBy', 
'system$changedby', 
'894bdb0b-af1d-4330-83ad-6fc2d985ed39', 
'282e2e60-88a5-469d-84a5-ba8d9151644f', 
'id', 
'system$changedby');
INSERT INTO "mendixsystem$association" ("id", 
"association_name", 
"table_name", 
"parent_entity_id", 
"child_entity_id", 
"parent_column_name", 
"child_column_name")
 VALUES ('a143cf25-e533-3b6c-b161-6167cb4b0c85', 
'System.owner', 
'system$owner', 
'894bdb0b-af1d-4330-83ad-6fc2d985ed39', 
'282e2e60-88a5-469d-84a5-ba8d9151644f', 
'id', 
'system$owner');
CREATE TABLE "mxmodelreflection$microflows_output_type" (
	"mxmodelreflection$microflowsid" BIGINT NOT NULL,
	"mxmodelreflection$valuetypeid" BIGINT NOT NULL,
	PRIMARY KEY("mxmodelreflection$microflowsid","mxmodelreflection$valuetypeid"));
CREATE INDEX "idx_mxmodelreflection$microflows_output_type_mxmodelreflection$valuetype_mxmodelreflection$microflows" ON "mxmodelreflection$microflows_output_type" ("mxmodelreflection$valuetypeid","mxmodelreflection$microflowsid");
INSERT INTO "mendixsystem$association" ("id", 
"association_name", 
"table_name", 
"parent_entity_id", 
"child_entity_id", 
"parent_column_name", 
"child_column_name", 
"index_name")
 VALUES ('14aeb1ba-32cb-4a94-9113-0f96a7eadbdf', 
'MxModelReflection.Microflows_Output_Type', 
'mxmodelreflection$microflows_output_type', 
'894bdb0b-af1d-4330-83ad-6fc2d985ed39', 
'9ba2582b-468c-46a7-8e47-ba2f4973991f', 
'mxmodelreflection$microflowsid', 
'mxmodelreflection$valuetypeid', 
'idx_mxmodelreflection$microflows_output_type_mxmodelreflection$valuetype_mxmodelreflection$microflows');
CREATE TABLE "mxmodelreflection$microflows_module" (
	"mxmodelreflection$microflowsid" BIGINT NOT NULL,
	"mxmodelreflection$moduleid" BIGINT NOT NULL,
	PRIMARY KEY("mxmodelreflection$microflowsid","mxmodelreflection$moduleid"));
CREATE INDEX "idx_mxmodelreflection$microflows_module_mxmodelreflection$module_mxmodelreflection$microflows" ON "mxmodelreflection$microflows_module" ("mxmodelreflection$moduleid","mxmodelreflection$microflowsid");
INSERT INTO "mendixsystem$association" ("id", 
"association_name", 
"table_name", 
"parent_entity_id", 
"child_entity_id", 
"parent_column_name", 
"child_column_name", 
"index_name")
 VALUES ('75a9e152-6572-48bb-9e7f-84524036fe31', 
'MxModelReflection.Microflows_Module', 
'mxmodelreflection$microflows_module', 
'894bdb0b-af1d-4330-83ad-6fc2d985ed39', 
'3879a615-98f7-417e-b7e0-03e3919d5245', 
'mxmodelreflection$microflowsid', 
'mxmodelreflection$moduleid', 
'idx_mxmodelreflection$microflows_module_mxmodelreflection$module_mxmodelreflection$microflows');
CREATE TABLE "mxmodelreflection$microflows_inputparameter" (
	"mxmodelreflection$microflowsid" BIGINT NOT NULL,
	"mxmodelreflection$parameterid" BIGINT NOT NULL,
	PRIMARY KEY("mxmodelreflection$microflowsid","mxmodelreflection$parameterid"));
CREATE INDEX "idx_mxmodelreflection$microflows_inputparameter_mxmodelreflection$parameter_mxmodelreflection$microflows" ON "mxmodelreflection$microflows_inputparameter" ("mxmodelreflection$parameterid","mxmodelreflection$microflowsid");
INSERT INTO "mendixsystem$association" ("id", 
"association_name", 
"table_name", 
"parent_entity_id", 
"child_entity_id", 
"parent_column_name", 
"child_column_name", 
"index_name")
 VALUES ('125d9c9a-7a98-4750-9932-4f7132a059a0', 
'MxModelReflection.Microflows_InputParameter', 
'mxmodelreflection$microflows_inputparameter', 
'894bdb0b-af1d-4330-83ad-6fc2d985ed39', 
'0ab3b41d-45ef-4f8e-ba00-f4d8fe02e2bd', 
'mxmodelreflection$microflowsid', 
'mxmodelreflection$parameterid', 
'idx_mxmodelreflection$microflows_inputparameter_mxmodelreflection$parameter_mxmodelreflection$microflows');
CREATE TABLE "mxmodelreflection$mxobjectenum" (
	"id" BIGINT NOT NULL,
	PRIMARY KEY("id"));
INSERT INTO "mendixsystem$entity" ("id", 
"entity_name", 
"table_name", 
"superentity_id")
 VALUES ('cabcf1b7-a305-4c85-906c-ede4ecbec78d', 
'MxModelReflection.MxObjectEnum', 
'mxmodelreflection$mxobjectenum', 
'b5938bec-4353-494c-a0ac-addc8d04cc3e');
CREATE TABLE "mxmodelreflection$values" (
	"mxmodelreflection$mxobjectenumid" BIGINT NOT NULL,
	"mxmodelreflection$mxobjectenumvalueid" BIGINT NOT NULL,
	PRIMARY KEY("mxmodelreflection$mxobjectenumid","mxmodelreflection$mxobjectenumvalueid"));
CREATE INDEX "idx_mxmodelreflection$values_mxmodelreflection$mxobjectenumvalue_mxmodelreflection$mxobjectenum" ON "mxmodelreflection$values" ("mxmodelreflection$mxobjectenumvalueid","mxmodelreflection$mxobjectenumid");
INSERT INTO "mendixsystem$association" ("id", 
"association_name", 
"table_name", 
"parent_entity_id", 
"child_entity_id", 
"parent_column_name", 
"child_column_name", 
"index_name")
 VALUES ('c8919912-4402-4a29-bc23-62ef90af50f5', 
'MxModelReflection.Values', 
'mxmodelreflection$values', 
'cabcf1b7-a305-4c85-906c-ede4ecbec78d', 
'2c091184-7b87-4039-868f-3c8de15122ae', 
'mxmodelreflection$mxobjectenumid', 
'mxmodelreflection$mxobjectenumvalueid', 
'idx_mxmodelreflection$values_mxmodelreflection$mxobjectenumvalue_mxmodelreflection$mxobjectenum');
CREATE TABLE "mxmodelreflection$mxobjectenumvalue" (
	"id" BIGINT NOT NULL,
	"changeddate" TIMESTAMP NULL,
	"createddate" TIMESTAMP NULL,
	"name" VARCHAR_IGNORECASE(200) NULL,
	"system$owner" BIGINT NULL,
	"system$changedby" BIGINT NULL,
	PRIMARY KEY("id"));
CREATE INDEX "idx_mxmodelreflection$mxobjectenumvalue_system$owner" ON "mxmodelreflection$mxobjectenumvalue" ("system$owner","id");
CREATE INDEX "idx_mxmodelreflection$mxobjectenumvalue_system$changedby" ON "mxmodelreflection$mxobjectenumvalue" ("system$changedby","id");
INSERT INTO "mendixsystem$entity" ("id", 
"entity_name", 
"table_name")
 VALUES ('2c091184-7b87-4039-868f-3c8de15122ae', 
'MxModelReflection.MxObjectEnumValue', 
'mxmodelreflection$mxobjectenumvalue');
INSERT INTO "mendixsystem$attribute" ("id", 
"entity_id", 
"attribute_name", 
"column_name", 
"type", 
"length", 
"default_value", 
"is_auto_number")
 VALUES ('ef11d987-c06f-3567-82d0-20bf6b7fcafb', 
'2c091184-7b87-4039-868f-3c8de15122ae', 
'changedDate', 
'changeddate', 
20, 
0, 
'', 
false);
INSERT INTO "mendixsystem$attribute" ("id", 
"entity_id", 
"attribute_name", 
"column_name", 
"type", 
"length", 
"default_value", 
"is_auto_number")
 VALUES ('67e29842-a44b-35f0-9968-0b1f4dbdd3d0', 
'2c091184-7b87-4039-868f-3c8de15122ae', 
'createdDate', 
'createddate', 
20, 
0, 
'', 
false);
INSERT INTO "mendixsystem$attribute" ("id", 
"entity_id", 
"attribute_name", 
"column_name", 
"type", 
"length", 
"default_value", 
"is_auto_number")
 VALUES ('3efe5a71-d414-4b97-986b-0effa859b3d0', 
'2c091184-7b87-4039-868f-3c8de15122ae', 
'Name', 
'name', 
30, 
200, 
'', 
false);
INSERT INTO "mendixsystem$index" ("id", 
"table_id", 
"index_name")
 VALUES ('c9ca37b7-a87a-37d1-aad6-a61043bdafe4', 
'2c091184-7b87-4039-868f-3c8de15122ae', 
'idx_mxmodelreflection$mxobjectenumvalue_system$owner');
INSERT INTO "mendixsystem$index_column" ("index_id", 
"column_id", 
"sort_order", 
"ordinal")
 VALUES ('c9ca37b7-a87a-37d1-aad6-a61043bdafe4', 
'61ca1b3c-e467-3977-b67b-1c19290fc276', 
false, 
0);
INSERT INTO "mendixsystem$index" ("id", 
"table_id", 
"index_name")
 VALUES ('d7c4fa22-b70a-30e7-bded-869318da143d', 
'2c091184-7b87-4039-868f-3c8de15122ae', 
'idx_mxmodelreflection$mxobjectenumvalue_system$changedby');
INSERT INTO "mendixsystem$index_column" ("index_id", 
"column_id", 
"sort_order", 
"ordinal")
 VALUES ('d7c4fa22-b70a-30e7-bded-869318da143d', 
'19094f35-eb8c-3071-b472-ce42140e86c4', 
false, 
0);
INSERT INTO "mendixsystem$association" ("id", 
"association_name", 
"table_name", 
"parent_entity_id", 
"child_entity_id", 
"parent_column_name", 
"child_column_name")
 VALUES ('61ca1b3c-e467-3977-b67b-1c19290fc276', 
'System.owner', 
'system$owner', 
'2c091184-7b87-4039-868f-3c8de15122ae', 
'282e2e60-88a5-469d-84a5-ba8d9151644f', 
'id', 
'system$owner');
INSERT INTO "mendixsystem$association" ("id", 
"association_name", 
"table_name", 
"parent_entity_id", 
"child_entity_id", 
"parent_column_name", 
"child_column_name")
 VALUES ('19094f35-eb8c-3071-b472-ce42140e86c4', 
'System.changedBy', 
'system$changedby', 
'2c091184-7b87-4039-868f-3c8de15122ae', 
'282e2e60-88a5-469d-84a5-ba8d9151644f', 
'id', 
'system$changedby');
CREATE TABLE "mxmodelreflection$captions" (
	"mxmodelreflection$mxobjectenumvalueid" BIGINT NOT NULL,
	"mxmodelreflection$mxobjectenumcaptionsid" BIGINT NOT NULL,
	PRIMARY KEY("mxmodelreflection$mxobjectenumvalueid","mxmodelreflection$mxobjectenumcaptionsid"));
CREATE INDEX "idx_mxmodelreflection$captions_mxmodelreflection$mxobjectenumcaptions_mxmodelreflection$mxobjectenumvalue" ON "mxmodelreflection$captions" ("mxmodelreflection$mxobjectenumcaptionsid","mxmodelreflection$mxobjectenumvalueid");
INSERT INTO "mendixsystem$association" ("id", 
"association_name", 
"table_name", 
"parent_entity_id", 
"child_entity_id", 
"parent_column_name", 
"child_column_name", 
"index_name")
 VALUES ('590c2a8e-f72b-45ce-ad7e-352845c62416', 
'MxModelReflection.Captions', 
'mxmodelreflection$captions', 
'2c091184-7b87-4039-868f-3c8de15122ae', 
'2ef38221-cfc7-48ca-a86b-0a4a69ccd659', 
'mxmodelreflection$mxobjectenumvalueid', 
'mxmodelreflection$mxobjectenumcaptionsid', 
'idx_mxmodelreflection$captions_mxmodelreflection$mxobjectenumcaptions_mxmodelreflection$mxobjectenumvalue');
CREATE TABLE "xlsreport$mxcellstyle" (
	"id" BIGINT NOT NULL,
	"textheight" INT NULL,
	"borderbottom" INT NULL,
	"textitalic" BOOLEAN NULL,
	"textverticalalignment" VARCHAR_IGNORECASE(6) NULL,
	"borderleft" INT NULL,
	"bordercolor" VARCHAR_IGNORECASE(10) NULL,
	"textrotation" INT NULL,
	"textbold" BOOLEAN NULL,
	"name" VARCHAR_IGNORECASE(200) NULL,
	"changeddate" TIMESTAMP NULL,
	"wraptext" BOOLEAN NULL,
	"createddate" TIMESTAMP NULL,
	"textunderline" BOOLEAN NULL,
	"textalignment" VARCHAR_IGNORECASE(6) NULL,
	"textcolor" VARCHAR_IGNORECASE(10) NULL,
	"backgroundcolor" VARCHAR_IGNORECASE(10) NULL,
	"bordertop" INT NULL,
	"borderright" INT NULL,
	"system$changedby" BIGINT NULL,
	"system$owner" BIGINT NULL,
	PRIMARY KEY("id"));
CREATE INDEX "idx_xlsreport$mxcellstyle_system$changedby" ON "xlsreport$mxcellstyle" ("system$changedby","id");
CREATE INDEX "idx_xlsreport$mxcellstyle_system$owner" ON "xlsreport$mxcellstyle" ("system$owner","id");
INSERT INTO "mendixsystem$entity" ("id", 
"entity_name", 
"table_name")
 VALUES ('b21f0208-94b3-4eec-bf8b-b8b0977261b3', 
'XLSReport.MxCellStyle', 
'xlsreport$mxcellstyle');
INSERT INTO "mendixsystem$attribute" ("id", 
"entity_id", 
"attribute_name", 
"column_name", 
"type", 
"length", 
"default_value", 
"is_auto_number")
 VALUES ('f16f47f2-c7f7-49b2-bc5c-62f3478aecd1', 
'b21f0208-94b3-4eec-bf8b-b8b0977261b3', 
'TextHeight', 
'textheight', 
3, 
0, 
'10', 
false);
INSERT INTO "mendixsystem$attribute" ("id", 
"entity_id", 
"attribute_name", 
"column_name", 
"type", 
"length", 
"default_value", 
"is_auto_number")
 VALUES ('a99b4513-e65d-4cd3-8f32-2aa7a2ce5cbc', 
'b21f0208-94b3-4eec-bf8b-b8b0977261b3', 
'BorderBottom', 
'borderbottom', 
3, 
0, 
'0', 
false);
INSERT INTO "mendixsystem$attribute" ("id", 
"entity_id", 
"attribute_name", 
"column_name", 
"type", 
"length", 
"default_value", 
"is_auto_number")
 VALUES ('71b5c227-639c-4998-8a8a-0b61ce42cb32', 
'b21f0208-94b3-4eec-bf8b-b8b0977261b3', 
'TextItalic', 
'textitalic', 
10, 
0, 
'false', 
false);
INSERT INTO "mendixsystem$attribute" ("id", 
"entity_id", 
"attribute_name", 
"column_name", 
"type", 
"length", 
"default_value", 
"is_auto_number")
 VALUES ('aa4c622a-f93a-44f8-8a6e-5c760e344566', 
'b21f0208-94b3-4eec-bf8b-b8b0977261b3', 
'TextVerticalalignment', 
'textverticalalignment', 
40, 
6, 
'', 
false);
INSERT INTO "mendixsystem$attribute" ("id", 
"entity_id", 
"attribute_name", 
"column_name", 
"type", 
"length", 
"default_value", 
"is_auto_number")
 VALUES ('ebee8397-d3bc-4581-a56a-d69c4e6e78fa', 
'b21f0208-94b3-4eec-bf8b-b8b0977261b3', 
'BorderLeft', 
'borderleft', 
3, 
0, 
'0', 
false);
INSERT INTO "mendixsystem$attribute" ("id", 
"entity_id", 
"attribute_name", 
"column_name", 
"type", 
"length", 
"default_value", 
"is_auto_number")
 VALUES ('be174dde-bfcf-4472-8a0f-e2af82627c74', 
'b21f0208-94b3-4eec-bf8b-b8b0977261b3', 
'BorderColor', 
'bordercolor', 
40, 
10, 
'Blank', 
false);
INSERT INTO "mendixsystem$attribute" ("id", 
"entity_id", 
"attribute_name", 
"column_name", 
"type", 
"length", 
"default_value", 
"is_auto_number")
 VALUES ('6fa24644-86c0-4f0a-a867-f31dc7d6d9e6', 
'b21f0208-94b3-4eec-bf8b-b8b0977261b3', 
'TextRotation', 
'textrotation', 
3, 
0, 
'0', 
false);
INSERT INTO "mendixsystem$attribute" ("id", 
"entity_id", 
"attribute_name", 
"column_name", 
"type", 
"length", 
"default_value", 
"is_auto_number")
 VALUES ('a90b395b-eb0a-4f7f-a328-b9693b65d9d2', 
'b21f0208-94b3-4eec-bf8b-b8b0977261b3', 
'TextBold', 
'textbold', 
10, 
0, 
'false', 
false);
INSERT INTO "mendixsystem$attribute" ("id", 
"entity_id", 
"attribute_name", 
"column_name", 
"type", 
"length", 
"default_value", 
"is_auto_number")
 VALUES ('4b318532-e277-430b-ac6e-f8f63cef5faf', 
'b21f0208-94b3-4eec-bf8b-b8b0977261b3', 
'Name', 
'name', 
30, 
200, 
'', 
false);
INSERT INTO "mendixsystem$attribute" ("id", 
"entity_id", 
"attribute_name", 
"column_name", 
"type", 
"length", 
"default_value", 
"is_auto_number")
 VALUES ('ba60d2c9-e5bb-336a-85cc-a45e7edab94c', 
'b21f0208-94b3-4eec-bf8b-b8b0977261b3', 
'changedDate', 
'changeddate', 
20, 
0, 
'', 
false);
INSERT INTO "mendixsystem$attribute" ("id", 
"entity_id", 
"attribute_name", 
"column_name", 
"type", 
"length", 
"default_value", 
"is_auto_number")
 VALUES ('706576cb-ef39-4777-ade9-c7c885dcfee4', 
'b21f0208-94b3-4eec-bf8b-b8b0977261b3', 
'WrapText', 
'wraptext', 
10, 
0, 
'true', 
false);
INSERT INTO "mendixsystem$attribute" ("id", 
"entity_id", 
"attribute_name", 
"column_name", 
"type", 
"length", 
"default_value", 
"is_auto_number")
 VALUES ('be639601-9de9-37e8-848a-7df93c1dcb7d', 
'b21f0208-94b3-4eec-bf8b-b8b0977261b3', 
'createdDate', 
'createddate', 
20, 
0, 
'', 
false);
INSERT INTO "mendixsystem$attribute" ("id", 
"entity_id", 
"attribute_name", 
"column_name", 
"type", 
"length", 
"default_value", 
"is_auto_number")
 VALUES ('b0eb717d-19b0-4373-8b10-e923102a3678', 
'b21f0208-94b3-4eec-bf8b-b8b0977261b3', 
'TextUnderline', 
'textunderline', 
10, 
0, 
'false', 
false);
INSERT INTO "mendixsystem$attribute" ("id", 
"entity_id", 
"attribute_name", 
"column_name", 
"type", 
"length", 
"default_value", 
"is_auto_number")
 VALUES ('24a48f13-3844-4491-942a-b32087e046a3', 
'b21f0208-94b3-4eec-bf8b-b8b0977261b3', 
'TextAlignment', 
'textalignment', 
40, 
6, 
'', 
false);
INSERT INTO "mendixsystem$attribute" ("id", 
"entity_id", 
"attribute_name", 
"column_name", 
"type", 
"length", 
"default_value", 
"is_auto_number")
 VALUES ('3124b121-9d4b-43e7-aa3d-7c865ea67e31', 
'b21f0208-94b3-4eec-bf8b-b8b0977261b3', 
'TextColor', 
'textcolor', 
40, 
10, 
'Black', 
false);
INSERT INTO "mendixsystem$attribute" ("id", 
"entity_id", 
"attribute_name", 
"column_name", 
"type", 
"length", 
"default_value", 
"is_auto_number")
 VALUES ('92629e36-e8cd-47a6-a1a0-7ae8df3591e4', 
'b21f0208-94b3-4eec-bf8b-b8b0977261b3', 
'BackgroundColor', 
'backgroundcolor', 
40, 
10, 
'Blank', 
false);
INSERT INTO "mendixsystem$attribute" ("id", 
"entity_id", 
"attribute_name", 
"column_name", 
"type", 
"length", 
"default_value", 
"is_auto_number")
 VALUES ('ee883e77-a746-409b-b68b-feece218d646', 
'b21f0208-94b3-4eec-bf8b-b8b0977261b3', 
'BorderTop', 
'bordertop', 
3, 
0, 
'0', 
false);
INSERT INTO "mendixsystem$attribute" ("id", 
"entity_id", 
"attribute_name", 
"column_name", 
"type", 
"length", 
"default_value", 
"is_auto_number")
 VALUES ('1db4bc35-1f21-4bb2-9bde-6da91b3afece', 
'b21f0208-94b3-4eec-bf8b-b8b0977261b3', 
'BorderRight', 
'borderright', 
3, 
0, 
'0', 
false);
INSERT INTO "mendixsystem$index" ("id", 
"table_id", 
"index_name")
 VALUES ('8f29b060-f05a-3252-97fd-43de4ce25b4a', 
'b21f0208-94b3-4eec-bf8b-b8b0977261b3', 
'idx_xlsreport$mxcellstyle_system$changedby');
INSERT INTO "mendixsystem$index_column" ("index_id", 
"column_id", 
"sort_order", 
"ordinal")
 VALUES ('8f29b060-f05a-3252-97fd-43de4ce25b4a', 
'ba88f03d-d43f-397c-ba4e-6c81540d71f7', 
false, 
0);
INSERT INTO "mendixsystem$index" ("id", 
"table_id", 
"index_name")
 VALUES ('3c8fe8bb-3538-3bb4-bcb6-e5e53399c85d', 
'b21f0208-94b3-4eec-bf8b-b8b0977261b3', 
'idx_xlsreport$mxcellstyle_system$owner');
INSERT INTO "mendixsystem$index_column" ("index_id", 
"column_id", 
"sort_order", 
"ordinal")
 VALUES ('3c8fe8bb-3538-3bb4-bcb6-e5e53399c85d', 
'1c86aadc-1763-318f-9e5b-a6956ca720b4', 
false, 
0);
INSERT INTO "mendixsystem$association" ("id", 
"association_name", 
"table_name", 
"parent_entity_id", 
"child_entity_id", 
"parent_column_name", 
"child_column_name")
 VALUES ('ba88f03d-d43f-397c-ba4e-6c81540d71f7', 
'System.changedBy', 
'system$changedby', 
'b21f0208-94b3-4eec-bf8b-b8b0977261b3', 
'282e2e60-88a5-469d-84a5-ba8d9151644f', 
'id', 
'system$changedby');
INSERT INTO "mendixsystem$association" ("id", 
"association_name", 
"table_name", 
"parent_entity_id", 
"child_entity_id", 
"parent_column_name", 
"child_column_name")
 VALUES ('1c86aadc-1763-318f-9e5b-a6956ca720b4', 
'System.owner', 
'system$owner', 
'b21f0208-94b3-4eec-bf8b-b8b0977261b3', 
'282e2e60-88a5-469d-84a5-ba8d9151644f', 
'id', 
'system$owner');
CREATE TABLE "xlsreport$mxcellstyle_template" (
	"xlsreport$mxcellstyleid" BIGINT NOT NULL,
	"xlsreport$mxtemplateid" BIGINT NOT NULL,
	PRIMARY KEY("xlsreport$mxcellstyleid","xlsreport$mxtemplateid"));
CREATE INDEX "idx_xlsreport$mxcellstyle_template_xlsreport$mxtemplate_xlsreport$mxcellstyle" ON "xlsreport$mxcellstyle_template" ("xlsreport$mxtemplateid","xlsreport$mxcellstyleid");
INSERT INTO "mendixsystem$association" ("id", 
"association_name", 
"table_name", 
"parent_entity_id", 
"child_entity_id", 
"parent_column_name", 
"child_column_name", 
"index_name")
 VALUES ('d7e674ac-ef91-42cf-8615-623044f2abcd', 
'XLSReport.MxCellStyle_Template', 
'xlsreport$mxcellstyle_template', 
'b21f0208-94b3-4eec-bf8b-b8b0977261b3', 
'2987244c-14ff-4748-9bdc-3919054a7759', 
'xlsreport$mxcellstyleid', 
'xlsreport$mxtemplateid', 
'idx_xlsreport$mxcellstyle_template_xlsreport$mxtemplate_xlsreport$mxcellstyle');
CREATE TABLE "xlsreport$mxcolumn" (
	"id" BIGINT NOT NULL,
	"dataaggregate" BOOLEAN NULL,
	"dataaggregatefunction" VARCHAR_IGNORECASE(7) NULL,
	"nameasheader" BOOLEAN NULL,
	"resultaggregatefunction" VARCHAR_IGNORECASE(7) NULL,
	"resultaggregate" BOOLEAN NULL,
	"columnnumber" INT NULL,
	"objectattribute" VARCHAR_IGNORECASE(200) NULL,
	PRIMARY KEY("id"));
INSERT INTO "mendixsystem$entity" ("id", 
"entity_name", 
"table_name", 
"superentity_id")
 VALUES ('314ce275-d7d7-4d1d-b2e3-af570ff89013', 
'XLSReport.MxColumn', 
'xlsreport$mxcolumn', 
'740417d5-09ca-41da-8cff-24b02895959b');
INSERT INTO "mendixsystem$attribute" ("id", 
"entity_id", 
"attribute_name", 
"column_name", 
"type", 
"length", 
"default_value", 
"is_auto_number")
 VALUES ('52730a83-38e3-428d-9c8b-50ac42058fdf', 
'314ce275-d7d7-4d1d-b2e3-af570ff89013', 
'DataAggregate', 
'dataaggregate', 
10, 
0, 
'false', 
false);
INSERT INTO "mendixsystem$attribute" ("id", 
"entity_id", 
"attribute_name", 
"column_name", 
"type", 
"length", 
"default_value", 
"is_auto_number")
 VALUES ('7d88b8bd-3ac5-4a4c-9b5a-8e4e3c4e5b0c', 
'314ce275-d7d7-4d1d-b2e3-af570ff89013', 
'DataAggregateFunction', 
'dataaggregatefunction', 
40, 
7, 
'', 
false);
INSERT INTO "mendixsystem$attribute" ("id", 
"entity_id", 
"attribute_name", 
"column_name", 
"type", 
"length", 
"default_value", 
"is_auto_number")
 VALUES ('44e9cd41-ee01-49ef-beff-d333ba4d4b2f', 
'314ce275-d7d7-4d1d-b2e3-af570ff89013', 
'NameAsHeader', 
'nameasheader', 
10, 
0, 
'true', 
false);
INSERT INTO "mendixsystem$attribute" ("id", 
"entity_id", 
"attribute_name", 
"column_name", 
"type", 
"length", 
"default_value", 
"is_auto_number")
 VALUES ('334f0acc-d62d-4908-a6c4-5d886cab70a9', 
'314ce275-d7d7-4d1d-b2e3-af570ff89013', 
'ResultAggregateFunction', 
'resultaggregatefunction', 
40, 
7, 
'', 
false);
INSERT INTO "mendixsystem$attribute" ("id", 
"entity_id", 
"attribute_name", 
"column_name", 
"type", 
"length", 
"default_value", 
"is_auto_number")
 VALUES ('eefc7dc7-c1c7-479f-8864-0433e12853a0', 
'314ce275-d7d7-4d1d-b2e3-af570ff89013', 
'ResultAggregate', 
'resultaggregate', 
10, 
0, 
'false', 
false);
INSERT INTO "mendixsystem$attribute" ("id", 
"entity_id", 
"attribute_name", 
"column_name", 
"type", 
"length", 
"default_value", 
"is_auto_number")
 VALUES ('d9480a4b-446f-4c71-a239-71ad081892fb', 
'314ce275-d7d7-4d1d-b2e3-af570ff89013', 
'ColumnNumber', 
'columnnumber', 
3, 
0, 
'', 
false);
INSERT INTO "mendixsystem$attribute" ("id", 
"entity_id", 
"attribute_name", 
"column_name", 
"type", 
"length", 
"default_value", 
"is_auto_number")
 VALUES ('55995d8a-9ba8-4fa6-949a-38d228a7dbf8', 
'314ce275-d7d7-4d1d-b2e3-af570ff89013', 
'ObjectAttribute', 
'objectattribute', 
30, 
200, 
'', 
false);
CREATE TABLE "mxmodelreflection$dbsizeestimate" (
	"id" BIGINT NOT NULL,
	"findobjecttype" VARCHAR_IGNORECASE(200) NULL,
	"calculatedsizeinkilobytes" BIGINT NULL,
	"calculatedsizeinbytes" BIGINT NULL,
	"nrofrecords" INT NULL,
	PRIMARY KEY("id"));
INSERT INTO "mendixsystem$entity" ("id", 
"entity_name", 
"table_name")
 VALUES ('1d0e02df-21dc-42ac-a371-17692c79fe95', 
'MxModelReflection.DbSizeEstimate', 
'mxmodelreflection$dbsizeestimate');
INSERT INTO "mendixsystem$attribute" ("id", 
"entity_id", 
"attribute_name", 
"column_name", 
"type", 
"length", 
"default_value", 
"is_auto_number")
 VALUES ('6af270b4-fc79-4037-88a9-4e5072c9a85e', 
'1d0e02df-21dc-42ac-a371-17692c79fe95', 
'FindObjectType', 
'findobjecttype', 
30, 
200, 
'', 
false);
INSERT INTO "mendixsystem$attribute" ("id", 
"entity_id", 
"attribute_name", 
"column_name", 
"type", 
"length", 
"default_value", 
"is_auto_number")
 VALUES ('aa35fff8-1106-4b58-9590-55111cd62592', 
'1d0e02df-21dc-42ac-a371-17692c79fe95', 
'CalculatedSizeInKiloBytes', 
'calculatedsizeinkilobytes', 
4, 
0, 
'0', 
false);
INSERT INTO "mendixsystem$attribute" ("id", 
"entity_id", 
"attribute_name", 
"column_name", 
"type", 
"length", 
"default_value", 
"is_auto_number")
 VALUES ('6a45ce05-db9d-48e3-8aee-35086e8edfcc', 
'1d0e02df-21dc-42ac-a371-17692c79fe95', 
'CalculatedSizeInBytes', 
'calculatedsizeinbytes', 
4, 
0, 
'0', 
false);
INSERT INTO "mendixsystem$attribute" ("id", 
"entity_id", 
"attribute_name", 
"column_name", 
"type", 
"length", 
"default_value", 
"is_auto_number")
 VALUES ('2f887cca-9636-498c-a8b5-2930a854e12e', 
'1d0e02df-21dc-42ac-a371-17692c79fe95', 
'NrOfRecords', 
'nrofrecords', 
3, 
0, 
'', 
false);
CREATE TABLE "mxmodelreflection$dbsizeestimate_mxobjecttype" (
	"mxmodelreflection$dbsizeestimateid" BIGINT NOT NULL,
	"mxmodelreflection$mxobjecttypeid" BIGINT NOT NULL,
	PRIMARY KEY("mxmodelreflection$dbsizeestimateid","mxmodelreflection$mxobjecttypeid"));
CREATE INDEX "idx_mxmodelreflection$dbsizeestimate_mxobjecttype_mxmodelreflection$mxobjecttype_mxmodelreflection$dbsizeestimate" ON "mxmodelreflection$dbsizeestimate_mxobjecttype" ("mxmodelreflection$mxobjecttypeid","mxmodelreflection$dbsizeestimateid");
INSERT INTO "mendixsystem$association" ("id", 
"association_name", 
"table_name", 
"parent_entity_id", 
"child_entity_id", 
"parent_column_name", 
"child_column_name", 
"index_name")
 VALUES ('61c24b5e-cb84-4a18-9755-21a456910dda', 
'MxModelReflection.DbSizeEstimate_MxObjectType', 
'mxmodelreflection$dbsizeestimate_mxobjecttype', 
'1d0e02df-21dc-42ac-a371-17692c79fe95', 
'1e645d01-7350-4c63-b9dd-1f07a76c2141', 
'mxmodelreflection$dbsizeestimateid', 
'mxmodelreflection$mxobjecttypeid', 
'idx_mxmodelreflection$dbsizeestimate_mxobjecttype_mxmodelreflection$mxobjecttype_mxmodelreflection$dbsizeestimate');
CREATE TABLE "xlsreport$mxsheet" (
	"id" BIGINT NOT NULL,
	"status" VARCHAR_IGNORECASE(3) NULL,
	"rowheightdefault" BOOLEAN NULL,
	"formlayout_groupby" BOOLEAN NULL,
	"sequence" INT NULL,
	"datausage" BOOLEAN NULL,
	"startrow" INT NULL,
	"name" VARCHAR_IGNORECASE(200) NULL,
	"changeddate" TIMESTAMP NULL,
	"createddate" TIMESTAMP NULL,
	"columnwidthpixels" INT NULL,
	"rowheightpoint" INT NULL,
	"columnwidthdefault" BOOLEAN NULL,
	"distinctdata" BOOLEAN NULL,
	"system$changedby" BIGINT NULL,
	"system$owner" BIGINT NULL,
	PRIMARY KEY("id"));
CREATE INDEX "idx_xlsreport$mxsheet_system$changedby" ON "xlsreport$mxsheet" ("system$changedby","id");
CREATE INDEX "idx_xlsreport$mxsheet_system$owner" ON "xlsreport$mxsheet" ("system$owner","id");
INSERT INTO "mendixsystem$entity" ("id", 
"entity_name", 
"table_name")
 VALUES ('e4ce1728-4549-4a71-ae26-2060751cd4e0', 
'XLSReport.MxSheet', 
'xlsreport$mxsheet');
INSERT INTO "mendixsystem$attribute" ("id", 
"entity_id", 
"attribute_name", 
"column_name", 
"type", 
"length", 
"default_value", 
"is_auto_number")
 VALUES ('07b3bda0-2345-4248-b607-910b2bafdbbb', 
'e4ce1728-4549-4a71-ae26-2060751cd4e0', 
'Status', 
'status', 
40, 
3, 
'No', 
false);
INSERT INTO "mendixsystem$attribute" ("id", 
"entity_id", 
"attribute_name", 
"column_name", 
"type", 
"length", 
"default_value", 
"is_auto_number")
 VALUES ('342415f2-75cf-4ba6-bbd8-ed297a425608', 
'e4ce1728-4549-4a71-ae26-2060751cd4e0', 
'RowHeightDefault', 
'rowheightdefault', 
10, 
0, 
'true', 
false);
INSERT INTO "mendixsystem$attribute" ("id", 
"entity_id", 
"attribute_name", 
"column_name", 
"type", 
"length", 
"default_value", 
"is_auto_number")
 VALUES ('ccaed40c-e833-45b3-b976-ac83fc3be8e8', 
'e4ce1728-4549-4a71-ae26-2060751cd4e0', 
'FormLayout_GroupBy', 
'formlayout_groupby', 
10, 
0, 
'false', 
false);
INSERT INTO "mendixsystem$attribute" ("id", 
"entity_id", 
"attribute_name", 
"column_name", 
"type", 
"length", 
"default_value", 
"is_auto_number")
 VALUES ('7b05522d-df50-418f-a832-6ff0d6124bab', 
'e4ce1728-4549-4a71-ae26-2060751cd4e0', 
'Sequence', 
'sequence', 
3, 
0, 
'1', 
false);
INSERT INTO "mendixsystem$attribute" ("id", 
"entity_id", 
"attribute_name", 
"column_name", 
"type", 
"length", 
"default_value", 
"is_auto_number")
 VALUES ('99dfc2c9-f62d-49bd-9c59-c73b4f27ce90', 
'e4ce1728-4549-4a71-ae26-2060751cd4e0', 
'DataUsage', 
'datausage', 
10, 
0, 
'false', 
false);
INSERT INTO "mendixsystem$attribute" ("id", 
"entity_id", 
"attribute_name", 
"column_name", 
"type", 
"length", 
"default_value", 
"is_auto_number")
 VALUES ('9aeda9aa-17b6-4d4c-958b-b9e72ab73534', 
'e4ce1728-4549-4a71-ae26-2060751cd4e0', 
'StartRow', 
'startrow', 
3, 
0, 
'1', 
false);
INSERT INTO "mendixsystem$attribute" ("id", 
"entity_id", 
"attribute_name", 
"column_name", 
"type", 
"length", 
"default_value", 
"is_auto_number")
 VALUES ('60f34b8c-6971-4057-8e81-6015fb9d0ff5', 
'e4ce1728-4549-4a71-ae26-2060751cd4e0', 
'Name', 
'name', 
30, 
200, 
'', 
false);
INSERT INTO "mendixsystem$attribute" ("id", 
"entity_id", 
"attribute_name", 
"column_name", 
"type", 
"length", 
"default_value", 
"is_auto_number")
 VALUES ('c7722459-8d04-35b8-98c2-38861a3b1500', 
'e4ce1728-4549-4a71-ae26-2060751cd4e0', 
'changedDate', 
'changeddate', 
20, 
0, 
'', 
false);
INSERT INTO "mendixsystem$attribute" ("id", 
"entity_id", 
"attribute_name", 
"column_name", 
"type", 
"length", 
"default_value", 
"is_auto_number")
 VALUES ('ee465dd8-a838-3b14-b33f-573586164554', 
'e4ce1728-4549-4a71-ae26-2060751cd4e0', 
'createdDate', 
'createddate', 
20, 
0, 
'', 
false);
INSERT INTO "mendixsystem$attribute" ("id", 
"entity_id", 
"attribute_name", 
"column_name", 
"type", 
"length", 
"default_value", 
"is_auto_number")
 VALUES ('65ab7851-4b71-4106-8377-1cac6408468c', 
'e4ce1728-4549-4a71-ae26-2060751cd4e0', 
'ColumnWidthPixels', 
'columnwidthpixels', 
3, 
0, 
'0', 
false);
INSERT INTO "mendixsystem$attribute" ("id", 
"entity_id", 
"attribute_name", 
"column_name", 
"type", 
"length", 
"default_value", 
"is_auto_number")
 VALUES ('ea2b067f-08b9-49f4-a1a1-2dc134a4855f', 
'e4ce1728-4549-4a71-ae26-2060751cd4e0', 
'RowHeightPoint', 
'rowheightpoint', 
3, 
0, 
'0', 
false);
INSERT INTO "mendixsystem$attribute" ("id", 
"entity_id", 
"attribute_name", 
"column_name", 
"type", 
"length", 
"default_value", 
"is_auto_number")
 VALUES ('640e2208-23a4-40cd-a953-6fea1cbd3dc6', 
'e4ce1728-4549-4a71-ae26-2060751cd4e0', 
'ColumnWidthDefault', 
'columnwidthdefault', 
10, 
0, 
'true', 
false);
INSERT INTO "mendixsystem$attribute" ("id", 
"entity_id", 
"attribute_name", 
"column_name", 
"type", 
"length", 
"default_value", 
"is_auto_number")
 VALUES ('678dcea2-91f6-4a21-a2ec-a7316155e311', 
'e4ce1728-4549-4a71-ae26-2060751cd4e0', 
'DistinctData', 
'distinctdata', 
10, 
0, 
'false', 
false);
INSERT INTO "mendixsystem$index" ("id", 
"table_id", 
"index_name")
 VALUES ('9f6c9e83-46bc-3249-9d42-4426a9449118', 
'e4ce1728-4549-4a71-ae26-2060751cd4e0', 
'idx_xlsreport$mxsheet_system$changedby');
INSERT INTO "mendixsystem$index_column" ("index_id", 
"column_id", 
"sort_order", 
"ordinal")
 VALUES ('9f6c9e83-46bc-3249-9d42-4426a9449118', 
'572b29c7-148a-39da-b9d4-a331b5cf7885', 
false, 
0);
INSERT INTO "mendixsystem$index" ("id", 
"table_id", 
"index_name")
 VALUES ('4cdcd47a-b29e-3abc-b14b-d876ab09b051', 
'e4ce1728-4549-4a71-ae26-2060751cd4e0', 
'idx_xlsreport$mxsheet_system$owner');
INSERT INTO "mendixsystem$index_column" ("index_id", 
"column_id", 
"sort_order", 
"ordinal")
 VALUES ('4cdcd47a-b29e-3abc-b14b-d876ab09b051', 
'c52a66c6-3af1-33c9-b9f9-9384e7600774', 
false, 
0);
INSERT INTO "mendixsystem$association" ("id", 
"association_name", 
"table_name", 
"parent_entity_id", 
"child_entity_id", 
"parent_column_name", 
"child_column_name")
 VALUES ('572b29c7-148a-39da-b9d4-a331b5cf7885', 
'System.changedBy', 
'system$changedby', 
'e4ce1728-4549-4a71-ae26-2060751cd4e0', 
'282e2e60-88a5-469d-84a5-ba8d9151644f', 
'id', 
'system$changedby');
INSERT INTO "mendixsystem$association" ("id", 
"association_name", 
"table_name", 
"parent_entity_id", 
"child_entity_id", 
"parent_column_name", 
"child_column_name")
 VALUES ('c52a66c6-3af1-33c9-b9f9-9384e7600774', 
'System.owner', 
'system$owner', 
'e4ce1728-4549-4a71-ae26-2060751cd4e0', 
'282e2e60-88a5-469d-84a5-ba8d9151644f', 
'id', 
'system$owner');
CREATE TABLE "xlsreport$mxsheet_rowobject" (
	"xlsreport$mxsheetid" BIGINT NOT NULL,
	"mxmodelreflection$mxobjecttypeid" BIGINT NOT NULL,
	PRIMARY KEY("xlsreport$mxsheetid","mxmodelreflection$mxobjecttypeid"));
CREATE INDEX "idx_xlsreport$mxsheet_rowobject_mxmodelreflection$mxobjecttype_xlsreport$mxsheet" ON "xlsreport$mxsheet_rowobject" ("mxmodelreflection$mxobjecttypeid","xlsreport$mxsheetid");
INSERT INTO "mendixsystem$association" ("id", 
"association_name", 
"table_name", 
"parent_entity_id", 
"child_entity_id", 
"parent_column_name", 
"child_column_name", 
"index_name")
 VALUES ('59595b2b-0538-4279-9605-d8cac168ae91', 
'XLSReport.MxSheet_RowObject', 
'xlsreport$mxsheet_rowobject', 
'e4ce1728-4549-4a71-ae26-2060751cd4e0', 
'1e645d01-7350-4c63-b9dd-1f07a76c2141', 
'xlsreport$mxsheetid', 
'mxmodelreflection$mxobjecttypeid', 
'idx_xlsreport$mxsheet_rowobject_mxmodelreflection$mxobjecttype_xlsreport$mxsheet');
CREATE TABLE "xlsreport$mxsheet_defaultstyle" (
	"xlsreport$mxsheetid" BIGINT NOT NULL,
	"xlsreport$mxcellstyleid" BIGINT NOT NULL,
	PRIMARY KEY("xlsreport$mxsheetid","xlsreport$mxcellstyleid"));
CREATE INDEX "idx_xlsreport$mxsheet_defaultstyle_xlsreport$mxcellstyle_xlsreport$mxsheet" ON "xlsreport$mxsheet_defaultstyle" ("xlsreport$mxcellstyleid","xlsreport$mxsheetid");
INSERT INTO "mendixsystem$association" ("id", 
"association_name", 
"table_name", 
"parent_entity_id", 
"child_entity_id", 
"parent_column_name", 
"child_column_name", 
"index_name")
 VALUES ('64732f1f-aeae-4382-a0c6-99cb723deffd', 
'XLSReport.MxSheet_DefaultStyle', 
'xlsreport$mxsheet_defaultstyle', 
'e4ce1728-4549-4a71-ae26-2060751cd4e0', 
'b21f0208-94b3-4eec-bf8b-b8b0977261b3', 
'xlsreport$mxsheetid', 
'xlsreport$mxcellstyleid', 
'idx_xlsreport$mxsheet_defaultstyle_xlsreport$mxcellstyle_xlsreport$mxsheet');
CREATE TABLE "xlsreport$mxsheet_mxobjectreference" (
	"xlsreport$mxsheetid" BIGINT NOT NULL,
	"mxmodelreflection$mxobjectreferenceid" BIGINT NOT NULL,
	PRIMARY KEY("xlsreport$mxsheetid","mxmodelreflection$mxobjectreferenceid"));
CREATE INDEX "idx_xlsreport$mxsheet_mxobjectreference_mxmodelreflection$mxobjectreference_xlsreport$mxsheet" ON "xlsreport$mxsheet_mxobjectreference" ("mxmodelreflection$mxobjectreferenceid","xlsreport$mxsheetid");
INSERT INTO "mendixsystem$association" ("id", 
"association_name", 
"table_name", 
"parent_entity_id", 
"child_entity_id", 
"parent_column_name", 
"child_column_name", 
"index_name")
 VALUES ('b70d23ea-a01e-44f8-aa8b-08a830921987', 
'XLSReport.MxSheet_MxObjectReference', 
'xlsreport$mxsheet_mxobjectreference', 
'e4ce1728-4549-4a71-ae26-2060751cd4e0', 
'4015dced-50bc-4bc7-aa32-9c1d61572811', 
'xlsreport$mxsheetid', 
'mxmodelreflection$mxobjectreferenceid', 
'idx_xlsreport$mxsheet_mxobjectreference_mxmodelreflection$mxobjectreference_xlsreport$mxsheet');
CREATE TABLE "xlsreport$mxsheet_headerstyle" (
	"xlsreport$mxsheetid" BIGINT NOT NULL,
	"xlsreport$mxcellstyleid" BIGINT NOT NULL,
	PRIMARY KEY("xlsreport$mxsheetid","xlsreport$mxcellstyleid"));
CREATE INDEX "idx_xlsreport$mxsheet_headerstyle_xlsreport$mxcellstyle_xlsreport$mxsheet" ON "xlsreport$mxsheet_headerstyle" ("xlsreport$mxcellstyleid","xlsreport$mxsheetid");
INSERT INTO "mendixsystem$association" ("id", 
"association_name", 
"table_name", 
"parent_entity_id", 
"child_entity_id", 
"parent_column_name", 
"child_column_name", 
"index_name")
 VALUES ('39e4eeeb-1754-4fa2-a896-d2890e86c443', 
'XLSReport.MxSheet_HeaderStyle', 
'xlsreport$mxsheet_headerstyle', 
'e4ce1728-4549-4a71-ae26-2060751cd4e0', 
'b21f0208-94b3-4eec-bf8b-b8b0977261b3', 
'xlsreport$mxsheetid', 
'xlsreport$mxcellstyleid', 
'idx_xlsreport$mxsheet_headerstyle_xlsreport$mxcellstyle_xlsreport$mxsheet');
CREATE TABLE "xlsreport$mxsheet_template" (
	"xlsreport$mxsheetid" BIGINT NOT NULL,
	"xlsreport$mxtemplateid" BIGINT NOT NULL,
	PRIMARY KEY("xlsreport$mxsheetid","xlsreport$mxtemplateid"));
CREATE INDEX "idx_xlsreport$mxsheet_template_xlsreport$mxtemplate_xlsreport$mxsheet" ON "xlsreport$mxsheet_template" ("xlsreport$mxtemplateid","xlsreport$mxsheetid");
INSERT INTO "mendixsystem$association" ("id", 
"association_name", 
"table_name", 
"parent_entity_id", 
"child_entity_id", 
"parent_column_name", 
"child_column_name", 
"index_name")
 VALUES ('464614d0-6e3e-44e8-afab-10ba35b4cade', 
'XLSReport.MxSheet_Template', 
'xlsreport$mxsheet_template', 
'e4ce1728-4549-4a71-ae26-2060751cd4e0', 
'2987244c-14ff-4748-9bdc-3919054a7759', 
'xlsreport$mxsheetid', 
'xlsreport$mxtemplateid', 
'idx_xlsreport$mxsheet_template_xlsreport$mxtemplate_xlsreport$mxsheet');
CREATE TABLE "mxmodelreflection$mxobjectmember" (
	"id" BIGINT NOT NULL,
	"changeddate" TIMESTAMP NULL,
	"descriptivename" VARCHAR_IGNORECASE(200) NULL,
	"createddate" TIMESTAMP NULL,
	"attributetype" VARCHAR_IGNORECASE(200) NULL,
	"fieldlength" INT NULL,
	"attributename" VARCHAR_IGNORECASE(200) NULL,
	"completename" VARCHAR_IGNORECASE(400) NULL,
	"isvirtual" BOOLEAN NULL,
	"attributetypeenum" VARCHAR_IGNORECASE(11) NULL,
	"submetaobjectname" VARCHAR_IGNORECASE(255) NULL,
	"system$changedby" BIGINT NULL,
	"system$owner" BIGINT NULL,
	PRIMARY KEY("id"));
CREATE INDEX "idx_mxmodelreflection$mxobjectmember_submetaobjectname" ON "mxmodelreflection$mxobjectmember" ("submetaobjectname","id");
CREATE INDEX "idx_mxmodelreflection$mxobjectmember_system$changedby" ON "mxmodelreflection$mxobjectmember" ("system$changedby","id");
CREATE INDEX "idx_mxmodelreflection$mxobjectmember_system$owner" ON "mxmodelreflection$mxobjectmember" ("system$owner","id");
INSERT INTO "mendixsystem$entity" ("id", 
"entity_name", 
"table_name")
 VALUES ('b5938bec-4353-494c-a0ac-addc8d04cc3e', 
'MxModelReflection.MxObjectMember', 
'mxmodelreflection$mxobjectmember');
INSERT INTO "mendixsystem$attribute" ("id", 
"entity_id", 
"attribute_name", 
"column_name", 
"type", 
"length", 
"default_value", 
"is_auto_number")
 VALUES ('c29a57dd-7e96-3458-ab9b-8e618ca45e0d', 
'b5938bec-4353-494c-a0ac-addc8d04cc3e', 
'changedDate', 
'changeddate', 
20, 
0, 
'', 
false);
INSERT INTO "mendixsystem$attribute" ("id", 
"entity_id", 
"attribute_name", 
"column_name", 
"type", 
"length", 
"default_value", 
"is_auto_number")
 VALUES ('8bacbb56-79d5-4ac9-9116-97f49ed4e8a3', 
'b5938bec-4353-494c-a0ac-addc8d04cc3e', 
'DescriptiveName', 
'descriptivename', 
30, 
200, 
'', 
false);
INSERT INTO "mendixsystem$attribute" ("id", 
"entity_id", 
"attribute_name", 
"column_name", 
"type", 
"length", 
"default_value", 
"is_auto_number")
 VALUES ('ef75a277-3f77-3f87-9c1c-4488fd7a55e8', 
'b5938bec-4353-494c-a0ac-addc8d04cc3e', 
'createdDate', 
'createddate', 
20, 
0, 
'', 
false);
INSERT INTO "mendixsystem$attribute" ("id", 
"entity_id", 
"attribute_name", 
"column_name", 
"type", 
"length", 
"default_value", 
"is_auto_number")
 VALUES ('45891a13-0630-4f71-9768-803e45186f01', 
'b5938bec-4353-494c-a0ac-addc8d04cc3e', 
'AttributeType', 
'attributetype', 
30, 
200, 
'', 
false);
INSERT INTO "mendixsystem$attribute" ("id", 
"entity_id", 
"attribute_name", 
"column_name", 
"type", 
"length", 
"default_value", 
"is_auto_number")
 VALUES ('7cfa87d5-6d9c-4eea-b6ae-e359c165dabc', 
'b5938bec-4353-494c-a0ac-addc8d04cc3e', 
'FieldLength', 
'fieldlength', 
3, 
0, 
'', 
false);
INSERT INTO "mendixsystem$attribute" ("id", 
"entity_id", 
"attribute_name", 
"column_name", 
"type", 
"length", 
"default_value", 
"is_auto_number")
 VALUES ('9491e51f-3036-445a-94fb-4fd800e3e48c', 
'b5938bec-4353-494c-a0ac-addc8d04cc3e', 
'AttributeName', 
'attributename', 
30, 
200, 
'', 
false);
INSERT INTO "mendixsystem$attribute" ("id", 
"entity_id", 
"attribute_name", 
"column_name", 
"type", 
"length", 
"default_value", 
"is_auto_number")
 VALUES ('a3f39c56-7604-4981-8b20-e45f796c2000', 
'b5938bec-4353-494c-a0ac-addc8d04cc3e', 
'CompleteName', 
'completename', 
30, 
400, 
'', 
false);
INSERT INTO "mendixsystem$attribute" ("id", 
"entity_id", 
"attribute_name", 
"column_name", 
"type", 
"length", 
"default_value", 
"is_auto_number")
 VALUES ('deb2e8e1-b83c-41c3-a4c0-493db9ec5f65', 
'b5938bec-4353-494c-a0ac-addc8d04cc3e', 
'IsVirtual', 
'isvirtual', 
10, 
0, 
'false', 
false);
INSERT INTO "mendixsystem$attribute" ("id", 
"entity_id", 
"attribute_name", 
"column_name", 
"type", 
"length", 
"default_value", 
"is_auto_number")
 VALUES ('c50ffc1f-0a30-41a0-a9fb-fb2e13f9ac82', 
'b5938bec-4353-494c-a0ac-addc8d04cc3e', 
'AttributeTypeEnum', 
'attributetypeenum', 
40, 
11, 
'', 
false);
INSERT INTO "mendixsystem$attribute" ("id", 
"entity_id", 
"attribute_name", 
"column_name", 
"type", 
"length", 
"default_value", 
"is_auto_number")
 VALUES ('4b7193a5-95de-393d-a936-c1048088d611', 
'b5938bec-4353-494c-a0ac-addc8d04cc3e', 
'submetaobjectname', 
'submetaobjectname', 
30, 
255, 
'MxModelReflection.MxObjectMember', 
false);
INSERT INTO "mendixsystem$index" ("id", 
"table_id", 
"index_name")
 VALUES ('030a7aa1-56e2-3c81-b52e-0ce04da283d1', 
'b5938bec-4353-494c-a0ac-addc8d04cc3e', 
'idx_mxmodelreflection$mxobjectmember_submetaobjectname');
INSERT INTO "mendixsystem$index_column" ("index_id", 
"column_id", 
"sort_order", 
"ordinal")
 VALUES ('030a7aa1-56e2-3c81-b52e-0ce04da283d1', 
'4b7193a5-95de-393d-a936-c1048088d611', 
false, 
0);
INSERT INTO "mendixsystem$index" ("id", 
"table_id", 
"index_name")
 VALUES ('1c7eecf8-4ea2-307a-9d4d-01fbf5cc0260', 
'b5938bec-4353-494c-a0ac-addc8d04cc3e', 
'idx_mxmodelreflection$mxobjectmember_system$changedby');
INSERT INTO "mendixsystem$index_column" ("index_id", 
"column_id", 
"sort_order", 
"ordinal")
 VALUES ('1c7eecf8-4ea2-307a-9d4d-01fbf5cc0260', 
'a9b23d8b-78e3-3774-9809-4266c91ad72d', 
false, 
0);
INSERT INTO "mendixsystem$index" ("id", 
"table_id", 
"index_name")
 VALUES ('2ec41c58-f2a9-38f9-aa7e-d2c9652e12f0', 
'b5938bec-4353-494c-a0ac-addc8d04cc3e', 
'idx_mxmodelreflection$mxobjectmember_system$owner');
INSERT INTO "mendixsystem$index_column" ("index_id", 
"column_id", 
"sort_order", 
"ordinal")
 VALUES ('2ec41c58-f2a9-38f9-aa7e-d2c9652e12f0', 
'd34c46a7-08c1-31e3-b062-f3b329681f3c', 
false, 
0);
INSERT INTO "mendixsystem$association" ("id", 
"association_name", 
"table_name", 
"parent_entity_id", 
"child_entity_id", 
"parent_column_name", 
"child_column_name")
 VALUES ('a9b23d8b-78e3-3774-9809-4266c91ad72d', 
'System.changedBy', 
'system$changedby', 
'b5938bec-4353-494c-a0ac-addc8d04cc3e', 
'282e2e60-88a5-469d-84a5-ba8d9151644f', 
'id', 
'system$changedby');
INSERT INTO "mendixsystem$association" ("id", 
"association_name", 
"table_name", 
"parent_entity_id", 
"child_entity_id", 
"parent_column_name", 
"child_column_name")
 VALUES ('d34c46a7-08c1-31e3-b062-f3b329681f3c', 
'System.owner', 
'system$owner', 
'b5938bec-4353-494c-a0ac-addc8d04cc3e', 
'282e2e60-88a5-469d-84a5-ba8d9151644f', 
'id', 
'system$owner');
CREATE TABLE "mxmodelreflection$mxobjectmember_type" (
	"mxmodelreflection$mxobjectmemberid" BIGINT NOT NULL,
	"mxmodelreflection$valuetypeid" BIGINT NOT NULL,
	PRIMARY KEY("mxmodelreflection$mxobjectmemberid","mxmodelreflection$valuetypeid"));
CREATE INDEX "idx_mxmodelreflection$mxobjectmember_type_mxmodelreflection$valuetype_mxmodelreflection$mxobjectmember" ON "mxmodelreflection$mxobjectmember_type" ("mxmodelreflection$valuetypeid","mxmodelreflection$mxobjectmemberid");
INSERT INTO "mendixsystem$association" ("id", 
"association_name", 
"table_name", 
"parent_entity_id", 
"child_entity_id", 
"parent_column_name", 
"child_column_name", 
"index_name")
 VALUES ('2aad1f4a-3c51-4022-831e-2c1199251cd8', 
'MxModelReflection.MxObjectMember_Type', 
'mxmodelreflection$mxobjectmember_type', 
'b5938bec-4353-494c-a0ac-addc8d04cc3e', 
'9ba2582b-468c-46a7-8e47-ba2f4973991f', 
'mxmodelreflection$mxobjectmemberid', 
'mxmodelreflection$valuetypeid', 
'idx_mxmodelreflection$mxobjectmember_type_mxmodelreflection$valuetype_mxmodelreflection$mxobjectmember');
CREATE TABLE "mxmodelreflection$mxobjectmember_mxobjecttype" (
	"mxmodelreflection$mxobjectmemberid" BIGINT NOT NULL,
	"mxmodelreflection$mxobjecttypeid" BIGINT NOT NULL,
	PRIMARY KEY("mxmodelreflection$mxobjectmemberid","mxmodelreflection$mxobjecttypeid"));
CREATE INDEX "idx_mxmodelreflection$mxobjectmember_mxobjecttype_mxmodelreflection$mxobjecttype_mxmodelreflection$mxobjectmember" ON "mxmodelreflection$mxobjectmember_mxobjecttype" ("mxmodelreflection$mxobjecttypeid","mxmodelreflection$mxobjectmemberid");
INSERT INTO "mendixsystem$association" ("id", 
"association_name", 
"table_name", 
"parent_entity_id", 
"child_entity_id", 
"parent_column_name", 
"child_column_name", 
"index_name")
 VALUES ('93d2407f-a3f2-4f75-83c6-1cab2fd6c9bf', 
'MxModelReflection.MxObjectMember_MxObjectType', 
'mxmodelreflection$mxobjectmember_mxobjecttype', 
'b5938bec-4353-494c-a0ac-addc8d04cc3e', 
'1e645d01-7350-4c63-b9dd-1f07a76c2141', 
'mxmodelreflection$mxobjectmemberid', 
'mxmodelreflection$mxobjecttypeid', 
'idx_mxmodelreflection$mxobjectmember_mxobjecttype_mxmodelreflection$mxobjecttype_mxmodelreflection$mxobjectmember');
CREATE TABLE "mxmodelreflection$searchentity" (
	"id" BIGINT NOT NULL,
	"searchtext" VARCHAR_IGNORECASE(200) NULL,
	PRIMARY KEY("id"));
INSERT INTO "mendixsystem$entity" ("id", 
"entity_name", 
"table_name")
 VALUES ('41279159-7dbb-49d7-b424-d8b44db87a05', 
'MxModelReflection.SearchEntity', 
'mxmodelreflection$searchentity');
INSERT INTO "mendixsystem$attribute" ("id", 
"entity_id", 
"attribute_name", 
"column_name", 
"type", 
"length", 
"default_value", 
"is_auto_number")
 VALUES ('c3255cc5-97ff-4da0-bb86-a797a87123a6', 
'41279159-7dbb-49d7-b424-d8b44db87a05', 
'SearchText', 
'searchtext', 
30, 
200, 
'', 
false);
CREATE TABLE "xlsreport$mxcolumnsettings" (
	"id" BIGINT NOT NULL,
	"changeddate" TIMESTAMP NULL,
	"columnwidth" INT NULL,
	"columnindex" INT NULL,
	"createddate" TIMESTAMP NULL,
	"autosize" BOOLEAN NULL,
	"system$owner" BIGINT NULL,
	"system$changedby" BIGINT NULL,
	PRIMARY KEY("id"));
CREATE INDEX "idx_xlsreport$mxcolumnsettings_system$owner" ON "xlsreport$mxcolumnsettings" ("system$owner","id");
CREATE INDEX "idx_xlsreport$mxcolumnsettings_system$changedby" ON "xlsreport$mxcolumnsettings" ("system$changedby","id");
INSERT INTO "mendixsystem$entity" ("id", 
"entity_name", 
"table_name")
 VALUES ('a4c72120-2072-439f-9fc8-9be5f841cd9d', 
'XLSReport.MxColumnSettings', 
'xlsreport$mxcolumnsettings');
INSERT INTO "mendixsystem$attribute" ("id", 
"entity_id", 
"attribute_name", 
"column_name", 
"type", 
"length", 
"default_value", 
"is_auto_number")
 VALUES ('bdaf0f75-3686-3b95-9f17-27469e99d3e9', 
'a4c72120-2072-439f-9fc8-9be5f841cd9d', 
'changedDate', 
'changeddate', 
20, 
0, 
'', 
false);
INSERT INTO "mendixsystem$attribute" ("id", 
"entity_id", 
"attribute_name", 
"column_name", 
"type", 
"length", 
"default_value", 
"is_auto_number")
 VALUES ('0fe309e1-8b6f-4cbf-8fc2-f151a0862e4d', 
'a4c72120-2072-439f-9fc8-9be5f841cd9d', 
'ColumnWidth', 
'columnwidth', 
3, 
0, 
'0', 
false);
INSERT INTO "mendixsystem$attribute" ("id", 
"entity_id", 
"attribute_name", 
"column_name", 
"type", 
"length", 
"default_value", 
"is_auto_number")
 VALUES ('ab3803e9-7c8b-4acb-9c53-785545387036', 
'a4c72120-2072-439f-9fc8-9be5f841cd9d', 
'ColumnIndex', 
'columnindex', 
3, 
0, 
'0', 
false);
INSERT INTO "mendixsystem$attribute" ("id", 
"entity_id", 
"attribute_name", 
"column_name", 
"type", 
"length", 
"default_value", 
"is_auto_number")
 VALUES ('4d243fdd-4c2d-3187-9af8-56fc6fc1869a', 
'a4c72120-2072-439f-9fc8-9be5f841cd9d', 
'createdDate', 
'createddate', 
20, 
0, 
'', 
false);
INSERT INTO "mendixsystem$attribute" ("id", 
"entity_id", 
"attribute_name", 
"column_name", 
"type", 
"length", 
"default_value", 
"is_auto_number")
 VALUES ('f45c88c1-c7bf-4be0-988b-ff596be91dfa', 
'a4c72120-2072-439f-9fc8-9be5f841cd9d', 
'AutoSize', 
'autosize', 
10, 
0, 
'false', 
false);
INSERT INTO "mendixsystem$index" ("id", 
"table_id", 
"index_name")
 VALUES ('806da79c-42ee-3eac-bdb7-8924c2758a40', 
'a4c72120-2072-439f-9fc8-9be5f841cd9d', 
'idx_xlsreport$mxcolumnsettings_system$owner');
INSERT INTO "mendixsystem$index_column" ("index_id", 
"column_id", 
"sort_order", 
"ordinal")
 VALUES ('806da79c-42ee-3eac-bdb7-8924c2758a40', 
'f05d6088-bf39-3b60-ad24-e102a57d5e71', 
false, 
0);
INSERT INTO "mendixsystem$index" ("id", 
"table_id", 
"index_name")
 VALUES ('f992a641-8b51-3201-9c73-f58e6f37d196', 
'a4c72120-2072-439f-9fc8-9be5f841cd9d', 
'idx_xlsreport$mxcolumnsettings_system$changedby');
INSERT INTO "mendixsystem$index_column" ("index_id", 
"column_id", 
"sort_order", 
"ordinal")
 VALUES ('f992a641-8b51-3201-9c73-f58e6f37d196', 
'a6a4effe-093c-3b63-9e22-34e21c4cbc1e', 
false, 
0);
INSERT INTO "mendixsystem$association" ("id", 
"association_name", 
"table_name", 
"parent_entity_id", 
"child_entity_id", 
"parent_column_name", 
"child_column_name")
 VALUES ('f05d6088-bf39-3b60-ad24-e102a57d5e71', 
'System.owner', 
'system$owner', 
'a4c72120-2072-439f-9fc8-9be5f841cd9d', 
'282e2e60-88a5-469d-84a5-ba8d9151644f', 
'id', 
'system$owner');
INSERT INTO "mendixsystem$association" ("id", 
"association_name", 
"table_name", 
"parent_entity_id", 
"child_entity_id", 
"parent_column_name", 
"child_column_name")
 VALUES ('a6a4effe-093c-3b63-9e22-34e21c4cbc1e', 
'System.changedBy', 
'system$changedby', 
'a4c72120-2072-439f-9fc8-9be5f841cd9d', 
'282e2e60-88a5-469d-84a5-ba8d9151644f', 
'id', 
'system$changedby');
CREATE TABLE "xlsreport$columnsettings_mxsheet" (
	"xlsreport$mxcolumnsettingsid" BIGINT NOT NULL,
	"xlsreport$mxsheetid" BIGINT NOT NULL,
	PRIMARY KEY("xlsreport$mxcolumnsettingsid","xlsreport$mxsheetid"));
CREATE INDEX "idx_xlsreport$columnsettings_mxsheet_xlsreport$mxsheet_xlsreport$mxcolumnsettings" ON "xlsreport$columnsettings_mxsheet" ("xlsreport$mxsheetid","xlsreport$mxcolumnsettingsid");
INSERT INTO "mendixsystem$association" ("id", 
"association_name", 
"table_name", 
"parent_entity_id", 
"child_entity_id", 
"parent_column_name", 
"child_column_name", 
"index_name")
 VALUES ('791ff378-2033-4516-973a-ab43a2ba40ea', 
'XLSReport.ColumnSettings_MxSheet', 
'xlsreport$columnsettings_mxsheet', 
'a4c72120-2072-439f-9fc8-9be5f841cd9d', 
'e4ce1728-4549-4a71-ae26-2060751cd4e0', 
'xlsreport$mxcolumnsettingsid', 
'xlsreport$mxsheetid', 
'idx_xlsreport$columnsettings_mxsheet_xlsreport$mxsheet_xlsreport$mxcolumnsettings');
CREATE TABLE "xlsreport$mxconstraint" (
	"id" BIGINT NOT NULL,
	"constraintnumber" BIGINT NULL,
	"constraintfloat" DOUBLE NULL,
	"attribute" VARCHAR_IGNORECASE(200) NULL,
	"constraint" VARCHAR_IGNORECASE(12) NULL,
	"attributetype" VARCHAR_IGNORECASE(7) NULL,
	"constrainttext" VARCHAR_IGNORECASE(50) NULL,
	"constraintdatetime" VARCHAR_IGNORECASE(6) NULL,
	"constraintboolean" BOOLEAN NULL,
	"summary" VARCHAR_IGNORECASE(200) NULL,
	"sequence" INT NULL,
	"andor" VARCHAR_IGNORECASE(3) NULL,
	PRIMARY KEY("id"));
INSERT INTO "mendixsystem$entity" ("id", 
"entity_name", 
"table_name")
 VALUES ('9bc4f1a2-02b8-4036-9640-2472fc687106', 
'XLSReport.MxConstraint', 
'xlsreport$mxconstraint');
INSERT INTO "mendixsystem$attribute" ("id", 
"entity_id", 
"attribute_name", 
"column_name", 
"type", 
"length", 
"default_value", 
"is_auto_number")
 VALUES ('fbfb7ce2-3851-462a-b5dc-8d88f442b2c9', 
'9bc4f1a2-02b8-4036-9640-2472fc687106', 
'ConstraintNumber', 
'constraintnumber', 
4, 
0, 
'0', 
false);
INSERT INTO "mendixsystem$attribute" ("id", 
"entity_id", 
"attribute_name", 
"column_name", 
"type", 
"length", 
"default_value", 
"is_auto_number")
 VALUES ('7edf1d13-6cad-418d-8351-44cb06d62635', 
'9bc4f1a2-02b8-4036-9640-2472fc687106', 
'ConstraintFloat', 
'constraintfloat', 
2, 
0, 
'0.0', 
false);
INSERT INTO "mendixsystem$attribute" ("id", 
"entity_id", 
"attribute_name", 
"column_name", 
"type", 
"length", 
"default_value", 
"is_auto_number")
 VALUES ('3056984c-6076-4d82-993d-9064fff60afe', 
'9bc4f1a2-02b8-4036-9640-2472fc687106', 
'Attribute', 
'attribute', 
30, 
200, 
'', 
false);
INSERT INTO "mendixsystem$attribute" ("id", 
"entity_id", 
"attribute_name", 
"column_name", 
"type", 
"length", 
"default_value", 
"is_auto_number")
 VALUES ('546af8f1-226e-4b45-901f-797e6cbd7b91', 
'9bc4f1a2-02b8-4036-9640-2472fc687106', 
'Constraint', 
'constraint', 
40, 
12, 
'', 
false);
INSERT INTO "mendixsystem$attribute" ("id", 
"entity_id", 
"attribute_name", 
"column_name", 
"type", 
"length", 
"default_value", 
"is_auto_number")
 VALUES ('b0557d65-44e4-435c-86e8-1cb8b4c6eb08', 
'9bc4f1a2-02b8-4036-9640-2472fc687106', 
'AttributeType', 
'attributetype', 
40, 
7, 
'', 
false);
INSERT INTO "mendixsystem$attribute" ("id", 
"entity_id", 
"attribute_name", 
"column_name", 
"type", 
"length", 
"default_value", 
"is_auto_number")
 VALUES ('61b75503-99d5-4c93-8ce4-76625fa04419', 
'9bc4f1a2-02b8-4036-9640-2472fc687106', 
'ConstraintText', 
'constrainttext', 
30, 
50, 
'', 
false);
INSERT INTO "mendixsystem$attribute" ("id", 
"entity_id", 
"attribute_name", 
"column_name", 
"type", 
"length", 
"default_value", 
"is_auto_number")
 VALUES ('e124ca77-bfa9-4f2b-93f4-7eb15c676789', 
'9bc4f1a2-02b8-4036-9640-2472fc687106', 
'ConstraintDateTime', 
'constraintdatetime', 
40, 
6, 
'', 
false);
INSERT INTO "mendixsystem$attribute" ("id", 
"entity_id", 
"attribute_name", 
"column_name", 
"type", 
"length", 
"default_value", 
"is_auto_number")
 VALUES ('38a66b6b-018d-45ed-b4e4-628fb29615d6', 
'9bc4f1a2-02b8-4036-9640-2472fc687106', 
'ConstraintBoolean', 
'constraintboolean', 
10, 
0, 
'false', 
false);
INSERT INTO "mendixsystem$attribute" ("id", 
"entity_id", 
"attribute_name", 
"column_name", 
"type", 
"length", 
"default_value", 
"is_auto_number")
 VALUES ('3233303b-21bc-4673-98f4-544490eb888e', 
'9bc4f1a2-02b8-4036-9640-2472fc687106', 
'Summary', 
'summary', 
30, 
200, 
'', 
false);
INSERT INTO "mendixsystem$attribute" ("id", 
"entity_id", 
"attribute_name", 
"column_name", 
"type", 
"length", 
"default_value", 
"is_auto_number")
 VALUES ('0c8c1c59-52eb-46fe-a39f-2c6c9acc13ab', 
'9bc4f1a2-02b8-4036-9640-2472fc687106', 
'Sequence', 
'sequence', 
3, 
0, 
'0', 
false);
INSERT INTO "mendixsystem$attribute" ("id", 
"entity_id", 
"attribute_name", 
"column_name", 
"type", 
"length", 
"default_value", 
"is_auto_number")
 VALUES ('63eb02b1-8f46-48ee-8d81-cca69b669851', 
'9bc4f1a2-02b8-4036-9640-2472fc687106', 
'AndOr', 
'andor', 
40, 
3, 
'AND', 
false);
CREATE TABLE "xlsreport$mxconstraint_mxsheet" (
	"xlsreport$mxconstraintid" BIGINT NOT NULL,
	"xlsreport$mxsheetid" BIGINT NOT NULL,
	PRIMARY KEY("xlsreport$mxconstraintid","xlsreport$mxsheetid"));
CREATE INDEX "idx_xlsreport$mxconstraint_mxsheet_xlsreport$mxsheet_xlsreport$mxconstraint" ON "xlsreport$mxconstraint_mxsheet" ("xlsreport$mxsheetid","xlsreport$mxconstraintid");
INSERT INTO "mendixsystem$association" ("id", 
"association_name", 
"table_name", 
"parent_entity_id", 
"child_entity_id", 
"parent_column_name", 
"child_column_name", 
"index_name")
 VALUES ('8b21abd0-2eea-4d18-836d-2298f2323e99', 
'XLSReport.MxConstraint_MxSheet', 
'xlsreport$mxconstraint_mxsheet', 
'9bc4f1a2-02b8-4036-9640-2472fc687106', 
'e4ce1728-4549-4a71-ae26-2060751cd4e0', 
'xlsreport$mxconstraintid', 
'xlsreport$mxsheetid', 
'idx_xlsreport$mxconstraint_mxsheet_xlsreport$mxsheet_xlsreport$mxconstraint');
CREATE TABLE "xlsreport$mxconstraint_mxxpath" (
	"xlsreport$mxconstraintid" BIGINT NOT NULL,
	"xlsreport$mxxpathid" BIGINT NOT NULL,
	PRIMARY KEY("xlsreport$mxconstraintid","xlsreport$mxxpathid"));
CREATE INDEX "idx_xlsreport$mxconstraint_mxxpath_xlsreport$mxxpath_xlsreport$mxconstraint" ON "xlsreport$mxconstraint_mxxpath" ("xlsreport$mxxpathid","xlsreport$mxconstraintid");
INSERT INTO "mendixsystem$association" ("id", 
"association_name", 
"table_name", 
"parent_entity_id", 
"child_entity_id", 
"parent_column_name", 
"child_column_name", 
"index_name")
 VALUES ('5084e404-adc6-4159-8a45-26810c42fa5a', 
'XLSReport.MxConstraint_MxXPath', 
'xlsreport$mxconstraint_mxxpath', 
'9bc4f1a2-02b8-4036-9640-2472fc687106', 
'2c98505e-ffcc-4ce4-bf3f-19edfaf9112c', 
'xlsreport$mxconstraintid', 
'xlsreport$mxxpathid', 
'idx_xlsreport$mxconstraint_mxxpath_xlsreport$mxxpath_xlsreport$mxconstraint');
CREATE TABLE "xlsreport$mxsorting" (
	"id" BIGINT NOT NULL,
	"changeddate" TIMESTAMP NULL,
	"createddate" TIMESTAMP NULL,
	"attribute" VARCHAR_IGNORECASE(200) NULL,
	"summary" VARCHAR_IGNORECASE(200) NULL,
	"sortingdirection" VARCHAR_IGNORECASE(4) NULL,
	"sequence" INT NULL,
	"system$owner" BIGINT NULL,
	"system$changedby" BIGINT NULL,
	PRIMARY KEY("id"));
CREATE INDEX "idx_xlsreport$mxsorting_system$owner" ON "xlsreport$mxsorting" ("system$owner","id");
CREATE INDEX "idx_xlsreport$mxsorting_system$changedby" ON "xlsreport$mxsorting" ("system$changedby","id");
INSERT INTO "mendixsystem$entity" ("id", 
"entity_name", 
"table_name")
 VALUES ('47288d25-6e5d-49fa-b944-0dd731ec4db1', 
'XLSReport.MxSorting', 
'xlsreport$mxsorting');
INSERT INTO "mendixsystem$attribute" ("id", 
"entity_id", 
"attribute_name", 
"column_name", 
"type", 
"length", 
"default_value", 
"is_auto_number")
 VALUES ('4ccd16b3-3400-34e5-8368-0d67932a162b', 
'47288d25-6e5d-49fa-b944-0dd731ec4db1', 
'changedDate', 
'changeddate', 
20, 
0, 
'', 
false);
INSERT INTO "mendixsystem$attribute" ("id", 
"entity_id", 
"attribute_name", 
"column_name", 
"type", 
"length", 
"default_value", 
"is_auto_number")
 VALUES ('dd35aec7-872f-39b2-8a09-691ea4c4f944', 
'47288d25-6e5d-49fa-b944-0dd731ec4db1', 
'createdDate', 
'createddate', 
20, 
0, 
'', 
false);
INSERT INTO "mendixsystem$attribute" ("id", 
"entity_id", 
"attribute_name", 
"column_name", 
"type", 
"length", 
"default_value", 
"is_auto_number")
 VALUES ('76f28746-92a2-44dd-b0e4-732f16e9de72', 
'47288d25-6e5d-49fa-b944-0dd731ec4db1', 
'Attribute', 
'attribute', 
30, 
200, 
'', 
false);
INSERT INTO "mendixsystem$attribute" ("id", 
"entity_id", 
"attribute_name", 
"column_name", 
"type", 
"length", 
"default_value", 
"is_auto_number")
 VALUES ('e00aaca2-146c-4b62-aa98-e96de498098c', 
'47288d25-6e5d-49fa-b944-0dd731ec4db1', 
'Summary', 
'summary', 
30, 
200, 
'', 
false);
INSERT INTO "mendixsystem$attribute" ("id", 
"entity_id", 
"attribute_name", 
"column_name", 
"type", 
"length", 
"default_value", 
"is_auto_number")
 VALUES ('fbffc756-66f5-4872-acd9-802a96235765', 
'47288d25-6e5d-49fa-b944-0dd731ec4db1', 
'SortingDirection', 
'sortingdirection', 
40, 
4, 
'Asc', 
false);
INSERT INTO "mendixsystem$attribute" ("id", 
"entity_id", 
"attribute_name", 
"column_name", 
"type", 
"length", 
"default_value", 
"is_auto_number")
 VALUES ('0d1e4ff1-5d4b-4e26-add4-c4d487401c2a', 
'47288d25-6e5d-49fa-b944-0dd731ec4db1', 
'Sequence', 
'sequence', 
3, 
0, 
'0', 
false);
INSERT INTO "mendixsystem$index" ("id", 
"table_id", 
"index_name")
 VALUES ('fbc9fed1-5ba1-337a-a766-d97c31815ad5', 
'47288d25-6e5d-49fa-b944-0dd731ec4db1', 
'idx_xlsreport$mxsorting_system$owner');
INSERT INTO "mendixsystem$index_column" ("index_id", 
"column_id", 
"sort_order", 
"ordinal")
 VALUES ('fbc9fed1-5ba1-337a-a766-d97c31815ad5', 
'78d8105c-2598-37a9-81a2-a8f86a1994c7', 
false, 
0);
INSERT INTO "mendixsystem$index" ("id", 
"table_id", 
"index_name")
 VALUES ('8a3d52ad-4a98-3098-9286-f8e72c823d94', 
'47288d25-6e5d-49fa-b944-0dd731ec4db1', 
'idx_xlsreport$mxsorting_system$changedby');
INSERT INTO "mendixsystem$index_column" ("index_id", 
"column_id", 
"sort_order", 
"ordinal")
 VALUES ('8a3d52ad-4a98-3098-9286-f8e72c823d94', 
'7be7176c-2f36-34fc-b7b4-966326020df4', 
false, 
0);
INSERT INTO "mendixsystem$association" ("id", 
"association_name", 
"table_name", 
"parent_entity_id", 
"child_entity_id", 
"parent_column_name", 
"child_column_name")
 VALUES ('78d8105c-2598-37a9-81a2-a8f86a1994c7', 
'System.owner', 
'system$owner', 
'47288d25-6e5d-49fa-b944-0dd731ec4db1', 
'282e2e60-88a5-469d-84a5-ba8d9151644f', 
'id', 
'system$owner');
INSERT INTO "mendixsystem$association" ("id", 
"association_name", 
"table_name", 
"parent_entity_id", 
"child_entity_id", 
"parent_column_name", 
"child_column_name")
 VALUES ('7be7176c-2f36-34fc-b7b4-966326020df4', 
'System.changedBy', 
'system$changedby', 
'47288d25-6e5d-49fa-b944-0dd731ec4db1', 
'282e2e60-88a5-469d-84a5-ba8d9151644f', 
'id', 
'system$changedby');
CREATE TABLE "xlsreport$mxsorting_mxsheet" (
	"xlsreport$mxsortingid" BIGINT NOT NULL,
	"xlsreport$mxsheetid" BIGINT NOT NULL,
	PRIMARY KEY("xlsreport$mxsortingid","xlsreport$mxsheetid"));
CREATE INDEX "idx_xlsreport$mxsorting_mxsheet_xlsreport$mxsheet_xlsreport$mxsorting" ON "xlsreport$mxsorting_mxsheet" ("xlsreport$mxsheetid","xlsreport$mxsortingid");
INSERT INTO "mendixsystem$association" ("id", 
"association_name", 
"table_name", 
"parent_entity_id", 
"child_entity_id", 
"parent_column_name", 
"child_column_name", 
"index_name")
 VALUES ('da574553-9609-4770-925c-785065a81069', 
'XLSReport.MxSorting_MxSheet', 
'xlsreport$mxsorting_mxsheet', 
'47288d25-6e5d-49fa-b944-0dd731ec4db1', 
'e4ce1728-4549-4a71-ae26-2060751cd4e0', 
'xlsreport$mxsortingid', 
'xlsreport$mxsheetid', 
'idx_xlsreport$mxsorting_mxsheet_xlsreport$mxsheet_xlsreport$mxsorting');
CREATE TABLE "xlsreport$mxsorting_mxxpath" (
	"xlsreport$mxsortingid" BIGINT NOT NULL,
	"xlsreport$mxxpathid" BIGINT NOT NULL,
	PRIMARY KEY("xlsreport$mxsortingid","xlsreport$mxxpathid"));
CREATE INDEX "idx_xlsreport$mxsorting_mxxpath_xlsreport$mxxpath_xlsreport$mxsorting" ON "xlsreport$mxsorting_mxxpath" ("xlsreport$mxxpathid","xlsreport$mxsortingid");
INSERT INTO "mendixsystem$association" ("id", 
"association_name", 
"table_name", 
"parent_entity_id", 
"child_entity_id", 
"parent_column_name", 
"child_column_name", 
"index_name")
 VALUES ('d3f1f0e6-7d6c-406c-b9d0-175e6eb8280a', 
'XLSReport.MxSorting_MxXPath', 
'xlsreport$mxsorting_mxxpath', 
'47288d25-6e5d-49fa-b944-0dd731ec4db1', 
'2c98505e-ffcc-4ce4-bf3f-19edfaf9112c', 
'xlsreport$mxsortingid', 
'xlsreport$mxxpathid', 
'idx_xlsreport$mxsorting_mxxpath_xlsreport$mxxpath_xlsreport$mxsorting');
CREATE TABLE "mxmodelreflection$parameter" (
	"id" BIGINT NOT NULL,
	"changeddate" TIMESTAMP NULL,
	"createddate" TIMESTAMP NULL,
	"name" VARCHAR_IGNORECASE(200) NULL,
	"system$changedby" BIGINT NULL,
	"system$owner" BIGINT NULL,
	PRIMARY KEY("id"));
CREATE INDEX "idx_mxmodelreflection$parameter_system$changedby" ON "mxmodelreflection$parameter" ("system$changedby","id");
CREATE INDEX "idx_mxmodelreflection$parameter_system$owner" ON "mxmodelreflection$parameter" ("system$owner","id");
INSERT INTO "mendixsystem$entity" ("id", 
"entity_name", 
"table_name")
 VALUES ('0ab3b41d-45ef-4f8e-ba00-f4d8fe02e2bd', 
'MxModelReflection.Parameter', 
'mxmodelreflection$parameter');
INSERT INTO "mendixsystem$attribute" ("id", 
"entity_id", 
"attribute_name", 
"column_name", 
"type", 
"length", 
"default_value", 
"is_auto_number")
 VALUES ('e3a712b2-3201-3ef2-9322-46980fa95fa5', 
'0ab3b41d-45ef-4f8e-ba00-f4d8fe02e2bd', 
'changedDate', 
'changeddate', 
20, 
0, 
'', 
false);
INSERT INTO "mendixsystem$attribute" ("id", 
"entity_id", 
"attribute_name", 
"column_name", 
"type", 
"length", 
"default_value", 
"is_auto_number")
 VALUES ('6f7893eb-5445-3505-8e9a-26ee89d72e2d', 
'0ab3b41d-45ef-4f8e-ba00-f4d8fe02e2bd', 
'createdDate', 
'createddate', 
20, 
0, 
'', 
false);
INSERT INTO "mendixsystem$attribute" ("id", 
"entity_id", 
"attribute_name", 
"column_name", 
"type", 
"length", 
"default_value", 
"is_auto_number")
 VALUES ('bbba9055-575b-45d1-afbf-9919c0289f05', 
'0ab3b41d-45ef-4f8e-ba00-f4d8fe02e2bd', 
'Name', 
'name', 
30, 
200, 
'', 
false);
INSERT INTO "mendixsystem$index" ("id", 
"table_id", 
"index_name")
 VALUES ('b50c2a43-b085-3918-819b-99249411094c', 
'0ab3b41d-45ef-4f8e-ba00-f4d8fe02e2bd', 
'idx_mxmodelreflection$parameter_system$changedby');
INSERT INTO "mendixsystem$index_column" ("index_id", 
"column_id", 
"sort_order", 
"ordinal")
 VALUES ('b50c2a43-b085-3918-819b-99249411094c', 
'f26a496e-1ade-3353-825d-4fd946286774', 
false, 
0);
INSERT INTO "mendixsystem$index" ("id", 
"table_id", 
"index_name")
 VALUES ('43f7d29f-e682-3b2e-8e00-ce79c2a06b9d', 
'0ab3b41d-45ef-4f8e-ba00-f4d8fe02e2bd', 
'idx_mxmodelreflection$parameter_system$owner');
INSERT INTO "mendixsystem$index_column" ("index_id", 
"column_id", 
"sort_order", 
"ordinal")
 VALUES ('43f7d29f-e682-3b2e-8e00-ce79c2a06b9d', 
'944c4ade-2bcb-384c-80f9-0bdfff0ad5ed', 
false, 
0);
INSERT INTO "mendixsystem$association" ("id", 
"association_name", 
"table_name", 
"parent_entity_id", 
"child_entity_id", 
"parent_column_name", 
"child_column_name")
 VALUES ('f26a496e-1ade-3353-825d-4fd946286774', 
'System.changedBy', 
'system$changedby', 
'0ab3b41d-45ef-4f8e-ba00-f4d8fe02e2bd', 
'282e2e60-88a5-469d-84a5-ba8d9151644f', 
'id', 
'system$changedby');
INSERT INTO "mendixsystem$association" ("id", 
"association_name", 
"table_name", 
"parent_entity_id", 
"child_entity_id", 
"parent_column_name", 
"child_column_name")
 VALUES ('944c4ade-2bcb-384c-80f9-0bdfff0ad5ed', 
'System.owner', 
'system$owner', 
'0ab3b41d-45ef-4f8e-ba00-f4d8fe02e2bd', 
'282e2e60-88a5-469d-84a5-ba8d9151644f', 
'id', 
'system$owner');
CREATE TABLE "mxmodelreflection$parameter_mxobjecttype" (
	"mxmodelreflection$parameterid" BIGINT NOT NULL,
	"mxmodelreflection$mxobjecttypeid" BIGINT NOT NULL,
	PRIMARY KEY("mxmodelreflection$parameterid","mxmodelreflection$mxobjecttypeid"));
CREATE INDEX "idx_mxmodelreflection$parameter_mxobjecttype_mxmodelreflection$mxobjecttype_mxmodelreflection$parameter" ON "mxmodelreflection$parameter_mxobjecttype" ("mxmodelreflection$mxobjecttypeid","mxmodelreflection$parameterid");
INSERT INTO "mendixsystem$association" ("id", 
"association_name", 
"table_name", 
"parent_entity_id", 
"child_entity_id", 
"parent_column_name", 
"child_column_name", 
"index_name")
 VALUES ('75cdf8b2-003c-4c64-9db6-4b042f5756f9', 
'MxModelReflection.Parameter_MxObjectType', 
'mxmodelreflection$parameter_mxobjecttype', 
'0ab3b41d-45ef-4f8e-ba00-f4d8fe02e2bd', 
'1e645d01-7350-4c63-b9dd-1f07a76c2141', 
'mxmodelreflection$parameterid', 
'mxmodelreflection$mxobjecttypeid', 
'idx_mxmodelreflection$parameter_mxobjecttype_mxmodelreflection$mxobjecttype_mxmodelreflection$parameter');
CREATE TABLE "mxmodelreflection$parameter_valuetype" (
	"mxmodelreflection$parameterid" BIGINT NOT NULL,
	"mxmodelreflection$valuetypeid" BIGINT NOT NULL,
	PRIMARY KEY("mxmodelreflection$parameterid","mxmodelreflection$valuetypeid"));
CREATE INDEX "idx_mxmodelreflection$parameter_valuetype_mxmodelreflection$valuetype_mxmodelreflection$parameter" ON "mxmodelreflection$parameter_valuetype" ("mxmodelreflection$valuetypeid","mxmodelreflection$parameterid");
INSERT INTO "mendixsystem$association" ("id", 
"association_name", 
"table_name", 
"parent_entity_id", 
"child_entity_id", 
"parent_column_name", 
"child_column_name", 
"index_name")
 VALUES ('a40316c3-b2f8-4d46-9182-3de51016b62f', 
'MxModelReflection.Parameter_ValueType', 
'mxmodelreflection$parameter_valuetype', 
'0ab3b41d-45ef-4f8e-ba00-f4d8fe02e2bd', 
'9ba2582b-468c-46a7-8e47-ba2f4973991f', 
'mxmodelreflection$parameterid', 
'mxmodelreflection$valuetypeid', 
'idx_mxmodelreflection$parameter_valuetype_mxmodelreflection$valuetype_mxmodelreflection$parameter');
CREATE TABLE "mxmodelreflection$token" (
	"id" BIGINT NOT NULL,
	"status" VARCHAR_IGNORECASE(7) NULL,
	"findreference" VARCHAR_IGNORECASE(200) NULL,
	"findobjectstart" VARCHAR_IGNORECASE(200) NULL,
	"displaypattern" VARCHAR_IGNORECASE(50) NULL,
	"description" VARCHAR_IGNORECASE(300) NULL,
	"metamodelpath" VARCHAR_IGNORECASE(1000) NULL,
	"token" VARCHAR_IGNORECASE(50) NULL,
	"prefix" VARCHAR_IGNORECASE(3) NULL,
	"findobjectreference" VARCHAR_IGNORECASE(200) NULL,
	"findmember" VARCHAR_IGNORECASE(200) NULL,
	"changeddate" TIMESTAMP NULL,
	"tokentype" VARCHAR_IGNORECASE(9) NULL,
	"suffix" VARCHAR_IGNORECASE(3) NULL,
	"findmemberreference" VARCHAR_IGNORECASE(200) NULL,
	"createddate" TIMESTAMP NULL,
	"isoptional" BOOLEAN NULL,
	"combinedtoken" VARCHAR_IGNORECASE(56) NULL,
	"system$changedby" BIGINT NULL,
	"system$owner" BIGINT NULL,
	PRIMARY KEY("id"));
CREATE INDEX "idx_mxmodelreflection$token_combinedtoken" ON "mxmodelreflection$token" ("combinedtoken","id");
CREATE INDEX "idx_mxmodelreflection$token_system$changedby" ON "mxmodelreflection$token" ("system$changedby","id");
CREATE INDEX "idx_mxmodelreflection$token_system$owner" ON "mxmodelreflection$token" ("system$owner","id");
INSERT INTO "mendixsystem$entity" ("id", 
"entity_name", 
"table_name")
 VALUES ('0526d578-d324-46b1-8083-dc4133201ad0', 
'MxModelReflection.Token', 
'mxmodelreflection$token');
INSERT INTO "mendixsystem$attribute" ("id", 
"entity_id", 
"attribute_name", 
"column_name", 
"type", 
"length", 
"default_value", 
"is_auto_number")
 VALUES ('93966462-7bbd-4f85-80b5-d6fe618ab24c', 
'0526d578-d324-46b1-8083-dc4133201ad0', 
'Status', 
'status', 
40, 
7, 
'Invalid', 
false);
INSERT INTO "mendixsystem$attribute" ("id", 
"entity_id", 
"attribute_name", 
"column_name", 
"type", 
"length", 
"default_value", 
"is_auto_number")
 VALUES ('ac303bb9-1127-4bb6-ae7d-beef9d83b48b', 
'0526d578-d324-46b1-8083-dc4133201ad0', 
'FindReference', 
'findreference', 
30, 
200, 
'', 
false);
INSERT INTO "mendixsystem$attribute" ("id", 
"entity_id", 
"attribute_name", 
"column_name", 
"type", 
"length", 
"default_value", 
"is_auto_number")
 VALUES ('48d9ce29-cfc6-4977-a665-77793c4cfef9', 
'0526d578-d324-46b1-8083-dc4133201ad0', 
'FindObjectStart', 
'findobjectstart', 
30, 
200, 
'', 
false);
INSERT INTO "mendixsystem$attribute" ("id", 
"entity_id", 
"attribute_name", 
"column_name", 
"type", 
"length", 
"default_value", 
"is_auto_number")
 VALUES ('c2000ee5-1eb3-48c9-afae-f7ba9d8eed1b', 
'0526d578-d324-46b1-8083-dc4133201ad0', 
'DisplayPattern', 
'displaypattern', 
30, 
50, 
'', 
false);
INSERT INTO "mendixsystem$attribute" ("id", 
"entity_id", 
"attribute_name", 
"column_name", 
"type", 
"length", 
"default_value", 
"is_auto_number")
 VALUES ('97ad18e7-b53d-4fe3-af6b-7c95020cc553', 
'0526d578-d324-46b1-8083-dc4133201ad0', 
'Description', 
'description', 
30, 
300, 
'', 
false);
INSERT INTO "mendixsystem$attribute" ("id", 
"entity_id", 
"attribute_name", 
"column_name", 
"type", 
"length", 
"default_value", 
"is_auto_number")
 VALUES ('a64d2d6f-a8af-428a-bf31-eac941481eab', 
'0526d578-d324-46b1-8083-dc4133201ad0', 
'MetaModelPath', 
'metamodelpath', 
30, 
1000, 
'', 
false);
INSERT INTO "mendixsystem$attribute" ("id", 
"entity_id", 
"attribute_name", 
"column_name", 
"type", 
"length", 
"default_value", 
"is_auto_number")
 VALUES ('251ebd9b-bc9d-4021-a13d-2d82c5f7ef40', 
'0526d578-d324-46b1-8083-dc4133201ad0', 
'Token', 
'token', 
30, 
50, 
'', 
false);
INSERT INTO "mendixsystem$attribute" ("id", 
"entity_id", 
"attribute_name", 
"column_name", 
"type", 
"length", 
"default_value", 
"is_auto_number")
 VALUES ('4db6b5f6-e13b-484b-94c3-7f2a67551817', 
'0526d578-d324-46b1-8083-dc4133201ad0', 
'Prefix', 
'prefix', 
30, 
3, 
'{%', 
false);
INSERT INTO "mendixsystem$attribute" ("id", 
"entity_id", 
"attribute_name", 
"column_name", 
"type", 
"length", 
"default_value", 
"is_auto_number")
 VALUES ('3e309f18-f090-438a-bd42-b43506ad7adf', 
'0526d578-d324-46b1-8083-dc4133201ad0', 
'FindObjectReference', 
'findobjectreference', 
30, 
200, 
'', 
false);
INSERT INTO "mendixsystem$attribute" ("id", 
"entity_id", 
"attribute_name", 
"column_name", 
"type", 
"length", 
"default_value", 
"is_auto_number")
 VALUES ('956bc98a-3f49-4fd0-8926-69cc66508f23', 
'0526d578-d324-46b1-8083-dc4133201ad0', 
'FindMember', 
'findmember', 
30, 
200, 
'', 
false);
INSERT INTO "mendixsystem$attribute" ("id", 
"entity_id", 
"attribute_name", 
"column_name", 
"type", 
"length", 
"default_value", 
"is_auto_number")
 VALUES ('bb48d453-ef5a-3f4d-890e-f0d70c6411dc', 
'0526d578-d324-46b1-8083-dc4133201ad0', 
'changedDate', 
'changeddate', 
20, 
0, 
'', 
false);
INSERT INTO "mendixsystem$attribute" ("id", 
"entity_id", 
"attribute_name", 
"column_name", 
"type", 
"length", 
"default_value", 
"is_auto_number")
 VALUES ('3fc91946-a669-4cd2-9e2b-110ad0f34d03', 
'0526d578-d324-46b1-8083-dc4133201ad0', 
'TokenType', 
'tokentype', 
40, 
9, 
'', 
false);
INSERT INTO "mendixsystem$attribute" ("id", 
"entity_id", 
"attribute_name", 
"column_name", 
"type", 
"length", 
"default_value", 
"is_auto_number")
 VALUES ('9f1ba367-69aa-421b-9bc1-23c02c185c59', 
'0526d578-d324-46b1-8083-dc4133201ad0', 
'Suffix', 
'suffix', 
30, 
3, 
'%}', 
false);
INSERT INTO "mendixsystem$attribute" ("id", 
"entity_id", 
"attribute_name", 
"column_name", 
"type", 
"length", 
"default_value", 
"is_auto_number")
 VALUES ('50a677aa-5c68-47ac-ac61-5a638033c8fe', 
'0526d578-d324-46b1-8083-dc4133201ad0', 
'FindMemberReference', 
'findmemberreference', 
30, 
200, 
'', 
false);
INSERT INTO "mendixsystem$attribute" ("id", 
"entity_id", 
"attribute_name", 
"column_name", 
"type", 
"length", 
"default_value", 
"is_auto_number")
 VALUES ('680f3f1a-58cd-3013-ac2b-9c1db1f39f00', 
'0526d578-d324-46b1-8083-dc4133201ad0', 
'createdDate', 
'createddate', 
20, 
0, 
'', 
false);
INSERT INTO "mendixsystem$attribute" ("id", 
"entity_id", 
"attribute_name", 
"column_name", 
"type", 
"length", 
"default_value", 
"is_auto_number")
 VALUES ('a9852966-0423-44c0-8332-f679002371f6', 
'0526d578-d324-46b1-8083-dc4133201ad0', 
'IsOptional', 
'isoptional', 
10, 
0, 
'false', 
false);
INSERT INTO "mendixsystem$attribute" ("id", 
"entity_id", 
"attribute_name", 
"column_name", 
"type", 
"length", 
"default_value", 
"is_auto_number")
 VALUES ('47437608-e093-427a-8325-4ba6fe261270', 
'0526d578-d324-46b1-8083-dc4133201ad0', 
'CombinedToken', 
'combinedtoken', 
30, 
56, 
'', 
false);
INSERT INTO "mendixsystem$index" ("id", 
"table_id", 
"index_name")
 VALUES ('5e6690d4-b5ed-4890-8b1d-28a94c340c07', 
'0526d578-d324-46b1-8083-dc4133201ad0', 
'idx_mxmodelreflection$token_combinedtoken');
INSERT INTO "mendixsystem$index_column" ("index_id", 
"column_id", 
"sort_order", 
"ordinal")
 VALUES ('5e6690d4-b5ed-4890-8b1d-28a94c340c07', 
'47437608-e093-427a-8325-4ba6fe261270', 
false, 
0);
INSERT INTO "mendixsystem$index" ("id", 
"table_id", 
"index_name")
 VALUES ('bc86e9bb-eafe-36ed-9101-c547d17be0a1', 
'0526d578-d324-46b1-8083-dc4133201ad0', 
'idx_mxmodelreflection$token_system$changedby');
INSERT INTO "mendixsystem$index_column" ("index_id", 
"column_id", 
"sort_order", 
"ordinal")
 VALUES ('bc86e9bb-eafe-36ed-9101-c547d17be0a1', 
'c1eb64ec-9c3b-3613-bf7b-490293610e5f', 
false, 
0);
INSERT INTO "mendixsystem$index" ("id", 
"table_id", 
"index_name")
 VALUES ('7ded1885-f518-3432-b46d-a4189a67654f', 
'0526d578-d324-46b1-8083-dc4133201ad0', 
'idx_mxmodelreflection$token_system$owner');
INSERT INTO "mendixsystem$index_column" ("index_id", 
"column_id", 
"sort_order", 
"ordinal")
 VALUES ('7ded1885-f518-3432-b46d-a4189a67654f', 
'1606c896-192c-32f3-aa94-9db8920719c3', 
false, 
0);
INSERT INTO "mendixsystem$association" ("id", 
"association_name", 
"table_name", 
"parent_entity_id", 
"child_entity_id", 
"parent_column_name", 
"child_column_name")
 VALUES ('c1eb64ec-9c3b-3613-bf7b-490293610e5f', 
'System.changedBy', 
'system$changedby', 
'0526d578-d324-46b1-8083-dc4133201ad0', 
'282e2e60-88a5-469d-84a5-ba8d9151644f', 
'id', 
'system$changedby');
INSERT INTO "mendixsystem$association" ("id", 
"association_name", 
"table_name", 
"parent_entity_id", 
"child_entity_id", 
"parent_column_name", 
"child_column_name")
 VALUES ('1606c896-192c-32f3-aa94-9db8920719c3', 
'System.owner', 
'system$owner', 
'0526d578-d324-46b1-8083-dc4133201ad0', 
'282e2e60-88a5-469d-84a5-ba8d9151644f', 
'id', 
'system$owner');
CREATE TABLE "mxmodelreflection$token_mxobjecttype_start" (
	"mxmodelreflection$tokenid" BIGINT NOT NULL,
	"mxmodelreflection$mxobjecttypeid" BIGINT NOT NULL,
	PRIMARY KEY("mxmodelreflection$tokenid","mxmodelreflection$mxobjecttypeid"));
CREATE INDEX "idx_mxmodelreflection$token_mxobjecttype_start_mxmodelreflection$mxobjecttype_mxmodelreflection$token" ON "mxmodelreflection$token_mxobjecttype_start" ("mxmodelreflection$mxobjecttypeid","mxmodelreflection$tokenid");
INSERT INTO "mendixsystem$association" ("id", 
"association_name", 
"table_name", 
"parent_entity_id", 
"child_entity_id", 
"parent_column_name", 
"child_column_name", 
"index_name")
 VALUES ('b055ddb8-4a9a-4149-af15-3aae4d4d98a5', 
'MxModelReflection.Token_MxObjectType_Start', 
'mxmodelreflection$token_mxobjecttype_start', 
'0526d578-d324-46b1-8083-dc4133201ad0', 
'1e645d01-7350-4c63-b9dd-1f07a76c2141', 
'mxmodelreflection$tokenid', 
'mxmodelreflection$mxobjecttypeid', 
'idx_mxmodelreflection$token_mxobjecttype_start_mxmodelreflection$mxobjecttype_mxmodelreflection$token');
CREATE TABLE "mxmodelreflection$token_mxobjectmember" (
	"mxmodelreflection$tokenid" BIGINT NOT NULL,
	"mxmodelreflection$mxobjectmemberid" BIGINT NOT NULL,
	PRIMARY KEY("mxmodelreflection$tokenid","mxmodelreflection$mxobjectmemberid"));
CREATE INDEX "idx_mxmodelreflection$token_mxobjectmember_mxmodelreflection$mxobjectmember_mxmodelreflection$token" ON "mxmodelreflection$token_mxobjectmember" ("mxmodelreflection$mxobjectmemberid","mxmodelreflection$tokenid");
INSERT INTO "mendixsystem$association" ("id", 
"association_name", 
"table_name", 
"parent_entity_id", 
"child_entity_id", 
"parent_column_name", 
"child_column_name", 
"index_name")
 VALUES ('9e7334c3-2169-4ecb-9fb8-8640c08bf06e', 
'MxModelReflection.Token_MxObjectMember', 
'mxmodelreflection$token_mxobjectmember', 
'0526d578-d324-46b1-8083-dc4133201ad0', 
'b5938bec-4353-494c-a0ac-addc8d04cc3e', 
'mxmodelreflection$tokenid', 
'mxmodelreflection$mxobjectmemberid', 
'idx_mxmodelreflection$token_mxobjectmember_mxmodelreflection$mxobjectmember_mxmodelreflection$token');
CREATE TABLE "mxmodelreflection$token_mxobjectreference" (
	"mxmodelreflection$tokenid" BIGINT NOT NULL,
	"mxmodelreflection$mxobjectreferenceid" BIGINT NOT NULL,
	PRIMARY KEY("mxmodelreflection$tokenid","mxmodelreflection$mxobjectreferenceid"));
CREATE INDEX "idx_mxmodelreflection$token_mxobjectreference_mxmodelreflection$mxobjectreference_mxmodelreflection$token" ON "mxmodelreflection$token_mxobjectreference" ("mxmodelreflection$mxobjectreferenceid","mxmodelreflection$tokenid");
INSERT INTO "mendixsystem$association" ("id", 
"association_name", 
"table_name", 
"parent_entity_id", 
"child_entity_id", 
"parent_column_name", 
"child_column_name", 
"index_name")
 VALUES ('1c884ed1-a46e-47a4-ab44-17d8b40bafdc', 
'MxModelReflection.Token_MxObjectReference', 
'mxmodelreflection$token_mxobjectreference', 
'0526d578-d324-46b1-8083-dc4133201ad0', 
'4015dced-50bc-4bc7-aa32-9c1d61572811', 
'mxmodelreflection$tokenid', 
'mxmodelreflection$mxobjectreferenceid', 
'idx_mxmodelreflection$token_mxobjectreference_mxmodelreflection$mxobjectreference_mxmodelreflection$token');
CREATE TABLE "mxmodelreflection$token_mxobjecttype_referenced" (
	"mxmodelreflection$tokenid" BIGINT NOT NULL,
	"mxmodelreflection$mxobjecttypeid" BIGINT NOT NULL,
	PRIMARY KEY("mxmodelreflection$tokenid","mxmodelreflection$mxobjecttypeid"));
CREATE INDEX "idx_mxmodelreflection$token_mxobjecttype_referenced_mxmodelreflection$mxobjecttype_mxmodelreflection$token" ON "mxmodelreflection$token_mxobjecttype_referenced" ("mxmodelreflection$mxobjecttypeid","mxmodelreflection$tokenid");
INSERT INTO "mendixsystem$association" ("id", 
"association_name", 
"table_name", 
"parent_entity_id", 
"child_entity_id", 
"parent_column_name", 
"child_column_name", 
"index_name")
 VALUES ('874563f3-53e4-433a-9ec7-c1ed4645b247', 
'MxModelReflection.Token_MxObjectType_Referenced', 
'mxmodelreflection$token_mxobjecttype_referenced', 
'0526d578-d324-46b1-8083-dc4133201ad0', 
'1e645d01-7350-4c63-b9dd-1f07a76c2141', 
'mxmodelreflection$tokenid', 
'mxmodelreflection$mxobjecttypeid', 
'idx_mxmodelreflection$token_mxobjecttype_referenced_mxmodelreflection$mxobjecttype_mxmodelreflection$token');
CREATE TABLE "xlsreport$mxdata" (
	"id" BIGINT NOT NULL,
	"status" VARCHAR_IGNORECASE(3) NULL,
	"changeddate" TIMESTAMP NULL,
	"createddate" TIMESTAMP NULL,
	"name" VARCHAR_IGNORECASE(200) NULL,
	"submetaobjectname" VARCHAR_IGNORECASE(255) NULL,
	"system$changedby" BIGINT NULL,
	"system$owner" BIGINT NULL,
	PRIMARY KEY("id"));
CREATE INDEX "idx_xlsreport$mxdata_submetaobjectname" ON "xlsreport$mxdata" ("submetaobjectname","id");
CREATE INDEX "idx_xlsreport$mxdata_system$changedby" ON "xlsreport$mxdata" ("system$changedby","id");
CREATE INDEX "idx_xlsreport$mxdata_system$owner" ON "xlsreport$mxdata" ("system$owner","id");
INSERT INTO "mendixsystem$entity" ("id", 
"entity_name", 
"table_name")
 VALUES ('740417d5-09ca-41da-8cff-24b02895959b', 
'XLSReport.MxData', 
'xlsreport$mxdata');
INSERT INTO "mendixsystem$attribute" ("id", 
"entity_id", 
"attribute_name", 
"column_name", 
"type", 
"length", 
"default_value", 
"is_auto_number")
 VALUES ('b6e74863-6716-4256-b237-6121229a71f1', 
'740417d5-09ca-41da-8cff-24b02895959b', 
'Status', 
'status', 
40, 
3, 
'No', 
false);
INSERT INTO "mendixsystem$attribute" ("id", 
"entity_id", 
"attribute_name", 
"column_name", 
"type", 
"length", 
"default_value", 
"is_auto_number")
 VALUES ('01ffd1d3-5258-3cc6-901f-f88ced326452', 
'740417d5-09ca-41da-8cff-24b02895959b', 
'changedDate', 
'changeddate', 
20, 
0, 
'', 
false);
INSERT INTO "mendixsystem$attribute" ("id", 
"entity_id", 
"attribute_name", 
"column_name", 
"type", 
"length", 
"default_value", 
"is_auto_number")
 VALUES ('d328089e-bb0e-389e-8656-c2bb752c40f2', 
'740417d5-09ca-41da-8cff-24b02895959b', 
'createdDate', 
'createddate', 
20, 
0, 
'', 
false);
INSERT INTO "mendixsystem$attribute" ("id", 
"entity_id", 
"attribute_name", 
"column_name", 
"type", 
"length", 
"default_value", 
"is_auto_number")
 VALUES ('cd7a6ce9-3869-4c8d-88f0-796a8025c68d', 
'740417d5-09ca-41da-8cff-24b02895959b', 
'Name', 
'name', 
30, 
200, 
'', 
false);
INSERT INTO "mendixsystem$attribute" ("id", 
"entity_id", 
"attribute_name", 
"column_name", 
"type", 
"length", 
"default_value", 
"is_auto_number")
 VALUES ('e8c581c9-97e6-3f3e-982f-6fb1882c2dbe', 
'740417d5-09ca-41da-8cff-24b02895959b', 
'submetaobjectname', 
'submetaobjectname', 
30, 
255, 
'XLSReport.MxData', 
false);
INSERT INTO "mendixsystem$index" ("id", 
"table_id", 
"index_name")
 VALUES ('4ddfbfc0-b416-3326-a1f9-ac27d55b8110', 
'740417d5-09ca-41da-8cff-24b02895959b', 
'idx_xlsreport$mxdata_submetaobjectname');
INSERT INTO "mendixsystem$index_column" ("index_id", 
"column_id", 
"sort_order", 
"ordinal")
 VALUES ('4ddfbfc0-b416-3326-a1f9-ac27d55b8110', 
'e8c581c9-97e6-3f3e-982f-6fb1882c2dbe', 
false, 
0);
INSERT INTO "mendixsystem$index" ("id", 
"table_id", 
"index_name")
 VALUES ('d21d15de-0aee-3485-96ac-2bfd522e8ff0', 
'740417d5-09ca-41da-8cff-24b02895959b', 
'idx_xlsreport$mxdata_system$changedby');
INSERT INTO "mendixsystem$index_column" ("index_id", 
"column_id", 
"sort_order", 
"ordinal")
 VALUES ('d21d15de-0aee-3485-96ac-2bfd522e8ff0', 
'9c893140-deee-3ae9-8fa5-beabf571762c', 
false, 
0);
INSERT INTO "mendixsystem$index" ("id", 
"table_id", 
"index_name")
 VALUES ('4687a965-cb1e-341e-bdc0-35b5514b57fe', 
'740417d5-09ca-41da-8cff-24b02895959b', 
'idx_xlsreport$mxdata_system$owner');
INSERT INTO "mendixsystem$index_column" ("index_id", 
"column_id", 
"sort_order", 
"ordinal")
 VALUES ('4687a965-cb1e-341e-bdc0-35b5514b57fe', 
'd4e08e52-c438-3b38-b49c-5987976a55f7', 
false, 
0);
INSERT INTO "mendixsystem$association" ("id", 
"association_name", 
"table_name", 
"parent_entity_id", 
"child_entity_id", 
"parent_column_name", 
"child_column_name")
 VALUES ('9c893140-deee-3ae9-8fa5-beabf571762c', 
'System.changedBy', 
'system$changedby', 
'740417d5-09ca-41da-8cff-24b02895959b', 
'282e2e60-88a5-469d-84a5-ba8d9151644f', 
'id', 
'system$changedby');
INSERT INTO "mendixsystem$association" ("id", 
"association_name", 
"table_name", 
"parent_entity_id", 
"child_entity_id", 
"parent_column_name", 
"child_column_name")
 VALUES ('d4e08e52-c438-3b38-b49c-5987976a55f7', 
'System.owner', 
'system$owner', 
'740417d5-09ca-41da-8cff-24b02895959b', 
'282e2e60-88a5-469d-84a5-ba8d9151644f', 
'id', 
'system$owner');
CREATE TABLE "xlsreport$mxdata_mxsheet" (
	"xlsreport$mxdataid" BIGINT NOT NULL,
	"xlsreport$mxsheetid" BIGINT NOT NULL,
	PRIMARY KEY("xlsreport$mxdataid","xlsreport$mxsheetid"));
CREATE INDEX "idx_xlsreport$mxdata_mxsheet_xlsreport$mxsheet_xlsreport$mxdata" ON "xlsreport$mxdata_mxsheet" ("xlsreport$mxsheetid","xlsreport$mxdataid");
INSERT INTO "mendixsystem$association" ("id", 
"association_name", 
"table_name", 
"parent_entity_id", 
"child_entity_id", 
"parent_column_name", 
"child_column_name", 
"index_name")
 VALUES ('c1e43cfb-e785-4cc4-91ec-ca6aa2ff866c', 
'XLSReport.MxData_MxSheet', 
'xlsreport$mxdata_mxsheet', 
'740417d5-09ca-41da-8cff-24b02895959b', 
'e4ce1728-4549-4a71-ae26-2060751cd4e0', 
'xlsreport$mxdataid', 
'xlsreport$mxsheetid', 
'idx_xlsreport$mxdata_mxsheet_xlsreport$mxsheet_xlsreport$mxdata');
CREATE TABLE "xlsreport$mxdata_mxcellstyle" (
	"xlsreport$mxdataid" BIGINT NOT NULL,
	"xlsreport$mxcellstyleid" BIGINT NOT NULL,
	PRIMARY KEY("xlsreport$mxdataid","xlsreport$mxcellstyleid"));
CREATE INDEX "idx_xlsreport$mxdata_mxcellstyle_xlsreport$mxcellstyle_xlsreport$mxdata" ON "xlsreport$mxdata_mxcellstyle" ("xlsreport$mxcellstyleid","xlsreport$mxdataid");
INSERT INTO "mendixsystem$association" ("id", 
"association_name", 
"table_name", 
"parent_entity_id", 
"child_entity_id", 
"parent_column_name", 
"child_column_name", 
"index_name")
 VALUES ('970b6e21-653a-4564-bef8-d6a43243dda6', 
'XLSReport.MxData_MxCellStyle', 
'xlsreport$mxdata_mxcellstyle', 
'740417d5-09ca-41da-8cff-24b02895959b', 
'b21f0208-94b3-4eec-bf8b-b8b0977261b3', 
'xlsreport$mxdataid', 
'xlsreport$mxcellstyleid', 
'idx_xlsreport$mxdata_mxcellstyle_xlsreport$mxcellstyle_xlsreport$mxdata');
CREATE TABLE "mxmodelreflection$mxobjectenumcaptions" (
	"id" BIGINT NOT NULL,
	"languagecode" VARCHAR_IGNORECASE(8) NULL,
	"changeddate" TIMESTAMP NULL,
	"createddate" TIMESTAMP NULL,
	"languagename" VARCHAR_IGNORECASE(200) NULL,
	"caption" VARCHAR_IGNORECASE(200) NULL,
	"system$owner" BIGINT NULL,
	"system$changedby" BIGINT NULL,
	PRIMARY KEY("id"));
CREATE INDEX "idx_mxmodelreflection$mxobjectenumcaptions_system$owner" ON "mxmodelreflection$mxobjectenumcaptions" ("system$owner","id");
CREATE INDEX "idx_mxmodelreflection$mxobjectenumcaptions_system$changedby" ON "mxmodelreflection$mxobjectenumcaptions" ("system$changedby","id");
INSERT INTO "mendixsystem$entity" ("id", 
"entity_name", 
"table_name")
 VALUES ('2ef38221-cfc7-48ca-a86b-0a4a69ccd659', 
'MxModelReflection.MxObjectEnumCaptions', 
'mxmodelreflection$mxobjectenumcaptions');
INSERT INTO "mendixsystem$attribute" ("id", 
"entity_id", 
"attribute_name", 
"column_name", 
"type", 
"length", 
"default_value", 
"is_auto_number")
 VALUES ('c9ee15f0-5394-45ae-b8e8-33be91de0a09', 
'2ef38221-cfc7-48ca-a86b-0a4a69ccd659', 
'LanguageCode', 
'languagecode', 
30, 
8, 
'', 
false);
INSERT INTO "mendixsystem$attribute" ("id", 
"entity_id", 
"attribute_name", 
"column_name", 
"type", 
"length", 
"default_value", 
"is_auto_number")
 VALUES ('088f2350-ac67-31ac-96e2-90e3846cb22e', 
'2ef38221-cfc7-48ca-a86b-0a4a69ccd659', 
'changedDate', 
'changeddate', 
20, 
0, 
'', 
false);
INSERT INTO "mendixsystem$attribute" ("id", 
"entity_id", 
"attribute_name", 
"column_name", 
"type", 
"length", 
"default_value", 
"is_auto_number")
 VALUES ('9bad3f93-dd6f-3193-9f22-6284aa953efb', 
'2ef38221-cfc7-48ca-a86b-0a4a69ccd659', 
'createdDate', 
'createddate', 
20, 
0, 
'', 
false);
INSERT INTO "mendixsystem$attribute" ("id", 
"entity_id", 
"attribute_name", 
"column_name", 
"type", 
"length", 
"default_value", 
"is_auto_number")
 VALUES ('a2b45c03-2351-4237-992b-83ad32f79107', 
'2ef38221-cfc7-48ca-a86b-0a4a69ccd659', 
'LanguageName', 
'languagename', 
30, 
200, 
'', 
false);
INSERT INTO "mendixsystem$attribute" ("id", 
"entity_id", 
"attribute_name", 
"column_name", 
"type", 
"length", 
"default_value", 
"is_auto_number")
 VALUES ('47ba7174-3943-4c63-8e66-61784b4d7600', 
'2ef38221-cfc7-48ca-a86b-0a4a69ccd659', 
'Caption', 
'caption', 
30, 
200, 
'', 
false);
INSERT INTO "mendixsystem$index" ("id", 
"table_id", 
"index_name")
 VALUES ('962b9023-c397-3c39-9152-24f6929c1a96', 
'2ef38221-cfc7-48ca-a86b-0a4a69ccd659', 
'idx_mxmodelreflection$mxobjectenumcaptions_system$owner');
INSERT INTO "mendixsystem$index_column" ("index_id", 
"column_id", 
"sort_order", 
"ordinal")
 VALUES ('962b9023-c397-3c39-9152-24f6929c1a96', 
'356570cf-d2b6-37bf-a792-26dc8e741281', 
false, 
0);
INSERT INTO "mendixsystem$index" ("id", 
"table_id", 
"index_name")
 VALUES ('eed1b315-95f7-3fce-83cd-093a65c09f7b', 
'2ef38221-cfc7-48ca-a86b-0a4a69ccd659', 
'idx_mxmodelreflection$mxobjectenumcaptions_system$changedby');
INSERT INTO "mendixsystem$index_column" ("index_id", 
"column_id", 
"sort_order", 
"ordinal")
 VALUES ('eed1b315-95f7-3fce-83cd-093a65c09f7b', 
'f4f36cd7-9865-3cab-879f-c8fd970ff25f', 
false, 
0);
INSERT INTO "mendixsystem$association" ("id", 
"association_name", 
"table_name", 
"parent_entity_id", 
"child_entity_id", 
"parent_column_name", 
"child_column_name")
 VALUES ('356570cf-d2b6-37bf-a792-26dc8e741281', 
'System.owner', 
'system$owner', 
'2ef38221-cfc7-48ca-a86b-0a4a69ccd659', 
'282e2e60-88a5-469d-84a5-ba8d9151644f', 
'id', 
'system$owner');
INSERT INTO "mendixsystem$association" ("id", 
"association_name", 
"table_name", 
"parent_entity_id", 
"child_entity_id", 
"parent_column_name", 
"child_column_name")
 VALUES ('f4f36cd7-9865-3cab-879f-c8fd970ff25f', 
'System.changedBy', 
'system$changedby', 
'2ef38221-cfc7-48ca-a86b-0a4a69ccd659', 
'282e2e60-88a5-469d-84a5-ba8d9151644f', 
'id', 
'system$changedby');
CREATE TABLE "mxmodelreflection$module" (
	"id" BIGINT NOT NULL,
	"synchronizeobjectswithinmodule" BOOLEAN NULL,
	"modulename" VARCHAR_IGNORECASE(200) NULL,
	PRIMARY KEY("id"));
INSERT INTO "mendixsystem$entity" ("id", 
"entity_name", 
"table_name")
 VALUES ('3879a615-98f7-417e-b7e0-03e3919d5245', 
'MxModelReflection.Module', 
'mxmodelreflection$module');
INSERT INTO "mendixsystem$attribute" ("id", 
"entity_id", 
"attribute_name", 
"column_name", 
"type", 
"length", 
"default_value", 
"is_auto_number")
 VALUES ('f175682f-ca11-44df-bb1f-a350954ee527', 
'3879a615-98f7-417e-b7e0-03e3919d5245', 
'SynchronizeObjectsWithinModule', 
'synchronizeobjectswithinmodule', 
10, 
0, 
'false', 
false);
INSERT INTO "mendixsystem$attribute" ("id", 
"entity_id", 
"attribute_name", 
"column_name", 
"type", 
"length", 
"default_value", 
"is_auto_number")
 VALUES ('ae090b85-b383-437f-99a1-cbd8de3dfd0b', 
'3879a615-98f7-417e-b7e0-03e3919d5245', 
'ModuleName', 
'modulename', 
30, 
200, 
'', 
false);
CREATE TABLE "system$userreportinfo" (
	"id" BIGINT NOT NULL,
	"hash" VARCHAR_IGNORECASE(64) NULL,
	"usertype" VARCHAR_IGNORECASE(8) NULL,
	PRIMARY KEY("id"));
INSERT INTO "mendixsystem$entity" ("id", 
"entity_name", 
"table_name")
 VALUES ('1c90a770-98ef-45df-9267-b87973cc6581', 
'System.UserReportInfo', 
'system$userreportinfo');
INSERT INTO "mendixsystem$attribute" ("id", 
"entity_id", 
"attribute_name", 
"column_name", 
"type", 
"length", 
"default_value", 
"is_auto_number")
 VALUES ('e959c75a-c655-45d8-8b7d-a4335dcbf581', 
'1c90a770-98ef-45df-9267-b87973cc6581', 
'Hash', 
'hash', 
30, 
64, 
'', 
false);
INSERT INTO "mendixsystem$attribute" ("id", 
"entity_id", 
"attribute_name", 
"column_name", 
"type", 
"length", 
"default_value", 
"is_auto_number")
 VALUES ('d6f4a7fc-3c2d-4793-bfc0-8dde42937863', 
'1c90a770-98ef-45df-9267-b87973cc6581', 
'UserType', 
'usertype', 
40, 
8, 
'Internal', 
false);
CREATE TABLE "system$userreportinfo_user" (
	"system$userreportinfoid" BIGINT NOT NULL,
	"system$userid" BIGINT NOT NULL,
	PRIMARY KEY("system$userreportinfoid","system$userid"));
CREATE INDEX "idx_system$userreportinfo_user_system$user_system$userreportinfo" ON "system$userreportinfo_user" ("system$userid","system$userreportinfoid");
INSERT INTO "mendixsystem$association" ("id", 
"association_name", 
"table_name", 
"parent_entity_id", 
"child_entity_id", 
"parent_column_name", 
"child_column_name", 
"index_name")
 VALUES ('d88b344c-b1e5-4759-b60e-0348e63ac445', 
'System.UserReportInfo_User', 
'system$userreportinfo_user', 
'1c90a770-98ef-45df-9267-b87973cc6581', 
'282e2e60-88a5-469d-84a5-ba8d9151644f', 
'system$userreportinfoid', 
'system$userid', 
'idx_system$userreportinfo_user_system$user_system$userreportinfo');
CREATE TABLE "xlsreport$mxstatic" (
	"id" BIGINT NOT NULL,
	"columnplace" INT NULL,
	"rowplace" INT NULL,
	"statictype" VARCHAR_IGNORECASE(12) NULL,
	"aggregatefunction" VARCHAR_IGNORECASE(7) NULL,
	PRIMARY KEY("id"));
INSERT INTO "mendixsystem$entity" ("id", 
"entity_name", 
"table_name", 
"superentity_id")
 VALUES ('4701543f-b353-469b-918b-0fbf2dfdee90', 
'XLSReport.MxStatic', 
'xlsreport$mxstatic', 
'740417d5-09ca-41da-8cff-24b02895959b');
INSERT INTO "mendixsystem$attribute" ("id", 
"entity_id", 
"attribute_name", 
"column_name", 
"type", 
"length", 
"default_value", 
"is_auto_number")
 VALUES ('0bb1ef46-cf91-40b3-afad-4de1e6a35c80', 
'4701543f-b353-469b-918b-0fbf2dfdee90', 
'ColumnPlace', 
'columnplace', 
3, 
0, 
'0', 
false);
INSERT INTO "mendixsystem$attribute" ("id", 
"entity_id", 
"attribute_name", 
"column_name", 
"type", 
"length", 
"default_value", 
"is_auto_number")
 VALUES ('dc032056-ea50-4f81-994a-ef039a9a94d9', 
'4701543f-b353-469b-918b-0fbf2dfdee90', 
'RowPlace', 
'rowplace', 
3, 
0, 
'0', 
false);
INSERT INTO "mendixsystem$attribute" ("id", 
"entity_id", 
"attribute_name", 
"column_name", 
"type", 
"length", 
"default_value", 
"is_auto_number")
 VALUES ('5fe56340-66bc-41b0-a381-eb75711ece98', 
'4701543f-b353-469b-918b-0fbf2dfdee90', 
'StaticType', 
'statictype', 
40, 
12, 
'', 
false);
INSERT INTO "mendixsystem$attribute" ("id", 
"entity_id", 
"attribute_name", 
"column_name", 
"type", 
"length", 
"default_value", 
"is_auto_number")
 VALUES ('27516bff-60e8-4f61-9dfc-70ecb0a3ec56', 
'4701543f-b353-469b-918b-0fbf2dfdee90', 
'AggregateFunction', 
'aggregatefunction', 
40, 
7, 
'', 
false);
CREATE TABLE "xlsreport$mxstatic_mxobjectmember" (
	"xlsreport$mxstaticid" BIGINT NOT NULL,
	"mxmodelreflection$mxobjectmemberid" BIGINT NOT NULL,
	PRIMARY KEY("xlsreport$mxstaticid","mxmodelreflection$mxobjectmemberid"));
CREATE INDEX "idx_xlsreport$mxstatic_mxobjectmember_mxmodelreflection$mxobjectmember_xlsreport$mxstatic" ON "xlsreport$mxstatic_mxobjectmember" ("mxmodelreflection$mxobjectmemberid","xlsreport$mxstaticid");
INSERT INTO "mendixsystem$association" ("id", 
"association_name", 
"table_name", 
"parent_entity_id", 
"child_entity_id", 
"parent_column_name", 
"child_column_name", 
"index_name")
 VALUES ('e37c5c02-34f7-407d-b8e4-1e581ec5a6ed', 
'XLSReport.MxStatic_MxObjectMember', 
'xlsreport$mxstatic_mxobjectmember', 
'4701543f-b353-469b-918b-0fbf2dfdee90', 
'b5938bec-4353-494c-a0ac-addc8d04cc3e', 
'xlsreport$mxstaticid', 
'mxmodelreflection$mxobjectmemberid', 
'idx_xlsreport$mxstatic_mxobjectmember_mxmodelreflection$mxobjectmember_xlsreport$mxstatic');
CREATE TABLE "xlsreport$mxstatic_mxcolumn" (
	"xlsreport$mxstaticid" BIGINT NOT NULL,
	"xlsreport$mxcolumnid" BIGINT NOT NULL,
	PRIMARY KEY("xlsreport$mxstaticid","xlsreport$mxcolumnid"));
CREATE INDEX "idx_xlsreport$mxstatic_mxcolumn_xlsreport$mxcolumn_xlsreport$mxstatic" ON "xlsreport$mxstatic_mxcolumn" ("xlsreport$mxcolumnid","xlsreport$mxstaticid");
INSERT INTO "mendixsystem$association" ("id", 
"association_name", 
"table_name", 
"parent_entity_id", 
"child_entity_id", 
"parent_column_name", 
"child_column_name", 
"index_name")
 VALUES ('5091f87a-ba8d-4256-959f-4a2ebb5ca319', 
'XLSReport.MxStatic_MxColumn', 
'xlsreport$mxstatic_mxcolumn', 
'4701543f-b353-469b-918b-0fbf2dfdee90', 
'314ce275-d7d7-4d1d-b2e3-af570ff89013', 
'xlsreport$mxstaticid', 
'xlsreport$mxcolumnid', 
'idx_xlsreport$mxstatic_mxcolumn_xlsreport$mxcolumn_xlsreport$mxstatic');
CREATE TABLE "mxmodelreflection$searchtemp" (
	"id" BIGINT NOT NULL,
	"persistence" VARCHAR_IGNORECASE(200) NULL,
	"entity" VARCHAR_IGNORECASE(200) NULL,
	"module" VARCHAR_IGNORECASE(200) NULL,
	PRIMARY KEY("id"));
INSERT INTO "mendixsystem$entity" ("id", 
"entity_name", 
"table_name")
 VALUES ('65bdadff-7a74-4955-91b5-08a111c06ba1', 
'MxModelReflection.SearchTemp', 
'mxmodelreflection$searchtemp');
INSERT INTO "mendixsystem$attribute" ("id", 
"entity_id", 
"attribute_name", 
"column_name", 
"type", 
"length", 
"default_value", 
"is_auto_number")
 VALUES ('5e994584-42b2-48a0-ac0a-8a000bc92854', 
'65bdadff-7a74-4955-91b5-08a111c06ba1', 
'Persistence', 
'persistence', 
30, 
200, 
'', 
false);
INSERT INTO "mendixsystem$attribute" ("id", 
"entity_id", 
"attribute_name", 
"column_name", 
"type", 
"length", 
"default_value", 
"is_auto_number")
 VALUES ('7443b437-0dd4-4aa6-86ef-6a3fccd7e2ef', 
'65bdadff-7a74-4955-91b5-08a111c06ba1', 
'Entity', 
'entity', 
30, 
200, 
'', 
false);
INSERT INTO "mendixsystem$attribute" ("id", 
"entity_id", 
"attribute_name", 
"column_name", 
"type", 
"length", 
"default_value", 
"is_auto_number")
 VALUES ('ac4beea8-cab7-46a0-b1de-6704b782d4b2', 
'65bdadff-7a74-4955-91b5-08a111c06ba1', 
'Module', 
'module', 
30, 
200, 
'', 
false);
CREATE TABLE "xlsreport$mxreferencehandling" (
	"id" BIGINT NOT NULL,
	"reference" VARCHAR_IGNORECASE(200) NULL,
	"jointype" VARCHAR_IGNORECASE(5) NULL,
	PRIMARY KEY("id"));
CREATE INDEX "idx_xlsreport$mxreferencehandling_reference" ON "xlsreport$mxreferencehandling" ("reference","id");
INSERT INTO "mendixsystem$entity" ("id", 
"entity_name", 
"table_name")
 VALUES ('6d102ba7-0be4-4394-9113-9a09543a7ac0', 
'XLSReport.MxReferenceHandling', 
'xlsreport$mxreferencehandling');
INSERT INTO "mendixsystem$attribute" ("id", 
"entity_id", 
"attribute_name", 
"column_name", 
"type", 
"length", 
"default_value", 
"is_auto_number")
 VALUES ('249c88b1-8d00-4fd5-9d0a-ac3e1ec0ed7f', 
'6d102ba7-0be4-4394-9113-9a09543a7ac0', 
'Reference', 
'reference', 
30, 
200, 
'', 
false);
INSERT INTO "mendixsystem$attribute" ("id", 
"entity_id", 
"attribute_name", 
"column_name", 
"type", 
"length", 
"default_value", 
"is_auto_number")
 VALUES ('fb3a7c9a-6681-47cb-ae2b-7bd64c1750d5', 
'6d102ba7-0be4-4394-9113-9a09543a7ac0', 
'JoinType', 
'jointype', 
40, 
5, 
'INNER', 
false);
INSERT INTO "mendixsystem$index" ("id", 
"table_id", 
"index_name")
 VALUES ('1fac3bed-4fdc-41ab-a046-514dc38555ae', 
'6d102ba7-0be4-4394-9113-9a09543a7ac0', 
'idx_xlsreport$mxreferencehandling_reference');
INSERT INTO "mendixsystem$index_column" ("index_id", 
"column_id", 
"sort_order", 
"ordinal")
 VALUES ('1fac3bed-4fdc-41ab-a046-514dc38555ae', 
'249c88b1-8d00-4fd5-9d0a-ac3e1ec0ed7f', 
false, 
0);
CREATE TABLE "xlsreport$mxreferencehandling_mxsheet" (
	"xlsreport$mxreferencehandlingid" BIGINT NOT NULL,
	"xlsreport$mxsheetid" BIGINT NOT NULL,
	PRIMARY KEY("xlsreport$mxreferencehandlingid","xlsreport$mxsheetid"));
CREATE INDEX "idx_xlsreport$mxreferencehandling_mxsheet_xlsreport$mxsheet_xlsreport$mxreferencehandling" ON "xlsreport$mxreferencehandling_mxsheet" ("xlsreport$mxsheetid","xlsreport$mxreferencehandlingid");
INSERT INTO "mendixsystem$association" ("id", 
"association_name", 
"table_name", 
"parent_entity_id", 
"child_entity_id", 
"parent_column_name", 
"child_column_name", 
"index_name")
 VALUES ('cc99fec0-6a84-4c49-bb66-84554a7fdf73', 
'XLSReport.MxReferenceHandling_MxSheet', 
'xlsreport$mxreferencehandling_mxsheet', 
'6d102ba7-0be4-4394-9113-9a09543a7ac0', 
'e4ce1728-4549-4a71-ae26-2060751cd4e0', 
'xlsreport$mxreferencehandlingid', 
'xlsreport$mxsheetid', 
'idx_xlsreport$mxreferencehandling_mxsheet_xlsreport$mxsheet_xlsreport$mxreferencehandling');
CREATE TABLE "mxmodelreflection$mxobjecttype" (
	"id" BIGINT NOT NULL,
	"changeddate" TIMESTAMP NULL,
	"createddate" TIMESTAMP NULL,
	"persistencetype" VARCHAR_IGNORECASE(14) NULL,
	"completename" VARCHAR_IGNORECASE(200) NULL,
	"module" VARCHAR_IGNORECASE(200) NULL,
	"name" VARCHAR_IGNORECASE(200) NULL,
	"readablename" VARCHAR_IGNORECASE(400) NULL,
	"system$changedby" BIGINT NULL,
	"system$owner" BIGINT NULL,
	PRIMARY KEY("id"));
CREATE INDEX "idx_mxmodelreflection$mxobjecttype_system$changedby" ON "mxmodelreflection$mxobjecttype" ("system$changedby","id");
CREATE INDEX "idx_mxmodelreflection$mxobjecttype_system$owner" ON "mxmodelreflection$mxobjecttype" ("system$owner","id");
INSERT INTO "mendixsystem$entity" ("id", 
"entity_name", 
"table_name")
 VALUES ('1e645d01-7350-4c63-b9dd-1f07a76c2141', 
'MxModelReflection.MxObjectType', 
'mxmodelreflection$mxobjecttype');
INSERT INTO "mendixsystem$attribute" ("id", 
"entity_id", 
"attribute_name", 
"column_name", 
"type", 
"length", 
"default_value", 
"is_auto_number")
 VALUES ('3fc69e4c-9fbf-39a2-ae69-8a2fe10a9d83', 
'1e645d01-7350-4c63-b9dd-1f07a76c2141', 
'changedDate', 
'changeddate', 
20, 
0, 
'', 
false);
INSERT INTO "mendixsystem$attribute" ("id", 
"entity_id", 
"attribute_name", 
"column_name", 
"type", 
"length", 
"default_value", 
"is_auto_number")
 VALUES ('fb0ab4b3-d380-3171-a394-4974082413d2', 
'1e645d01-7350-4c63-b9dd-1f07a76c2141', 
'createdDate', 
'createddate', 
20, 
0, 
'', 
false);
INSERT INTO "mendixsystem$attribute" ("id", 
"entity_id", 
"attribute_name", 
"column_name", 
"type", 
"length", 
"default_value", 
"is_auto_number")
 VALUES ('8a0a676a-9a46-4d67-8525-a7436fd8f5fb', 
'1e645d01-7350-4c63-b9dd-1f07a76c2141', 
'PersistenceType', 
'persistencetype', 
40, 
14, 
'Persistable', 
false);
INSERT INTO "mendixsystem$attribute" ("id", 
"entity_id", 
"attribute_name", 
"column_name", 
"type", 
"length", 
"default_value", 
"is_auto_number")
 VALUES ('5b0bb1c1-3a8b-4f37-8480-364c1af46ed9', 
'1e645d01-7350-4c63-b9dd-1f07a76c2141', 
'CompleteName', 
'completename', 
30, 
200, 
'', 
false);
INSERT INTO "mendixsystem$attribute" ("id", 
"entity_id", 
"attribute_name", 
"column_name", 
"type", 
"length", 
"default_value", 
"is_auto_number")
 VALUES ('b981aab4-9c3c-46a2-9260-502138859afa', 
'1e645d01-7350-4c63-b9dd-1f07a76c2141', 
'Module', 
'module', 
30, 
200, 
'', 
false);
INSERT INTO "mendixsystem$attribute" ("id", 
"entity_id", 
"attribute_name", 
"column_name", 
"type", 
"length", 
"default_value", 
"is_auto_number")
 VALUES ('1c72c31e-789b-44d8-b70a-834007f8ae82', 
'1e645d01-7350-4c63-b9dd-1f07a76c2141', 
'Name', 
'name', 
30, 
200, 
'', 
false);
INSERT INTO "mendixsystem$attribute" ("id", 
"entity_id", 
"attribute_name", 
"column_name", 
"type", 
"length", 
"default_value", 
"is_auto_number")
 VALUES ('cad0f9b1-b04a-4927-ba1f-7e8f8422bf28', 
'1e645d01-7350-4c63-b9dd-1f07a76c2141', 
'ReadableName', 
'readablename', 
30, 
400, 
'', 
false);
INSERT INTO "mendixsystem$index" ("id", 
"table_id", 
"index_name")
 VALUES ('d96bad05-4eee-3051-bf25-5caf75be827a', 
'1e645d01-7350-4c63-b9dd-1f07a76c2141', 
'idx_mxmodelreflection$mxobjecttype_system$changedby');
INSERT INTO "mendixsystem$index_column" ("index_id", 
"column_id", 
"sort_order", 
"ordinal")
 VALUES ('d96bad05-4eee-3051-bf25-5caf75be827a', 
'c97d06ce-5451-3c1b-ac83-abf653224367', 
false, 
0);
INSERT INTO "mendixsystem$index" ("id", 
"table_id", 
"index_name")
 VALUES ('59eea10c-09e2-39aa-b6c6-e1ef88b1a89b', 
'1e645d01-7350-4c63-b9dd-1f07a76c2141', 
'idx_mxmodelreflection$mxobjecttype_system$owner');
INSERT INTO "mendixsystem$index_column" ("index_id", 
"column_id", 
"sort_order", 
"ordinal")
 VALUES ('59eea10c-09e2-39aa-b6c6-e1ef88b1a89b', 
'9194ddf1-09f2-33cd-84df-78d80abe7011', 
false, 
0);
INSERT INTO "mendixsystem$association" ("id", 
"association_name", 
"table_name", 
"parent_entity_id", 
"child_entity_id", 
"parent_column_name", 
"child_column_name")
 VALUES ('c97d06ce-5451-3c1b-ac83-abf653224367', 
'System.changedBy', 
'system$changedby', 
'1e645d01-7350-4c63-b9dd-1f07a76c2141', 
'282e2e60-88a5-469d-84a5-ba8d9151644f', 
'id', 
'system$changedby');
INSERT INTO "mendixsystem$association" ("id", 
"association_name", 
"table_name", 
"parent_entity_id", 
"child_entity_id", 
"parent_column_name", 
"child_column_name")
 VALUES ('9194ddf1-09f2-33cd-84df-78d80abe7011', 
'System.owner', 
'system$owner', 
'1e645d01-7350-4c63-b9dd-1f07a76c2141', 
'282e2e60-88a5-469d-84a5-ba8d9151644f', 
'id', 
'system$owner');
CREATE TABLE "mxmodelreflection$mxobjecttype_subclassof_mxobjecttype" (
	"mxmodelreflection$mxobjecttypeid1" BIGINT NOT NULL,
	"mxmodelreflection$mxobjecttypeid2" BIGINT NOT NULL,
	PRIMARY KEY("mxmodelreflection$mxobjecttypeid1","mxmodelreflection$mxobjecttypeid2"));
CREATE INDEX "idx_mxmodelreflection$mxobjecttype_subclassof_mxobjecttype_mxmodelreflection$mxobjecttype_mxmodelreflection$mxobjecttype" ON "mxmodelreflection$mxobjecttype_subclassof_mxobjecttype" ("mxmodelreflection$mxobjecttypeid2","mxmodelreflection$mxobjecttypeid1");
INSERT INTO "mendixsystem$association" ("id", 
"association_name", 
"table_name", 
"parent_entity_id", 
"child_entity_id", 
"parent_column_name", 
"child_column_name", 
"index_name")
 VALUES ('e272ac93-ab27-47be-9710-68787d0dd15e', 
'MxModelReflection.MxObjectType_SubClassOf_MxObjectType', 
'mxmodelreflection$mxobjecttype_subclassof_mxobjecttype', 
'1e645d01-7350-4c63-b9dd-1f07a76c2141', 
'1e645d01-7350-4c63-b9dd-1f07a76c2141', 
'mxmodelreflection$mxobjecttypeid1', 
'mxmodelreflection$mxobjecttypeid2', 
'idx_mxmodelreflection$mxobjecttype_subclassof_mxobjecttype_mxmodelreflection$mxobjecttype_mxmodelreflection$mxobjecttype');
CREATE TABLE "mxmodelreflection$mxobjecttype_module" (
	"mxmodelreflection$mxobjecttypeid" BIGINT NOT NULL,
	"mxmodelreflection$moduleid" BIGINT NOT NULL,
	PRIMARY KEY("mxmodelreflection$mxobjecttypeid","mxmodelreflection$moduleid"));
CREATE INDEX "idx_mxmodelreflection$mxobjecttype_module_mxmodelreflection$module_mxmodelreflection$mxobjecttype" ON "mxmodelreflection$mxobjecttype_module" ("mxmodelreflection$moduleid","mxmodelreflection$mxobjecttypeid");
INSERT INTO "mendixsystem$association" ("id", 
"association_name", 
"table_name", 
"parent_entity_id", 
"child_entity_id", 
"parent_column_name", 
"child_column_name", 
"index_name")
 VALUES ('8cb325f9-0471-44ad-aaba-99173730f0d3', 
'MxModelReflection.MxObjectType_Module', 
'mxmodelreflection$mxobjecttype_module', 
'1e645d01-7350-4c63-b9dd-1f07a76c2141', 
'3879a615-98f7-417e-b7e0-03e3919d5245', 
'mxmodelreflection$mxobjecttypeid', 
'mxmodelreflection$moduleid', 
'idx_mxmodelreflection$mxobjecttype_module_mxmodelreflection$module_mxmodelreflection$mxobjecttype');
ALTER TABLE "myfirstmodule$template" DROP COLUMN "changeddate";
UPDATE "mendixsystem$version"
 SET "versionnumber" = '4.2', 
"lastsyncdate" = '20171121 15:16:10';
