﻿<?xml version='1.0' encoding='utf-8'?><m:page id='9ff039da-9b38-472b-a2a0-a3d1fe4d2d84' xmlns='http://www.w3.org/1999/xhtml' title='Page Title' class='layout-sidebar-responsive' xmlns:m='http://schemas.mendix.com/forms/1.0'><m:layouts><m:layout path='NavigationLayouts/Sidebar_Full_Responsive.layout.xml'></m:layout></m:layouts><m:arguments><m:argument parameterName='90307765-bc1b-483c-818f-821454fe380b'><div data-mendix-id='4_0' class='mx-layoutgrid mx-layoutgrid-fluid mx-name-layoutGrid1'><div class='row'><div class='col-md-12'><div data-mendix-id='4_5' data-mendix-type='mxui.widget.DataGrid' data-mendix-props='"friendlyId":"MyFirstModule.Assumptions_Overview.grid14","entity":"MyFirstModule.Assumptions","schema":"c4f8bab4-b5cd-4287-9e53-1454a2e5ef32","config":{"locale":"fr_BE","gridType":"Standalone","gridpresentation":{"rows":20,"columns":1,"controlbar":true,"pagingbar":true,"searchbar":true,"waitforsearch":false,"selectionmode":"single","editable":false,"sortable":true,"refresh":0,"selectfirst":false,"showemptyrows":false},"datasource":{"friendlyId":"MyFirstModule.Assumptions_Overview.grid14","type":"database","path":"MyFirstModule.Assumptions","xpathConstraints":"","offlineConstraints":[]},"searchOptions":{"searchBar":true,"toggleable":true,"toggledByDefault":true},"searchElements":[{"searchInputName":"searchField1","defaults":null,"defaultsParser":"Simple","caption":"Service  nature","path":"Service_Nature","operator":"contains"}],"controlBar":{"gridTools":[{"mxid":"4_1","friendlyId":"MyFirstModule.Assumptions_Overview.searchButton7","name":"searchButton7","caption":{"$type":"textTemplate","text":"Search","friendlyId":"MyFirstModule.Assumptions_Overview.searchButton7"},"title":"","cssClass":"btn-default","cssStyle":"margin-top: 30px; margin-left: 10px;"},{"mxid":"4_2","friendlyId":"MyFirstModule.Assumptions_Overview.newButton1","name":"newButton1","caption":{"$type":"textTemplate","text":"New","friendlyId":"MyFirstModule.Assumptions_Overview.newButton1"},"title":"","cssClass":"btn-default","cssStyle":"margin-top: 30px;","visibleForRoles":["Administrator","User"]},{"mxid":"4_3","friendlyId":"MyFirstModule.Assumptions_Overview.editButton1","name":"editButton1","caption":{"$type":"textTemplate","text":"Edit","friendlyId":"MyFirstModule.Assumptions_Overview.editButton1"},"title":"","cssClass":"btn-default","cssStyle":"margin-top: 30px;","visibleForRoles":["Administrator","User"]},{"mxid":"4_4","friendlyId":"MyFirstModule.Assumptions_Overview.deleteButton1","name":"deleteButton1","caption":{"$type":"textTemplate","text":"Delete","friendlyId":"MyFirstModule.Assumptions_Overview.deleteButton1"},"title":"","cssClass":"btn-default","cssStyle":"margin-top: 30px;"}],"gridActions":[{"keyValue":"4_1","gridFunction":"ToggleSearch"},{"keyValue":"4_2","gridFunction":"InsertNew","params":{"MyFirstModule.Assumptions":{"pageSettings":{"path":"MyFirstModule/Assumptions.page.xml","location":"modal","resizable":true,"allowedRoles":["Administrator","User"]}}}},{"keyValue":"4_3","gridFunction":"EditSelection","params":{"MyFirstModule.Assumptions":{"pageSettings":{"path":"MyFirstModule/Assumptions.page.xml","location":"modal","resizable":true,"allowedRoles":["Administrator","User"]}}}},{"keyValue":"4_4","gridFunction":"DeleteSelection"}]},"defaultButton":{"clickType":"double","mxid":"4_3"},"griddata":[{"tag":"Service_Nature","name":"column1","editable":false,"render":"String","display":{"width":"33%","string":"Service  nature","cssStyle":"text-align: left;"}},{"tag":"Properties","name":"column2","editable":false,"render":"String","display":{"width":"33%","string":"Properties","cssStyle":"text-align: left;"}},{"tag":"Percentage","name":"column3","editable":false,"render":"Decimal","display":{"width":"34%","string":"Percentage","cssStyle":"text-align: left;","align":"right","formatted":false,"precision":2}}],"plugins":{}}' class='mx-datagrid mx-name-grid14 datagrid-hover datagrid-striped datagrid-bordered' tabindex='0'></div></div></div></div></m:argument></m:arguments></m:page>