﻿<?xml version='1.0' encoding='utf-8'?><m:page id='b56944b8-5334-4921-82dc-416c2a451810' xmlns='http://www.w3.org/1999/xhtml' title='Page Title' class='layout-sidebar-responsive' xmlns:m='http://schemas.mendix.com/forms/1.0'><m:layouts><m:layout path='NavigationLayouts/Sidebar_Full_Responsive.layout.xml'></m:layout></m:layouts><m:arguments><m:argument parameterName='90307765-bc1b-483c-818f-821454fe380b'><div data-mendix-id='44_0' class='mx-layoutgrid mx-layoutgrid-fluid mx-name-layoutGrid1'><div class='row'><div class='col-md-12'><table class='mx-table mx-name-table1 tableHeaderCls'><colgroup><col style='width:13%'></col><col style='width:12%'></col><col style='width:13%'></col><col style='width:13%'></col><col style='width:14%'></col><col style='width:13%'></col><col style='width:12%'></col><col style='width:10%'></col></colgroup><tbody><tr><td><div data-mendix-id='44_1' data-mendix-type='mxui.widget.ReactWidgetWrapper' data-mendix-props='"widgetTree":{"widget":"com.mendix.widget.core.Text","widgetId":"44_1","props":{"name":"text1","class":"mx-name-text1","style":{},"caption":{"$type":"textTemplate","text":"Contigency","friendlyId":"MyFirstModule.Consolidated_Estimate_2.text1"},"renderMode":"span"},"children":[]}'></div></td><td><div data-mendix-id='44_2' data-mendix-type='mxui.widget.ReactWidgetWrapper' data-mendix-props='"widgetTree":{"widget":"com.mendix.widget.core.Text","widgetId":"44_2","props":{"name":"text2","class":"mx-name-text2","style":{},"caption":{"$type":"textTemplate","text":"Performace Engineering","friendlyId":"MyFirstModule.Consolidated_Estimate_2.text2"},"renderMode":"span"},"children":[]}'></div></td><td><div data-mendix-id='44_3' data-mendix-type='mxui.widget.ReactWidgetWrapper' data-mendix-props='"widgetTree":{"widget":"com.mendix.widget.core.Text","widgetId":"44_3","props":{"name":"text3","class":"mx-name-text3","style":{},"caption":{"$type":"textTemplate","text":"Project Management","friendlyId":"MyFirstModule.Consolidated_Estimate_2.text3"},"renderMode":"span"},"children":[]}'></div></td><td><div data-mendix-id='44_4' data-mendix-type='mxui.widget.ReactWidgetWrapper' data-mendix-props='"widgetTree":{"widget":"com.mendix.widget.core.Text","widgetId":"44_4","props":{"name":"text4","class":"mx-name-text4","style":{},"caption":{"$type":"textTemplate","text":"Infrastructure","friendlyId":"MyFirstModule.Consolidated_Estimate_2.text4"},"renderMode":"span"},"children":[]}'></div></td><td><div data-mendix-id='44_5' data-mendix-type='mxui.widget.ReactWidgetWrapper' data-mendix-props='"widgetTree":{"widget":"com.mendix.widget.core.Text","widgetId":"44_5","props":{"name":"text5","class":"mx-name-text5","style":{},"caption":{"$type":"textTemplate","text":"UAT Effort","friendlyId":"MyFirstModule.Consolidated_Estimate_2.text5"},"renderMode":"span"},"children":[]}'></div></td><td><div data-mendix-id='44_6' data-mendix-type='mxui.widget.ReactWidgetWrapper' data-mendix-props='"widgetTree":{"widget":"com.mendix.widget.core.Text","widgetId":"44_6","props":{"name":"text6","class":"mx-name-text6","style":{},"caption":{"$type":"textTemplate","text":"Post Prod Support","friendlyId":"MyFirstModule.Consolidated_Estimate_2.text6"},"renderMode":"span"},"children":[]}'></div></td><td><div data-mendix-id='44_7' data-mendix-type='mxui.widget.ReactWidgetWrapper' data-mendix-props='"widgetTree":{"widget":"com.mendix.widget.core.Text","widgetId":"44_7","props":{"name":"text7","class":"mx-name-text7","style":{},"caption":{"$type":"textTemplate","text":"With QA","friendlyId":"MyFirstModule.Consolidated_Estimate_2.text7"},"renderMode":"span"},"children":[]}'></div></td><td></td></tr></tbody></table><div data-mendix-id='44_8' data-mendix-type='mxui.widget.TemplateGrid' data-mendix-props='"friendlyId":"MyFirstModule.Consolidated_Estimate_2.templateGrid1","entity":"MyFirstModule.Consolidated_Estimate","schema":"82e24a25-dbde-45a4-a1bf-023042306370","config":{"locale":"fr_BE","gridType":"Standalone","gridpresentation":{"rows":2,"columns":1,"controlbar":false,"pagingbar":false,"searchbar":true,"waitforsearch":false,"selectionmode":"none","editable":false,"sortable":true,"refresh":0,"selectfirst":false},"datasource":{"friendlyId":"MyFirstModule.Consolidated_Estimate_2.templateGrid1","type":"database","path":"MyFirstModule.Consolidated_Estimate","xpathConstraints":"","offlineConstraints":[]},"searchOptions":{"searchBar":true,"toggleable":true,"toggledByDefault":true},"searchElements":[],"controlBar":{"gridTools":[],"gridActions":[]},"plugins":{}}' class='mx-templategrid mx-name-templateGrid1' tabindex='0'></div></div></div></div></m:argument></m:arguments><m:templates><m:template widget-id='44_8' name='content'><div data-mendix-id='44_9' data-mendix-type='mxui.widget.DataView' data-mendix-props='"friendlyId":"MyFirstModule.Consolidated_Estimate_2.templateGrid1","entity":"MyFirstModule.Consolidated_Estimate","schema":"626dd04f-d617-4208-9292-bdf368194997","readOnly":true,"datasource":{"friendlyId":"MyFirstModule.Consolidated_Estimate_2.templateGrid1","type":"direct","path":"MyFirstModule.Consolidated_Estimate"}' tabindex='0'></div></m:template><m:template widget-id='44_9' name='content'><table class='mx-table mx-name-table2'><colgroup><col style='width:13%'></col><col style='width:12%'></col><col style='width:13%'></col><col style='width:13%'></col><col style='width:14%'></col><col style='width:13%'></col><col style='width:12%'></col><col style='width:10%'></col></colgroup><tbody><tr><td><div data-mendix-id='44_10_13' data-mendix-type='mxui.widget.ReactWidgetWrapper' data-mendix-props='"widgetTree":{"widget":"com.mendix.widget.core.Text","widgetId":"44_10_13","props":{"name":"text1","class":"mx-name-text1","style":{},"caption":{"$type":"textTemplate","text":"{1}","friendlyId":"MyFirstModule.Snippet_new_consolidated.text1","parameters":{"1":"MyFirstModule.Consolidated_Estimate/Contingency"}},"renderMode":"span"},"children":[]}'></div></td><td><div data-mendix-id='44_10_15' data-mendix-type='mxui.widget.ReactWidgetWrapper' data-mendix-props='"widgetTree":{"widget":"com.mendix.widget.core.Text","widgetId":"44_10_15","props":{"name":"text4","class":"mx-name-text4","style":{},"caption":{"$type":"textTemplate","text":"{1}","friendlyId":"MyFirstModule.Snippet_new_consolidated.text4","parameters":{"1":"MyFirstModule.Consolidated_Estimate/Performance_Engineering"}},"renderMode":"span"},"children":[]}'></div></td><td><div data-mendix-id='44_10_17' data-mendix-type='mxui.widget.ReactWidgetWrapper' data-mendix-props='"widgetTree":{"widget":"com.mendix.widget.core.Text","widgetId":"44_10_17","props":{"name":"text2","class":"mx-name-text2","style":{},"caption":{"$type":"textTemplate","text":"{1}","friendlyId":"MyFirstModule.Snippet_new_consolidated.text2","parameters":{"1":"MyFirstModule.Consolidated_Estimate/Project_Management"}},"renderMode":"span"},"children":[]}'></div></td><td><div data-mendix-id='44_10_19' data-mendix-type='mxui.widget.ReactWidgetWrapper' data-mendix-props='"widgetTree":{"widget":"com.mendix.widget.core.Text","widgetId":"44_10_19","props":{"name":"text5","class":"mx-name-text5","style":{},"caption":{"$type":"textTemplate","text":"  {1}","friendlyId":"MyFirstModule.Snippet_new_consolidated.text5","parameters":{"1":"MyFirstModule.Consolidated_Estimate/Infrastructure"}},"renderMode":"span"},"children":[]}'></div></td><td><div data-mendix-id='44_10_21' data-mendix-type='mxui.widget.ReactWidgetWrapper' data-mendix-props='"widgetTree":{"widget":"com.mendix.widget.core.Text","widgetId":"44_10_21","props":{"name":"text3","class":"mx-name-text3","style":{},"caption":{"$type":"textTemplate","text":"{1}","friendlyId":"MyFirstModule.Snippet_new_consolidated.text3","parameters":{"1":"MyFirstModule.Consolidated_Estimate/UAT_Effort"}},"renderMode":"span"},"children":[]}'></div></td><td><div data-mendix-id='44_10_23' data-mendix-type='mxui.widget.ReactWidgetWrapper' data-mendix-props='"widgetTree":{"widget":"com.mendix.widget.core.Text","widgetId":"44_10_23","props":{"name":"text6","class":"mx-name-text6","style":{},"caption":{"$type":"textTemplate","text":"{1}","friendlyId":"MyFirstModule.Snippet_new_consolidated.text6","parameters":{"1":"MyFirstModule.Consolidated_Estimate/Post_Prod_Support"}},"renderMode":"span"},"children":[]}'></div></td><td><div data-mendix-id='44_10_25' data-mendix-type='mxui.widget.ReactWidgetWrapper' data-mendix-props='"widgetTree":{"widget":"com.mendix.widget.core.Text","widgetId":"44_10_25","props":{"name":"text7","class":"mx-name-text7","style":{},"caption":{"$type":"textTemplate","text":"{1}","friendlyId":"MyFirstModule.Snippet_new_consolidated.text7","parameters":{"1":"MyFirstModule.Consolidated_Estimate/With_QA"}},"renderMode":"span"},"children":[]}'></div></td><td><div class='mx-name-container1'><div data-mendix-id='44_10_28' data-mendix-type='mxui.widget.ActionButton' data-mendix-props='"friendlyId":"MyFirstModule.Snippet_new_consolidated.actionButton1","caption":{"$type":"textTemplate","text":"","friendlyId":"MyFirstModule.Snippet_new_consolidated.actionButton1"},"iconUrl":"img/MyFirstModule$edit_on.png?636468842603385563","title":"Edit Value","renderType":"link","action":{"type":"openPage","hasParameter":true,"params":{"path":"MyFirstModule/Consolidated_Estimate_NewEdit.page.xml","title":"Edit Consolidated Estimate","location":"modal","resizable":true,"allowedRoles":["Administrator","User"]}}' data-mendix-roles='Administrator,User' class='mx-name-actionButton1 imgCls-small' style='margin-left:20px;' tabindex='0'></div></div></td></tr></tbody></table></m:template></m:templates></m:page>