﻿<?xml version='1.0' encoding='utf-8'?><m:page id='e292d37c-a831-4708-b909-71ef54e696ed' xmlns='http://www.w3.org/1999/xhtml' title='Overview' class='layout-sidebar-responsive page-tabs page-tabs-default' xmlns:m='http://schemas.mendix.com/forms/1.0'><m:layouts><m:layout path='NavigationLayouts/Sidebar_Full_Responsive.layout.xml'></m:layout></m:layouts><m:arguments><m:argument parameterName='90307765-bc1b-483c-818f-821454fe380b'><div class='mx-name-container2 pageheader-fullwidth pageheader'></div><div data-mendix-id='41_0' class='mx-layoutgrid mx-layoutgrid-fluid mx-name-layoutGrid6'><div class='row'><div class='col-md-12'><div data-mendix-id='41_1' data-mendix-type='mxui.widget.DataView' data-mendix-props='"friendlyId":"MyFirstModule.Overview_Page.dataView1","entity":"MyFirstModule.Template","schema":"e23cb69b-c12a-45e8-ab48-a7be2df30e3d","datasource":{"friendlyId":"MyFirstModule.Overview_Page.dataView1","type":"direct","path":"MyFirstModule.Template"}' class='mx-name-dataView1 form-horizontal' tabindex='0'></div></div></div></div></m:argument></m:arguments><m:templates><m:template widget-id='41_1' name='content'><div data-mendix-id='41_2' data-mendix-type='mxui.widget.TabContainer' data-mendix-props='"friendlyId":"MyFirstModule.Overview_Page.tabControl1"' class='mx-name-tabControl1 tab-lined' style='align:justify;' tabindex='0'></div></m:template><m:template widget-id='41_2' name='pages'><div data-mendix-id='41_3' data-mendix-type='mxui.widget.TabContent' data-mendix-props='"title":"Orchestration Service","selected":true,"delayLoading":false,"tabName":"tabPage4"'></div><div data-mendix-id='41_17' data-mendix-type='mxui.widget.TabContent' data-mendix-props='"title":"Data Based Service","delayLoading":true,"tabName":"tabPage1"'></div><div data-mendix-id='41_32' data-mendix-type='mxui.widget.TabContent' data-mendix-props='"title":"Patterns &amp; Practices","delayLoading":true,"tabName":"tabPage2"'></div><div data-mendix-id='41_46' data-mendix-type='mxui.widget.TabContent' data-mendix-props='"title":"Common Effort","delayLoading":true,"tabName":"Common_Effort"'></div><div data-mendix-id='41_60' data-mendix-type='mxui.widget.TabContent' data-mendix-props='"title":"Tech Stack","delayLoading":true,"tabName":"tabPage5"'></div><div data-mendix-id='41_76' data-mendix-type='mxui.widget.TabContent' data-mendix-props='"title":"Development Process","delayLoading":true,"tabName":"tabPage7"'></div><div data-mendix-id='41_97' data-mendix-type='mxui.widget.TabContent' data-mendix-props='"title":"Policy","delayLoading":true,"tabName":"tabPage6"'></div><div data-mendix-id='41_110' data-mendix-type='mxui.widget.TabContent' data-mendix-props='"title":"Infrastructure","delayLoading":true,"tabName":"Infrastructure"'></div><div data-mendix-id='41_123' data-mendix-type='mxui.widget.TabContent' data-mendix-props='"title":"Estimation","delayLoading":true,"tabName":"Estimation"'></div></m:template><m:template widget-id='41_3' name='content'><div data-mendix-id='41_4' data-mendix-type='mxui.widget.DataGrid' data-mendix-props='"friendlyId":"MyFirstModule.Overview_Page.grid3","entity":"MyFirstModule.Orchestration_Service","schema":"8c2b5fb0-1d05-4b8a-8230-8b86ed51869d","config":{"locale":"fr_BE","gridType":"Standalone","gridpresentation":{"rows":10,"columns":1,"controlbar":true,"pagingbar":true,"selectionmode":"single","editable":false,"sortable":false,"refresh":0,"selectfirst":false,"showemptyrows":false},"datasource":{"friendlyId":"MyFirstModule.Overview_Page.grid3","type":"entityPath","path":"MyFirstModule.Orchestration_Service_Template/MyFirstModule.Orchestration_Service"},"controlBar":{"gridTools":[{"mxid":"41_14","friendlyId":"MyFirstModule.Overview_Page.actionButton1","name":"actionButton1","caption":{"$type":"textTemplate","text":"New","friendlyId":"MyFirstModule.Overview_Page.actionButton1"},"title":"","cssClass":"btn-default","cssStyle":"margin-top: 30px; margin-left: 10px;","visibleForRoles":["Administrator","User"]},{"mxid":"41_15","friendlyId":"MyFirstModule.Overview_Page.editButton1","name":"editButton1","caption":{"$type":"textTemplate","text":"Edit","friendlyId":"MyFirstModule.Overview_Page.editButton1"},"title":"","cssClass":"btn-default","cssStyle":"margin-top: 30px;","visibleForRoles":["Administrator","User"]},{"mxid":"41_16","friendlyId":"MyFirstModule.Overview_Page.deleteButton1","name":"deleteButton1","caption":{"$type":"textTemplate","text":"Delete","friendlyId":"MyFirstModule.Overview_Page.deleteButton1"},"title":"","cssClass":"btn-default","cssStyle":"margin-top: 30px;"}],"gridActions":[{"keyValue":"41_14","gridFunction":"InvokeAction","params":{"MyFirstModule.Orchestration_Service":{"action":{"type":"callMicroflow","hasParameter":false,"params":{"name":"MyFirstModule.addNewOrchFlow","validate":"view","allowedRoles":["Administrator","User"]}},"maintainSelection":false}}},{"keyValue":"41_15","gridFunction":"EditSelection","params":{"MyFirstModule.Orchestration_Service":{"pageSettings":{"path":"MyFirstModule/Orchestration_Service_Newedit.page.xml","title":"Edit Orchestration Service","location":"modal","resizable":true,"allowedRoles":["Administrator","User"]}}}},{"keyValue":"41_16","gridFunction":"DeleteSelection"}]},"defaultButton":{"clickType":"double","mxid":"41_15"},"griddata":[{"tag":"UC","name":"column19","editable":false,"render":"String","display":{"width":"9%","string":"UC","cssStyle":"text-align: left;","align":"right","formatted":false}},{"tag":"UseCase","name":"column20","editable":false,"render":"String","display":{"width":"19%","string":"Use case","cssStyle":"text-align: left;"}},{"tag":"Service_Type","name":"column22","editable":false,"render":"String","display":{"width":"14%","string":"Service  type","cssStyle":"text-align: left;"}},{"tag":"Mode_of_Integration","name":"column11","editable":false,"render":"Enum","display":{"width":"14%","string":"Mode of  integration","cssStyle":"text-align: left;"}},{"tag":"Implementation_Type","name":"column12","editable":false,"render":"Enum","display":{"width":"14%","string":"Implementation  type","cssStyle":"text-align: left;"}},{"tag":"Complexity","name":"column16","editable":false,"render":"Decimal","display":{"width":"15%","string":"Complexity","cssStyle":"text-align: left;","align":"right","formatted":false,"precision":2}},{"tag":"Complexity_In_Percentage","name":"column17","editable":false,"render":"Decimal","display":{"width":"15%","string":"Complexity in %","cssStyle":"text-align: left;","align":"right","formatted":false,"precision":2}}],"plugins":{}}' class='mx-datagrid mx-name-grid3 datagrid-hover datagrid-striped datagrid-bordered' tabindex='0'></div></m:template><m:template widget-id='41_17' name='content'><div data-mendix-id='41_18' data-mendix-type='mxui.widget.DataGrid' data-mendix-props='"friendlyId":"MyFirstModule.Overview_Page.grid1","entity":"MyFirstModule.Data_Based_Service","schema":"d8c112b8-6e95-47d3-9821-cb723506e1d1","config":{"locale":"fr_BE","gridType":"Standalone","gridpresentation":{"rows":20,"columns":1,"controlbar":true,"pagingbar":false,"selectionmode":"single","editable":false,"sortable":false,"refresh":0,"selectfirst":false,"showemptyrows":false},"datasource":{"friendlyId":"MyFirstModule.Overview_Page.grid1","type":"entityPath","path":"MyFirstModule.Data_Based_Resource_Template/MyFirstModule.Data_Based_Service"},"controlBar":{"gridTools":[{"mxid":"41_29","friendlyId":"MyFirstModule.Overview_Page.newButton2","name":"newButton2","caption":{"$type":"textTemplate","text":"New","friendlyId":"MyFirstModule.Overview_Page.newButton2"},"title":"","cssClass":"btn-default","cssStyle":"margin-top: 30px; margin-left: 10px;","visibleForRoles":["Administrator","User"]},{"mxid":"41_30","friendlyId":"MyFirstModule.Overview_Page.editButton2","name":"editButton2","caption":{"$type":"textTemplate","text":"Edit","friendlyId":"MyFirstModule.Overview_Page.editButton2"},"title":"","cssClass":"btn-default","cssStyle":"margin-top: 30px;","visibleForRoles":["Administrator","User"]},{"mxid":"41_31","friendlyId":"MyFirstModule.Overview_Page.deleteButton3","name":"deleteButton3","caption":{"$type":"textTemplate","text":"Delete","friendlyId":"MyFirstModule.Overview_Page.deleteButton3"},"title":"","cssClass":"btn-default","cssStyle":"margin-top: 30px;"}],"gridActions":[{"keyValue":"41_29","gridFunction":"InsertNew","params":{"MyFirstModule.Data_Based_Service":{"pageSettings":{"path":"MyFirstModule/Data_Based_NewEdit.page.xml","title":"Add Data Based Service","location":"modal","resizable":true,"allowedRoles":["Administrator","User"]}}}},{"keyValue":"41_30","gridFunction":"EditSelection","params":{"MyFirstModule.Data_Based_Service":{"pageSettings":{"path":"MyFirstModule/Data_Based_NewEdit.page.xml","title":"Edit Data Based Overview","location":"modal","resizable":true,"allowedRoles":["Administrator","User"]}}}},{"keyValue":"41_31","gridFunction":"DeleteSelection"}]},"defaultButton":{"clickType":"double","mxid":"41_30"},"griddata":[{"tag":"UC","name":"column23","editable":false,"render":"String","display":{"width":"12%","string":"UC","cssStyle":"text-align: left;","align":"right","formatted":false}},{"tag":"UseCase","name":"column24","editable":false,"render":"String","display":{"width":"12%","string":"Use case","cssStyle":"text-align: left;"}},{"tag":"Development","name":"column18","editable":false,"render":"String","display":{"width":"12%","string":"Development","cssStyle":"text-align: left;"}},{"tag":"Service_Name","name":"column21","editable":false,"render":"String","display":{"width":"12%","string":"Service  name","cssStyle":"text-align: left;"}},{"tag":"Service_Type","name":"column25","editable":false,"render":"String","display":{"width":"13%","string":"Service  type","cssStyle":"text-align: left;"}},{"tag":"Output_Format","name":"column26","editable":false,"render":"String","display":{"width":"13%","string":"Output  format","cssStyle":"text-align: left;"}},{"tag":"Complexity","name":"column13","editable":false,"render":"Decimal","display":{"width":"13%","string":"Complexity","cssStyle":"text-align: left;","align":"right","formatted":false,"precision":2}},{"tag":"Complexity_In_Percentage","name":"column14","editable":false,"render":"Decimal","display":{"width":"13%","string":"Complexity  in  percentage","cssStyle":"text-align: left;","align":"right","formatted":false,"precision":2}}],"plugins":{}}' class='mx-datagrid mx-name-grid1 datagrid-hover datagrid-striped datagrid-bordered' tabindex='0'></div></m:template><m:template widget-id='41_32' name='content'><div data-mendix-id='41_33' data-mendix-type='mxui.widget.DataGrid' data-mendix-props='"friendlyId":"MyFirstModule.Overview_Page.grid4","entity":"MyFirstModule.Patterns_Practices","schema":"07377f16-3058-4a2d-8b75-1c891ac33e78","config":{"locale":"fr_BE","gridType":"Standalone","gridpresentation":{"rows":20,"columns":1,"controlbar":true,"pagingbar":true,"selectionmode":"single","editable":false,"sortable":false,"refresh":0,"selectfirst":false,"showemptyrows":false},"datasource":{"friendlyId":"MyFirstModule.Overview_Page.grid4","type":"entityPath","path":"MyFirstModule.Patterns_Practices_Template/MyFirstModule.Patterns_Practices"},"controlBar":{"gridTools":[{"mxid":"41_43","friendlyId":"MyFirstModule.Overview_Page.newButton4","name":"newButton4","caption":{"$type":"textTemplate","text":"New","friendlyId":"MyFirstModule.Overview_Page.newButton4"},"title":"","cssClass":"btn-default","cssStyle":"margin-top: 30px; margin-left: 10px;","visibleForRoles":["Administrator","User"]},{"mxid":"41_44","friendlyId":"MyFirstModule.Overview_Page.editButton4","name":"editButton4","caption":{"$type":"textTemplate","text":"Edit","friendlyId":"MyFirstModule.Overview_Page.editButton4"},"title":"","cssClass":"btn-default","cssStyle":"margin-top: 30px;","visibleForRoles":["Administrator","User"]},{"mxid":"41_45","friendlyId":"MyFirstModule.Overview_Page.deleteButton4","name":"deleteButton4","caption":{"$type":"textTemplate","text":"Delete","friendlyId":"MyFirstModule.Overview_Page.deleteButton4"},"title":"","cssClass":"btn-default","cssStyle":"margin-top: 30px;"}],"gridActions":[{"keyValue":"41_43","gridFunction":"InsertNew","params":{"MyFirstModule.Patterns_Practices":{"pageSettings":{"path":"MyFirstModule/Patterns_Practices_NewEdit.page.xml","title":"Add Patterns &amp;Practices","location":"modal","resizable":true,"allowedRoles":["Administrator","User"]}}}},{"keyValue":"41_44","gridFunction":"EditSelection","params":{"MyFirstModule.Patterns_Practices":{"pageSettings":{"path":"MyFirstModule/Patterns_Practices_NewEdit.page.xml","title":"Edit Patterns&amp;Practices","location":"modal","resizable":true,"allowedRoles":["Administrator","User"]}}}},{"keyValue":"41_45","gridFunction":"DeleteSelection"}]},"defaultButton":{"clickType":"double","mxid":"41_44"},"griddata":[{"tag":"UC","name":"column31","editable":false,"render":"String","display":{"width":"10%","string":"UC","cssStyle":"text-align: left;","align":"right","formatted":false}},{"tag":"UseCase","name":"column3","editable":false,"render":"String","display":{"width":"18%","string":"Use case","cssStyle":"text-align: left;"}},{"tag":"Service_Name","name":"column10","editable":false,"render":"String","display":{"width":"16%","string":"Service  name","cssStyle":"text-align: left;"}},{"tag":"Fault_Tolerance_Required","name":"column15","editable":false,"render":"Enum","display":{"width":"15%","string":"Fault  tolerance  required","cssStyle":"text-align: left;"}},{"tag":"MessagePattern","name":"column27","editable":false,"render":"Enum","display":{"width":"18%","string":"Message pattern","cssStyle":"text-align: left;"}},{"tag":"Complexity","name":"column29","editable":false,"render":"Decimal","display":{"width":"13%","string":"Complexity","cssStyle":"text-align: left;","align":"right","formatted":false,"precision":2}},{"tag":"Complexity_In_Percentage","name":"column28","editable":false,"render":"Decimal","display":{"width":"10%","string":"Complexity  in  %","cssStyle":"text-align: left;","align":"right","formatted":false,"precision":2}}],"plugins":{}}' class='mx-datagrid mx-name-grid4 datagrid-hover datagrid-striped datagrid-bordered' tabindex='0'></div></m:template><m:template widget-id='41_46' name='content'><div data-mendix-id='41_47' data-mendix-type='mxui.widget.DataGrid' data-mendix-props='"friendlyId":"MyFirstModule.Overview_Page.grid2","entity":"MyFirstModule.Common_Effort","schema":"e7c9a1b9-40a3-4c79-a1c3-2ccb34a55807","config":{"locale":"fr_BE","gridType":"Standalone","gridpresentation":{"rows":20,"columns":1,"controlbar":true,"pagingbar":true,"selectionmode":"single","editable":false,"sortable":false,"refresh":0,"selectfirst":false,"showemptyrows":false},"datasource":{"friendlyId":"MyFirstModule.Overview_Page.grid2","type":"entityPath","path":"MyFirstModule.Common_Effort_Template/MyFirstModule.Common_Effort"},"controlBar":{"gridTools":[{"mxid":"41_57","friendlyId":"MyFirstModule.Overview_Page.newButton3","name":"newButton3","caption":{"$type":"textTemplate","text":"New","friendlyId":"MyFirstModule.Overview_Page.newButton3"},"title":"","cssClass":"btn-default","cssStyle":"margin-top: 30px; margin-left: 10px;","visibleForRoles":["Administrator","User"]},{"mxid":"41_58","friendlyId":"MyFirstModule.Overview_Page.editButton3","name":"editButton3","caption":{"$type":"textTemplate","text":"Edit","friendlyId":"MyFirstModule.Overview_Page.editButton3"},"title":"","cssClass":"btn-default","cssStyle":"margin-top: 30px;","visibleForRoles":["Administrator","User"]},{"mxid":"41_59","friendlyId":"MyFirstModule.Overview_Page.deleteButton5","name":"deleteButton5","caption":{"$type":"textTemplate","text":"Delete","friendlyId":"MyFirstModule.Overview_Page.deleteButton5"},"title":"","cssClass":"btn-default","cssStyle":"margin-top: 30px;"}],"gridActions":[{"keyValue":"41_57","gridFunction":"InsertNew","params":{"MyFirstModule.Common_Effort":{"pageSettings":{"path":"MyFirstModule/Common_Effort_New_Edit.page.xml","title":"Add Common Effort","location":"modal","resizable":true,"allowedRoles":["Administrator","User"]}}}},{"keyValue":"41_58","gridFunction":"EditSelection","params":{"MyFirstModule.Common_Effort":{"pageSettings":{"path":"MyFirstModule/Common_Effort_New_Edit.page.xml","title":"Edit Common Effort","location":"modal","resizable":true,"allowedRoles":["Administrator","User"]}}}},{"keyValue":"41_59","gridFunction":"DeleteSelection"}]},"defaultButton":{"clickType":"double","mxid":"41_58"},"griddata":[{"tag":"Service_Registry","name":"column2","editable":false,"render":"String","display":{"width":"22%","string":"Service  registry","cssStyle":"text-align: left;"}},{"tag":"Channel_Driven_Service_call","name":"column4","editable":false,"render":"String","display":{"width":"11%","string":"Channel  driven  service call","cssStyle":"text-align: left;"}},{"tag":"Centralized_Configuration","name":"column5","editable":false,"render":"Enum","display":{"width":"11%","string":"Centralized  configuration","cssStyle":"text-align: left;"}},{"tag":"Load_Balancer_Required","name":"column6","editable":false,"render":"String","display":{"width":"11%","string":"Load  balancer  required","cssStyle":"text-align: left;"}},{"tag":"Service_monitoring","name":"column7","editable":false,"render":"String","display":{"width":"11%","string":"Service monitoring","cssStyle":"text-align: left;"}},{"tag":"Complexity","name":"column8","editable":false,"render":"Decimal","display":{"width":"11%","string":"Complexity","cssStyle":"text-align: left;","align":"right","formatted":false,"precision":2}},{"tag":"Complexity_In_Percentage","name":"column9","editable":false,"render":"Decimal","display":{"width":"23%","string":"Complexity  in  percentage","cssStyle":"text-align: left;","align":"right","formatted":false,"precision":2}}],"plugins":{}}' class='mx-datagrid mx-name-grid2 datagrid-hover datagrid-striped datagrid-bordered' tabindex='0'></div></m:template><m:template widget-id='41_60' name='content'><div data-mendix-id='41_61' data-mendix-type='mxui.widget.DataGrid' data-mendix-props='"friendlyId":"MyFirstModule.Overview_Page.grid5","entity":"MyFirstModule.Tech_Stack","schema":"e8628636-250d-448a-9a61-b8923f477b28","config":{"locale":"fr_BE","gridType":"Standalone","gridpresentation":{"rows":20,"columns":1,"controlbar":true,"pagingbar":true,"selectionmode":"single","editable":false,"sortable":false,"refresh":0,"selectfirst":false,"showemptyrows":false},"datasource":{"friendlyId":"MyFirstModule.Overview_Page.grid5","type":"entityPath","path":"MyFirstModule.Tech_Stack_Template/MyFirstModule.Tech_Stack"},"controlBar":{"gridTools":[{"mxid":"41_73","friendlyId":"MyFirstModule.Overview_Page.newButton5","name":"newButton5","caption":{"$type":"textTemplate","text":"New","friendlyId":"MyFirstModule.Overview_Page.newButton5"},"title":"","cssClass":"btn-default","cssStyle":"margin-top: 30px; margin-left: 10px;","visibleForRoles":["Administrator","User"]},{"mxid":"41_74","friendlyId":"MyFirstModule.Overview_Page.editButton5","name":"editButton5","caption":{"$type":"textTemplate","text":"Edit","friendlyId":"MyFirstModule.Overview_Page.editButton5"},"title":"","cssClass":"btn-default","cssStyle":"margin-top: 30px;","visibleForRoles":["Administrator","User"]},{"mxid":"41_75","friendlyId":"MyFirstModule.Overview_Page.deleteButton2","name":"deleteButton2","caption":{"$type":"textTemplate","text":"Delete","friendlyId":"MyFirstModule.Overview_Page.deleteButton2"},"title":"","cssClass":"btn-default","cssStyle":"margin-top: 30px;"}],"gridActions":[{"keyValue":"41_73","gridFunction":"InsertNew","params":{"MyFirstModule.Tech_Stack":{"pageSettings":{"path":"MyFirstModule/Tech_Stack_NewEdit.page.xml","title":"Add Tech  Stack","location":"modal","resizable":true,"allowedRoles":["Administrator","User"]}}}},{"keyValue":"41_74","gridFunction":"EditSelection","params":{"MyFirstModule.Tech_Stack":{"pageSettings":{"path":"MyFirstModule/Tech_Stack_NewEdit.page.xml","title":"Edit Tech  Stack","location":"modal","resizable":true,"allowedRoles":["Administrator","User"]}}}},{"keyValue":"41_75","gridFunction":"DeleteSelection"}]},"defaultButton":{"clickType":"double","mxid":"41_74"},"griddata":[{"tag":"UC","name":"column44","editable":false,"render":"String","display":{"width":"7%","string":"UC","cssStyle":"text-align: left;","align":"right","formatted":false}},{"tag":"UseCase","name":"column30","editable":false,"render":"String","display":{"width":"12%","string":"Use case","cssStyle":"text-align: left;"}},{"tag":"Service_name","name":"column32","editable":false,"render":"String","display":{"width":"11%","string":"Service name","cssStyle":"text-align: left;"}},{"tag":"Language","name":"column34","editable":false,"render":"String","display":{"width":"14%","string":"Language","cssStyle":"text-align: left;"}},{"tag":"Database","name":"column37","editable":false,"render":"String","display":{"width":"14%","string":"Database","cssStyle":"text-align: left;"}},{"tag":"CI","name":"column39","editable":false,"render":"String","display":{"width":"8%","string":"CI","cssStyle":"text-align: left;"}},{"tag":"CD","name":"column40","editable":false,"render":"String","display":{"width":"10%","string":"CD","cssStyle":"text-align: left;"}},{"tag":"Complexity","name":"column42","editable":false,"render":"Decimal","display":{"width":"10%","string":"Complexity","cssStyle":"text-align: left;","align":"right","formatted":false,"precision":2}},{"tag":"Complexity_In_Percentage","name":"column43","editable":false,"render":"Decimal","display":{"width":"14%","string":"Complexity  in  %","cssStyle":"text-align: left;","align":"right","formatted":false,"precision":2}}],"plugins":{}}' class='mx-datagrid mx-name-grid5 datagrid-hover datagrid-striped datagrid-bordered' tabindex='0'></div></m:template><m:template widget-id='41_76' name='content'><div data-mendix-id='41_77' data-mendix-type='mxui.widget.DataGrid' data-mendix-props='"friendlyId":"MyFirstModule.Overview_Page.grid8","entity":"MyFirstModule.Development_Process","schema":"51f966f6-6029-44d4-b07c-5d1f5af74db5","config":{"locale":"fr_BE","gridType":"Standalone","gridpresentation":{"rows":20,"columns":1,"controlbar":true,"pagingbar":true,"searchbar":true,"waitforsearch":false,"selectionmode":"single","editable":false,"sortable":true,"refresh":0,"selectfirst":false,"showemptyrows":false},"datasource":{"friendlyId":"MyFirstModule.Overview_Page.grid8","type":"database","path":"MyFirstModule.Development_Process_Template/MyFirstModule.Development_Process","xpathConstraints":"","offlineConstraints":[]},"searchOptions":{"searchBar":true,"toggleable":true,"toggledByDefault":true},"searchElements":[{"searchInputName":"searchField1","defaults":null,"defaultsParser":"Simple","caption":"Use case","path":"UseCase","operator":"contains"},{"searchInputName":"searchField2","defaults":null,"defaultsParser":"Simple","caption":"Service name","path":"Service_name","operator":"contains"},{"searchInputName":"searchField5","defaults":null,"defaultsParser":"Simple","caption":"Methodology","path":"Methodology","operator":"contains"}],"controlBar":{"gridTools":[{"mxid":"41_88","friendlyId":"MyFirstModule.Overview_Page.searchButton8","name":"searchButton8","caption":{"$type":"textTemplate","text":"Search","friendlyId":"MyFirstModule.Overview_Page.searchButton8"},"title":"","cssClass":"btn-default","cssStyle":"margin-top: 30px; margin-left: 10px;"},{"mxid":"41_89","friendlyId":"MyFirstModule.Overview_Page.newButton1","name":"newButton1","caption":{"$type":"textTemplate","text":"New","friendlyId":"MyFirstModule.Overview_Page.newButton1"},"title":"","cssClass":"btn-default","cssStyle":"margin-top: 30px;","visibleForRoles":["Administrator","User"]},{"mxid":"41_90","friendlyId":"MyFirstModule.Overview_Page.editButton8","name":"editButton8","caption":{"$type":"textTemplate","text":"Edit","friendlyId":"MyFirstModule.Overview_Page.editButton8"},"title":"","cssClass":"btn-default","cssStyle":"margin-top: 30px;","visibleForRoles":["Administrator","User"]},{"mxid":"41_91","friendlyId":"MyFirstModule.Overview_Page.deleteButton8","name":"deleteButton8","caption":{"$type":"textTemplate","text":"Delete","friendlyId":"MyFirstModule.Overview_Page.deleteButton8"},"title":"","cssClass":"btn-default","cssStyle":"margin-top: 30px;"}],"gridActions":[{"keyValue":"41_88","gridFunction":"ToggleSearch"},{"keyValue":"41_89","gridFunction":"InsertNew","params":{"MyFirstModule.Development_Process":{"pageSettings":{"path":"MyFirstModule/Development_Process_NewEdit.page.xml","title":"Add Development Process","location":"modal","resizable":true,"allowedRoles":["Administrator","User"]}}}},{"keyValue":"41_90","gridFunction":"EditSelection","params":{"MyFirstModule.Development_Process":{"pageSettings":{"path":"MyFirstModule/Development_Process_NewEdit.page.xml","title":"Edit Development Process","location":"modal","resizable":true,"allowedRoles":["Administrator","User"]}}}},{"keyValue":"41_91","gridFunction":"DeleteSelection"}]},"defaultButton":{"clickType":"double","mxid":"41_90"},"griddata":[{"tag":"UseCase","name":"column48","editable":false,"render":"String","display":{"width":"10%","string":"Use case","cssStyle":"text-align: left;"}},{"tag":"Service_name","name":"column49","editable":false,"render":"String","display":{"width":"10%","string":"Service name","cssStyle":"text-align: left;"}},{"tag":"Process","name":"column51","editable":false,"render":"String","display":{"width":"10%","string":"Process","cssStyle":"text-align: left;"}},{"tag":"PairProgramming","name":"column52","editable":false,"render":"Enum","display":{"width":"10%","string":"Pair programming","cssStyle":"text-align: left;"}},{"tag":"Methodology","name":"column54","editable":false,"render":"String","display":{"width":"10%","string":"Methodology","cssStyle":"text-align: left;"}},{"tag":"Dev_Environment","name":"column55","editable":false,"render":"String","display":{"width":"12%","string":"Dev  environment","cssStyle":"text-align: left;"}},{"tag":"Documentation","name":"column65","editable":false,"render":"String","display":{"width":"15%","string":"Documentation","cssStyle":"text-align: left;"}},{"tag":"Complexity","name":"column63","editable":false,"render":"Decimal","display":{"width":"12%","string":"Complexity","cssStyle":"text-align: left;","align":"right","formatted":false,"precision":2}},{"tag":"Complexity_In_Percentage","name":"column64","editable":false,"render":"Decimal","display":{"width":"11%","string":"Complexity  in  percentage","cssStyle":"text-align: left;","align":"right","formatted":false,"precision":2}}],"plugins":{}}' class='mx-datagrid mx-name-grid8 datagrid-hover datagrid-striped datagrid-bordered' tabindex='0'></div></m:template><m:template widget-id='41_97' name='content'><div data-mendix-id='41_98' data-mendix-type='mxui.widget.DataGrid' data-mendix-props='"friendlyId":"MyFirstModule.Overview_Page.grid7","entity":"MyFirstModule.Policy","schema":"e9f7b672-8ec4-4b1a-ad8f-1fc6bb79ab05","config":{"locale":"fr_BE","gridType":"Standalone","gridpresentation":{"rows":20,"columns":1,"controlbar":true,"pagingbar":true,"selectionmode":"single","editable":false,"sortable":false,"refresh":0,"selectfirst":false,"showemptyrows":false},"datasource":{"friendlyId":"MyFirstModule.Overview_Page.grid7","type":"entityPath","path":"MyFirstModule.Policy_Template/MyFirstModule.Policy"},"controlBar":{"gridTools":[{"mxid":"41_107","friendlyId":"MyFirstModule.Overview_Page.newButton7","name":"newButton7","caption":{"$type":"textTemplate","text":"New","friendlyId":"MyFirstModule.Overview_Page.newButton7"},"title":"","cssClass":"btn-default","cssStyle":"margin-top: 30px; margin-left: 10px;","visibleForRoles":["Administrator","User"]},{"mxid":"41_108","friendlyId":"MyFirstModule.Overview_Page.editButton7","name":"editButton7","caption":{"$type":"textTemplate","text":"Edit","friendlyId":"MyFirstModule.Overview_Page.editButton7"},"title":"","cssClass":"btn-default","cssStyle":"margin-top: 30px;","visibleForRoles":["Administrator","User"]},{"mxid":"41_109","friendlyId":"MyFirstModule.Overview_Page.deleteButton6","name":"deleteButton6","caption":{"$type":"textTemplate","text":"Delete","friendlyId":"MyFirstModule.Overview_Page.deleteButton6"},"title":"","cssClass":"btn-default","cssStyle":"margin-top: 30px;"}],"gridActions":[{"keyValue":"41_107","gridFunction":"InsertNew","params":{"MyFirstModule.Policy":{"pageSettings":{"path":"MyFirstModule/Policy_NewEdit.page.xml","title":"Add Policy","location":"modal","resizable":true,"allowedRoles":["Administrator","User"]}}}},{"keyValue":"41_108","gridFunction":"EditSelection","params":{"MyFirstModule.Policy":{"pageSettings":{"path":"MyFirstModule/Policy_NewEdit.page.xml","location":"modal","resizable":true,"allowedRoles":["Administrator","User"]}}}},{"keyValue":"41_109","gridFunction":"DeleteSelection"}]},"defaultButton":{"clickType":"double","mxid":"41_108"},"griddata":[{"tag":"UseCase","name":"column46","editable":false,"render":"String","display":{"width":"15%","string":"Use case","cssStyle":"text-align: left;"}},{"tag":"Service_Name","name":"column47","editable":false,"render":"String","display":{"width":"19%","string":"Service  name","cssStyle":"text-align: left;"}},{"tag":"Statistic_Collector","name":"column53","editable":false,"render":"Enum","display":{"width":"17%","string":"Statistic  collector","cssStyle":"text-align: left;"}},{"tag":"Concurrent_Rate_Limit","name":"column50","editable":false,"render":"Enum","display":{"width":"21%","string":"Concurrent  rate  limit","cssStyle":"text-align: left;"}},{"tag":"Complexity","name":"column56","editable":false,"render":"Decimal","display":{"width":"15%","string":"Complexity","cssStyle":"text-align: left;","align":"right","formatted":false,"precision":2}},{"tag":"Complexity_In_Percentage","name":"column57","editable":false,"render":"Decimal","display":{"width":"13%","string":"Complexity  in  %","cssStyle":"text-align: left;","align":"right","formatted":false,"precision":2}}],"plugins":{}}' class='mx-datagrid mx-name-grid7 datagrid-hover datagrid-striped datagrid-bordered' tabindex='0'></div></m:template><m:template widget-id='41_110' name='content'><div data-mendix-id='41_111' data-mendix-type='mxui.widget.DataGrid' data-mendix-props='"friendlyId":"MyFirstModule.Overview_Page.grid6","entity":"MyFirstModule.Infrastructure","schema":"58c933f5-c879-45b1-a144-f6021c0f4427","config":{"locale":"fr_BE","gridType":"Standalone","gridpresentation":{"rows":20,"columns":1,"controlbar":true,"pagingbar":true,"selectionmode":"single","editable":false,"sortable":false,"refresh":0,"selectfirst":false,"showemptyrows":false},"datasource":{"friendlyId":"MyFirstModule.Overview_Page.grid6","type":"entityPath","path":"MyFirstModule.Infrastructure_Template/MyFirstModule.Infrastructure"},"controlBar":{"gridTools":[{"mxid":"41_120","friendlyId":"MyFirstModule.Overview_Page.newButton6","name":"newButton6","caption":{"$type":"textTemplate","text":"New","friendlyId":"MyFirstModule.Overview_Page.newButton6"},"title":"","cssClass":"btn-default","cssStyle":"margin-top: 30px; margin-left: 10px;","visibleForRoles":["Administrator","User"]},{"mxid":"41_121","friendlyId":"MyFirstModule.Overview_Page.editButton6","name":"editButton6","caption":{"$type":"textTemplate","text":"Edit","friendlyId":"MyFirstModule.Overview_Page.editButton6"},"title":"","cssClass":"btn-default","cssStyle":"margin-top: 30px;","visibleForRoles":["Administrator","User"]},{"mxid":"41_122","friendlyId":"MyFirstModule.Overview_Page.deleteButton7","name":"deleteButton7","caption":{"$type":"textTemplate","text":"Delete","friendlyId":"MyFirstModule.Overview_Page.deleteButton7"},"title":"","cssClass":"btn-default","cssStyle":"margin-top: 30px;"}],"gridActions":[{"keyValue":"41_120","gridFunction":"InsertNew","params":{"MyFirstModule.Infrastructure":{"pageSettings":{"path":"MyFirstModule/Infrastructure_NewEdit.page.xml","title":"Add Infrastructure","location":"modal","resizable":true,"allowedRoles":["Administrator","User"]}}}},{"keyValue":"41_121","gridFunction":"EditSelection","params":{"MyFirstModule.Infrastructure":{"pageSettings":{"path":"MyFirstModule/Infrastructure_NewEdit.page.xml","location":"modal","resizable":true,"allowedRoles":["Administrator","User"]}}}},{"keyValue":"41_122","gridFunction":"DeleteSelection"}]},"defaultButton":{"clickType":"double","mxid":"41_121"},"griddata":[{"tag":"Multi_data_center_Deployment","name":"column33","editable":false,"render":"Enum","display":{"width":"18%","string":"Multi data center  deployment","cssStyle":"text-align: left;"}},{"tag":"Geo_Load_Balancer_Required","name":"column35","editable":false,"render":"Enum","display":{"width":"18%","string":"Geo  load  balancer  required","cssStyle":"text-align: left;"}},{"tag":"Auto_Scaling","name":"column36","editable":false,"render":"Enum","display":{"width":"16%","string":"Auto  scaling","cssStyle":"text-align: left;"}},{"tag":"Performance","name":"column38","editable":false,"render":"Enum","display":{"width":"17%","string":"Performance","cssStyle":"text-align: left;"}},{"tag":"Complexity","name":"column41","editable":false,"render":"Decimal","display":{"width":"15%","string":"Complexity","cssStyle":"text-align: left;","align":"right","formatted":false,"precision":2}},{"tag":"Complexity_In_percentage","name":"column45","editable":false,"render":"Decimal","display":{"width":"16%","string":"Complexity  in %","cssStyle":"text-align: left;","align":"right","formatted":false,"precision":2}}],"plugins":{}}' class='mx-datagrid mx-name-grid6 datagrid-hover datagrid-striped datagrid-bordered' tabindex='0'></div></m:template><m:template widget-id='41_123' name='content'><div data-mendix-id='41_125' class='mx-layoutgrid mx-layoutgrid-fluid mx-name-layoutGrid1'><div class='row'><div class='col-md-6'><div data-mendix-id='41_128' data-mendix-type='mxui.widget.GroupBox' data-mendix-props='"friendlyId":"MyFirstModule.Overview_Page.kjk","collapsable":true,"collapsed":false' class='mx-groupbox mx-groupbox-collapsible mx-name-kjk datagrid-hover datagrid-striped datagrid-bordered'><h2 class='mx-groupbox-header'><i class='glyphicon mx-groupbox-collapse-icon'></i>Orchestration Based Service</h2><div class='mx-groupbox-body'><div data-mendix-id='41_129' data-mendix-type='mxui.widget.DataGrid' data-mendix-props='"friendlyId":"MyFirstModule.Overview_Page.grid9","entity":"MyFirstModule.Orchestration_Service","schema":"3c12377c-5346-48e9-b2f6-524b1e31ae55","config":{"locale":"fr_BE","gridType":"Standalone","gridpresentation":{"rows":20,"columns":1,"controlbar":true,"pagingbar":true,"selectionmode":"single","editable":false,"sortable":false,"refresh":0,"selectfirst":false,"showemptyrows":false},"datasource":{"friendlyId":"MyFirstModule.Overview_Page.grid9","type":"entityPath","path":"MyFirstModule.Orchestration_Service_Template/MyFirstModule.Orchestration_Service"},"controlBar":{"gridTools":[],"gridActions":[]},"griddata":[{"tag":"UC","name":"column58","editable":false,"render":"String","display":{"width":"16%","string":"UC","cssStyle":"text-align: left;","align":"right","formatted":false}},{"tag":"UseCase","name":"column59","editable":false,"render":"String","display":{"width":"31%","string":"Use case","cssStyle":"text-align: left;"}},{"tag":"Complexity","name":"column61","editable":false,"render":"Decimal","display":{"width":"22%","string":"Complexity","cssStyle":"text-align: left;","align":"right","formatted":false,"precision":2}},{"tag":"Complexity_In_Percentage","name":"column62","editable":false,"render":"Decimal","display":{"width":"31%","string":"Complexity  in %","cssStyle":"text-align: left;","align":"right","formatted":false,"precision":2}}],"plugins":{}}' class='mx-datagrid mx-name-grid9 datagrid-hover datagrid-striped datagrid-bordered' tabindex='0'></div></div></div></div><div class='col-md-6'><div data-mendix-id='41_137' data-mendix-type='mxui.widget.GroupBox' data-mendix-props='"friendlyId":"MyFirstModule.Overview_Page.groupBox2","collapsable":true,"collapsed":false' class='mx-groupbox mx-groupbox-collapsible mx-name-groupBox2 datagrid-hover datagrid-striped datagrid-bordered'><h2 class='mx-groupbox-header'><i class='glyphicon mx-groupbox-collapse-icon'></i>Data Based Service</h2><div class='mx-groupbox-body'><div data-mendix-id='41_138' data-mendix-type='mxui.widget.DataGrid' data-mendix-props='"friendlyId":"MyFirstModule.Overview_Page.grid10","entity":"MyFirstModule.Data_Based_Service","schema":"b02f1927-5af6-4e42-98d9-9e4840ded2b0","config":{"locale":"fr_BE","gridType":"Standalone","gridpresentation":{"rows":20,"columns":1,"controlbar":true,"pagingbar":true,"selectionmode":"single","editable":false,"sortable":false,"refresh":0,"selectfirst":false,"showemptyrows":false},"datasource":{"friendlyId":"MyFirstModule.Overview_Page.grid10","type":"entityPath","path":"MyFirstModule.Data_Based_Resource_Template/MyFirstModule.Data_Based_Service"},"controlBar":{"gridTools":[],"gridActions":[]},"griddata":[{"tag":"UC","name":"column67","editable":false,"render":"String","display":{"width":"15%","string":"UC","cssStyle":"text-align: left;","align":"right","formatted":false}},{"tag":"UseCase","name":"column68","editable":false,"render":"String","display":{"width":"27%","string":"Use case","cssStyle":"text-align: left;"}},{"tag":"Complexity","name":"column70","editable":false,"render":"Decimal","display":{"width":"26%","string":"Complexity","cssStyle":"text-align: left;","align":"right","formatted":false,"precision":2}},{"tag":"Complexity_In_Percentage","name":"column71","editable":false,"render":"Decimal","display":{"width":"32%","string":"Complexity  in  %","cssStyle":"text-align: left;","align":"right","formatted":false,"precision":2}}],"plugins":{}}' class='mx-datagrid mx-name-grid10 datagrid-hover datagrid-striped datagrid-bordered' tabindex='0'></div></div></div></div></div></div><div data-mendix-id='41_145' data-mendix-type='mxui.widget.GroupBox' data-mendix-props='"friendlyId":"MyFirstModule.Overview_Page.groupBox1","collapsable":true,"collapsed":false' class='mx-groupbox mx-groupbox-collapsible mx-name-groupBox1'><h2 class='mx-groupbox-header'><i class='glyphicon mx-groupbox-collapse-icon'></i>Group_name based Complexity</h2><div class='mx-groupbox-body'><div data-mendix-id='41_147' data-mendix-type='reporting.widget.ReportParameter' data-mendix-props='"friendlyId":"MyFirstModule.Overview_Page.reportParameter1","parameter":"Template","reportid":"5c3b5c18-7efd-4f52-aea3-6212d6fb43f8","paramtype":"object"' class='mx-name-reportParameter1'></div><div data-mendix-id='41_148' data-mendix-type='reporting.widget.ReportTrigger' data-mendix-props='"friendlyId":"MyFirstModule.Overview_Page.reportButton1","caption":"Generate report"' class='mx-name-reportButton1'></div><div data-mendix-id='41_149' data-mendix-type='reporting.widget.ReportMatrix' data-mendix-props='"friendlyId":"MyFirstModule.Overview_Page.reportGrid1","mxid":"reportGrid1","reportid":"5c3b5c18-7efd-4f52-aea3-6212d6fb43f8","columns":[{"alignment":"left","weight":50},{"alignment":"left","weight":50}]' class='mx-name-reportGrid1'></div></div></div><div data-mendix-id='41_152' class='mx-layoutgrid mx-layoutgrid-fluid mx-name-layoutGrid2'><div class='row'><div class='col-md-2'><div data-mendix-id='41_155' data-mendix-type='mxui.widget.ActionButton' data-mendix-props='"friendlyId":"MyFirstModule.Overview_Page.actionButton3","caption":{"$type":"textTemplate","text":"Generate Report","friendlyId":"MyFirstModule.Overview_Page.actionButton3"},"renderType":"button","action":{"type":"callMicroflow","hasParameter":true,"params":{"name":"MyFirstModule.Microflow_data_template","validate":"view","applyTo":"selection","allowedRoles":["Administrator","User"]}}' data-mendix-roles='Administrator,User' class='mx-name-actionButton3 btn-warning' style='float:right; margin left-30px; margin bottom-30px margin top-10px;' tabindex='0'></div></div><div class='col-md-2'><div data-mendix-id='41_157' data-mendix-type='mxui.widget.ActionButton' data-mendix-props='"friendlyId":"MyFirstModule.Overview_Page.actionButton2","caption":{"$type":"textTemplate","text":"Estimate PD","friendlyId":"MyFirstModule.Overview_Page.actionButton2"},"renderType":"button","action":{"type":"callMicroflow","hasParameter":true,"params":{"name":"MyFirstModule.Estimation_Assumption","validate":"view","applyTo":"selection","allowedRoles":["Administrator","User"]}}' data-mendix-roles='Administrator,User' class='mx-name-actionButton2 btn-default' style='margin left-30px; margin bottom-30px margin top-10px;' tabindex='0'></div></div><div class='col-md-6'><div data-mendix-id='41_159' data-mendix-type='mxui.widget.DataView' data-mendix-props='"friendlyId":"MyFirstModule.Overview_Page.dataView2","entity":"MyFirstModule.Template","schema":"e4c055bc-1a06-43c2-bf56-9e059c8dcc0c","hideFooter":true,"datasource":{"friendlyId":"MyFirstModule.Overview_Page.dataView2","type":"microflow","microflow":"MyFirstModule.Estimation_template_Object_pass","path":"MyFirstModule.Template","parameters":["MyFirstModule.Template"]}' class='mx-name-dataView2 form-horizontal' tabindex='0'></div></div><div class='col-md-2'></div></div></div></m:template><m:template widget-id='41_159' name='content'><div data-mendix-id='41_162' class='form-group mx-name-textBox1' style='width: 60%; float:left;'><label class='control-label col-sm-3'>Total  PD</label><div class='col-sm-9'><div data-mendix-id='41_164' data-mendix-type='mxui.widget.NumberInput' data-mendix-props='"friendlyId":"MyFirstModule.Overview_Page.textBox1","readOnly":true,"insideFormGroup":true,"attributePath":"MyFirstModule.Template/Total_PD","readOnlyStyle":"control","validation":null,"placeholder":"","precision":2' tabindex='0'></div></div></div><div data-mendix-id='41_163' class='form-group mx-name-textBox2' style='width: 60%; float:left;'><label class='control-label col-sm-3'>Total  PD with QA</label><div class='col-sm-9'><div data-mendix-id='41_165' data-mendix-type='mxui.widget.NumberInput' data-mendix-props='"friendlyId":"MyFirstModule.Overview_Page.textBox2","readOnly":true,"insideFormGroup":true,"attributePath":"MyFirstModule.Template/Total_PD_QA","readOnlyStyle":"control","validation":null,"placeholder":"","precision":2' tabindex='0'></div></div></div></m:template></m:templates></m:page>