﻿<?xml version='1.0' encoding='utf-8'?><m:page id='667835da-4e26-4e07-9faf-d199ac323273' xmlns='http://www.w3.org/1999/xhtml' title='Page Title' class='layout-sidebar-responsive page-tabs page-tabs-default' xmlns:m='http://schemas.mendix.com/forms/1.0'><m:layouts><m:layout path='NavigationLayouts/Sidebar_Full_Responsive.layout.xml'></m:layout></m:layouts><m:arguments><m:argument parameterName='90307765-bc1b-483c-818f-821454fe380b'><div class='mx-name-container2 pageheader-fullwidth pageheader'></div><div data-mendix-id='48_0' class='mx-layoutgrid mx-layoutgrid-fluid mx-name-layoutGrid6'><div class='row'><div class='col-md-12'><div data-mendix-id='48_1' data-mendix-type='mxui.widget.DataView' data-mendix-props='"friendlyId":"MyFirstModule.Overview_Page_2.dataView1","entity":"MyFirstModule.Template","schema":"e20a720b-13f9-4abb-a406-288f6d00bc29","datasource":{"friendlyId":"MyFirstModule.Overview_Page_2.dataView1","type":"direct","path":"MyFirstModule.Template"}' class='mx-name-dataView1 form-horizontal' tabindex='0'></div></div></div></div></m:argument></m:arguments><m:templates><m:template widget-id='48_1' name='content'><div data-mendix-id='48_2' data-mendix-type='mxui.widget.TabContainer' data-mendix-props='"friendlyId":"MyFirstModule.Overview_Page_2.tabControl1"' class='mx-name-tabControl1 tab-lined' style='align:justify;' tabindex='0'></div></m:template><m:template widget-id='48_2' name='pages'><div data-mendix-id='48_3' data-mendix-type='mxui.widget.TabContent' data-mendix-props='"title":"Orchestration","selected":true,"delayLoading":false,"tabName":"tabPage4"'></div><div data-mendix-id='48_32' data-mendix-type='mxui.widget.TabContent' data-mendix-props='"title":"Microservice","delayLoading":true,"tabName":"tabPage1"'></div><div data-mendix-id='48_61' data-mendix-type='mxui.widget.TabContent' data-mendix-props='"title":"Patterns &amp; Practices","delayLoading":true,"tabName":"tabPage2"'></div><div data-mendix-id='48_90' data-mendix-type='mxui.widget.TabContent' data-mendix-props='"title":"Common Effort","delayLoading":true,"tabName":"Common_Effort"'></div><div data-mendix-id='48_119' data-mendix-type='mxui.widget.TabContent' data-mendix-props='"title":"Tech Stack","delayLoading":true,"tabName":"tabPage5"'></div><div data-mendix-id='48_154' data-mendix-type='mxui.widget.TabContent' data-mendix-props='"title":"Development Process","delayLoading":true,"tabName":"tabPage7"'></div><div data-mendix-id='48_189' data-mendix-type='mxui.widget.TabContent' data-mendix-props='"title":"Policy","delayLoading":true,"tabName":"tabPage6"'></div><div data-mendix-id='48_218' data-mendix-type='mxui.widget.TabContent' data-mendix-props='"title":"Infrastructure","delayLoading":true,"tabName":"Infrastructure"'></div><div data-mendix-id='48_247' data-mendix-type='mxui.widget.TabContent' data-mendix-props='"title":"Estimation","delayLoading":true,"tabName":"Estimation"'></div></m:template><m:template widget-id='48_3' name='content'><div data-mendix-id='48_5' data-mendix-type='mxui.widget.ActionButton' data-mendix-props='"friendlyId":"MyFirstModule.Overview_Page_2.actionButton4","caption":{"$type":"textTemplate","text":"","friendlyId":"MyFirstModule.Overview_Page_2.actionButton4"},"iconUrl":"img/MyFirstModule$add.png?636468842603385563","title":"Add New Service","renderType":"link","action":{"type":"callMicroflow","hasParameter":true,"params":{"name":"MyFirstModule.addNewOrchFlow","validate":"view","applyTo":"selection","allowedRoles":["Administrator","User"]}}' data-mendix-roles='Administrator,User' class='mx-name-actionButton4 imgCls' style='Float: right;' tabindex='0'></div><table class='mx-table mx-name-table1 tableHeaderCls' style='text-align: center; font-size:17px ! important;;'><colgroup><col style='width:8%'></col><col style='width:12%'></col><col style='width:19%'></col><col style='width:21%'></col><col style='width:13%'></col><col style='width:16%'></col><col style='width:11%'></col></colgroup><tbody><tr><td><div data-mendix-id='48_8' data-mendix-type='mxui.widget.ReactWidgetWrapper' data-mendix-props='"widgetTree":{"widget":"com.mendix.widget.core.Text","widgetId":"48_8","props":{"name":"text1","class":"mx-name-text1","style":{},"caption":{"$type":"textTemplate","text":"UC","friendlyId":"MyFirstModule.Overview_Page_2.text1"},"renderMode":"span"},"children":[]}'></div></td><td><div data-mendix-id='48_10' data-mendix-type='mxui.widget.ReactWidgetWrapper' data-mendix-props='"widgetTree":{"widget":"com.mendix.widget.core.Text","widgetId":"48_10","props":{"name":"text2","class":"mx-name-text2","style":{},"caption":{"$type":"textTemplate","text":"Use Case","friendlyId":"MyFirstModule.Overview_Page_2.text2"},"renderMode":"span"},"children":[]}'></div></td><td><div data-mendix-id='48_12' data-mendix-type='mxui.widget.ReactWidgetWrapper' data-mendix-props='"widgetTree":{"widget":"com.mendix.widget.core.Text","widgetId":"48_12","props":{"name":"text3","class":"mx-name-text3","style":{},"caption":{"$type":"textTemplate","text":"Service Type","friendlyId":"MyFirstModule.Overview_Page_2.text3"},"renderMode":"span"},"children":[]}'></div></td><td><div data-mendix-id='48_14' data-mendix-type='mxui.widget.ReactWidgetWrapper' data-mendix-props='"widgetTree":{"widget":"com.mendix.widget.core.Text","widgetId":"48_14","props":{"name":"text5","class":"mx-name-text5","style":{},"caption":{"$type":"textTemplate","text":"Implementation Type","friendlyId":"MyFirstModule.Overview_Page_2.text5"},"renderMode":"span"},"children":[]}'></div></td><td><div data-mendix-id='48_16' data-mendix-type='mxui.widget.ReactWidgetWrapper' data-mendix-props='"widgetTree":{"widget":"com.mendix.widget.core.Text","widgetId":"48_16","props":{"name":"text6","class":"mx-name-text6","style":{},"caption":{"$type":"textTemplate","text":"Complexity","friendlyId":"MyFirstModule.Overview_Page_2.text6"},"renderMode":"span"},"children":[]}'></div></td><td><div data-mendix-id='48_18' data-mendix-type='mxui.widget.ReactWidgetWrapper' data-mendix-props='"widgetTree":{"widget":"com.mendix.widget.core.Text","widgetId":"48_18","props":{"name":"text7","class":"mx-name-text7","style":{},"caption":{"$type":"textTemplate","text":"Complexity in %","friendlyId":"MyFirstModule.Overview_Page_2.text7"},"renderMode":"span"},"children":[]}'></div></td><td></td></tr></tbody></table><div data-mendix-id='48_28' data-mendix-type='mxui.widget.TemplateGrid' data-mendix-props='"friendlyId":"MyFirstModule.Overview_Page_2.templateGrid1","entity":"MyFirstModule.Orchestration_Service","schema":"3a3a7356-f9a4-4aff-9824-49dabeb6ef96","config":{"locale":"fr_BE","gridType":"Standalone","gridpresentation":{"rows":20,"columns":1,"controlbar":false,"pagingbar":false,"selectionmode":"none","editable":false,"sortable":false,"refresh":0,"selectfirst":false},"datasource":{"friendlyId":"MyFirstModule.Overview_Page_2.templateGrid1","type":"entityPath","path":"MyFirstModule.Orchestration_Service_Template/MyFirstModule.Orchestration_Service"},"controlBar":{"gridTools":[],"gridActions":[]},"plugins":{}}' class='mx-templategrid mx-name-templateGrid1' style='font-size:17px ! important;' tabindex='0'></div></m:template><m:template widget-id='48_32' name='content'><div data-mendix-id='48_34' data-mendix-type='mxui.widget.ActionButton' data-mendix-props='"friendlyId":"MyFirstModule.Overview_Page_2.actionButton1","caption":{"$type":"textTemplate","text":"","friendlyId":"MyFirstModule.Overview_Page_2.actionButton1"},"iconUrl":"img/MyFirstModule$add.png?636468842603385563","title":"Add New Service","renderType":"link","action":{"type":"callMicroflow","hasParameter":true,"params":{"name":"MyFirstModule.addNewdataflow","validate":"view","applyTo":"selection","allowedRoles":["Administrator","User"]}}' data-mendix-roles='Administrator,User' class='mx-name-actionButton1 imgCls' style='float:right;' tabindex='0'></div><table class='mx-table mx-name-table2 tableHeaderCls' style='text-align: center;'><colgroup><col style='width:8%'></col><col style='width:18%'></col><col style='width:18%'></col><col style='width:18%'></col><col style='width:13%'></col><col style='width:16%'></col><col style='width:9%'></col></colgroup><tbody><tr><td><div data-mendix-id='48_37' data-mendix-type='mxui.widget.ReactWidgetWrapper' data-mendix-props='"widgetTree":{"widget":"com.mendix.widget.core.Text","widgetId":"48_37","props":{"name":"text8","class":"mx-name-text8","style":{},"caption":{"$type":"textTemplate","text":"UC","friendlyId":"MyFirstModule.Overview_Page_2.text8"},"renderMode":"span"},"children":[]}'></div></td><td><div data-mendix-id='48_39' data-mendix-type='mxui.widget.ReactWidgetWrapper' data-mendix-props='"widgetTree":{"widget":"com.mendix.widget.core.Text","widgetId":"48_39","props":{"name":"text9","class":"mx-name-text9","style":{},"caption":{"$type":"textTemplate","text":"Use Case","friendlyId":"MyFirstModule.Overview_Page_2.text9"},"renderMode":"span"},"children":[]}'></div></td><td><div data-mendix-id='48_41' data-mendix-type='mxui.widget.ReactWidgetWrapper' data-mendix-props='"widgetTree":{"widget":"com.mendix.widget.core.Text","widgetId":"48_41","props":{"name":"text11","class":"mx-name-text11","style":{},"caption":{"$type":"textTemplate","text":"Service name","friendlyId":"MyFirstModule.Overview_Page_2.text11"},"renderMode":"span"},"children":[]}'></div></td><td><div data-mendix-id='48_43' data-mendix-type='mxui.widget.ReactWidgetWrapper' data-mendix-props='"widgetTree":{"widget":"com.mendix.widget.core.Text","widgetId":"48_43","props":{"name":"text12","class":"mx-name-text12","style":{},"caption":{"$type":"textTemplate","text":"Service Type","friendlyId":"MyFirstModule.Overview_Page_2.text12"},"renderMode":"span"},"children":[]}'></div></td><td><div data-mendix-id='48_45' data-mendix-type='mxui.widget.ReactWidgetWrapper' data-mendix-props='"widgetTree":{"widget":"com.mendix.widget.core.Text","widgetId":"48_45","props":{"name":"text14","class":"mx-name-text14","style":{},"caption":{"$type":"textTemplate","text":"Complexity","friendlyId":"MyFirstModule.Overview_Page_2.text14"},"renderMode":"span"},"children":[]}'></div></td><td><div data-mendix-id='48_47' data-mendix-type='mxui.widget.ReactWidgetWrapper' data-mendix-props='"widgetTree":{"widget":"com.mendix.widget.core.Text","widgetId":"48_47","props":{"name":"text15","class":"mx-name-text15","style":{},"caption":{"$type":"textTemplate","text":"Complexity in %","friendlyId":"MyFirstModule.Overview_Page_2.text15"},"renderMode":"span"},"children":[]}'></div></td><td></td></tr></tbody></table><div data-mendix-id='48_57' data-mendix-type='mxui.widget.TemplateGrid' data-mendix-props='"friendlyId":"MyFirstModule.Overview_Page_2.templateGrid2","entity":"MyFirstModule.Data_Based_Service","schema":"7e0d042e-6ee1-4aa3-bb97-744b42bbf500","config":{"locale":"fr_BE","gridType":"Standalone","gridpresentation":{"rows":20,"columns":1,"controlbar":false,"pagingbar":false,"selectionmode":"none","editable":false,"sortable":false,"refresh":0,"selectfirst":false},"datasource":{"friendlyId":"MyFirstModule.Overview_Page_2.templateGrid2","type":"entityPath","path":"MyFirstModule.Data_Based_Resource_Template/MyFirstModule.Data_Based_Service"},"controlBar":{"gridTools":[],"gridActions":[]},"plugins":{}}' class='mx-templategrid mx-name-templateGrid2' tabindex='0'></div></m:template><m:template widget-id='48_61' name='content'><div data-mendix-id='48_63' data-mendix-type='mxui.widget.ActionButton' data-mendix-props='"friendlyId":"MyFirstModule.Overview_Page_2.actionButton5","caption":{"$type":"textTemplate","text":"","friendlyId":"MyFirstModule.Overview_Page_2.actionButton5"},"iconUrl":"img/MyFirstModule$add.png?636468842603385563","title":"Add New Service","renderType":"link","action":{"type":"callMicroflow","hasParameter":true,"params":{"name":"MyFirstModule.addNewpatternflow","validate":"view","applyTo":"selection","allowedRoles":["Administrator","User"]}}' data-mendix-roles='Administrator,User' class='mx-name-actionButton5 imgCls' style='float:right;' tabindex='0'></div><table class='mx-table mx-name-table3 tableHeaderCls' style='text-align: center;'><colgroup><col style='width:8%'></col><col style='width:12%'></col><col style='width:18%'></col><col style='width:20%'></col><col style='width:15%'></col><col style='width:17%'></col><col style='width:10%'></col></colgroup><tbody><tr><td><div data-mendix-id='48_66' data-mendix-type='mxui.widget.ReactWidgetWrapper' data-mendix-props='"widgetTree":{"widget":"com.mendix.widget.core.Text","widgetId":"48_66","props":{"name":"text17","class":"mx-name-text17","style":{},"caption":{"$type":"textTemplate","text":"UC","friendlyId":"MyFirstModule.Overview_Page_2.text17"},"renderMode":"span"},"children":[]}'></div></td><td><div data-mendix-id='48_68' data-mendix-type='mxui.widget.ReactWidgetWrapper' data-mendix-props='"widgetTree":{"widget":"com.mendix.widget.core.Text","widgetId":"48_68","props":{"name":"text18","class":"mx-name-text18","style":{},"caption":{"$type":"textTemplate","text":"Use Case","friendlyId":"MyFirstModule.Overview_Page_2.text18"},"renderMode":"span"},"children":[]}'></div></td><td><div data-mendix-id='48_70' data-mendix-type='mxui.widget.ReactWidgetWrapper' data-mendix-props='"widgetTree":{"widget":"com.mendix.widget.core.Text","widgetId":"48_70","props":{"name":"text19","class":"mx-name-text19","style":{},"caption":{"$type":"textTemplate","text":"Service Name","friendlyId":"MyFirstModule.Overview_Page_2.text19"},"renderMode":"span"},"children":[]}'></div></td><td><div data-mendix-id='48_72' data-mendix-type='mxui.widget.ReactWidgetWrapper' data-mendix-props='"widgetTree":{"widget":"com.mendix.widget.core.Text","widgetId":"48_72","props":{"name":"text21","class":"mx-name-text21","style":{},"caption":{"$type":"textTemplate","text":"Message pattern","friendlyId":"MyFirstModule.Overview_Page_2.text21"},"renderMode":"span"},"children":[]}'></div></td><td><div data-mendix-id='48_74' data-mendix-type='mxui.widget.ReactWidgetWrapper' data-mendix-props='"widgetTree":{"widget":"com.mendix.widget.core.Text","widgetId":"48_74","props":{"name":"text22","class":"mx-name-text22","style":{},"caption":{"$type":"textTemplate","text":"Complexity","friendlyId":"MyFirstModule.Overview_Page_2.text22"},"renderMode":"span"},"children":[]}'></div></td><td><div data-mendix-id='48_76' data-mendix-type='mxui.widget.ReactWidgetWrapper' data-mendix-props='"widgetTree":{"widget":"com.mendix.widget.core.Text","widgetId":"48_76","props":{"name":"text16","class":"mx-name-text16","style":{},"caption":{"$type":"textTemplate","text":"Complexity in %","friendlyId":"MyFirstModule.Overview_Page_2.text16"},"renderMode":"span"},"children":[]}'></div></td><td></td></tr></tbody></table><div data-mendix-id='48_86' data-mendix-type='mxui.widget.TemplateGrid' data-mendix-props='"friendlyId":"MyFirstModule.Overview_Page_2.templateGrid3","entity":"MyFirstModule.Patterns_Practices","schema":"ba976ff4-4e95-428a-9085-26178aa99b6a","config":{"locale":"fr_BE","gridType":"Standalone","gridpresentation":{"rows":20,"columns":1,"controlbar":false,"pagingbar":false,"selectionmode":"none","editable":false,"sortable":false,"refresh":0,"selectfirst":false},"datasource":{"friendlyId":"MyFirstModule.Overview_Page_2.templateGrid3","type":"entityPath","path":"MyFirstModule.Patterns_Practices_Template/MyFirstModule.Patterns_Practices"},"controlBar":{"gridTools":[],"gridActions":[]},"plugins":{}}' class='mx-templategrid mx-name-templateGrid3' tabindex='0'></div></m:template><m:template widget-id='48_90' name='content'><div data-mendix-id='48_92' data-mendix-type='mxui.widget.ActionButton' data-mendix-props='"friendlyId":"MyFirstModule.Overview_Page_2.actionButton6","caption":{"$type":"textTemplate","text":"","friendlyId":"MyFirstModule.Overview_Page_2.actionButton6"},"iconUrl":"img/MyFirstModule$add.png?636468842603385563","title":"Add New Service","renderType":"link","action":{"type":"callMicroflow","hasParameter":true,"params":{"name":"MyFirstModule.addNewcommonflow","validate":"view","applyTo":"selection","allowedRoles":["Administrator","User"]}}' data-mendix-roles='Administrator,User' class='mx-name-actionButton6 imgCls' style='float:right;' tabindex='0'></div><table class='mx-table mx-name-table4 tableHeaderCls' style='text-align: center;'><colgroup><col style='width:15%'></col><col style='width:16%'></col><col style='width:19%'></col><col style='width:15%'></col><col style='width:11%'></col><col style='width:14%'></col><col style='width:10%'></col></colgroup><tbody><tr><td><div data-mendix-id='48_95' data-mendix-type='mxui.widget.ReactWidgetWrapper' data-mendix-props='"widgetTree":{"widget":"com.mendix.widget.core.Text","widgetId":"48_95","props":{"name":"text24","class":"mx-name-text24","style":{},"caption":{"$type":"textTemplate","text":"Service Registry","friendlyId":"MyFirstModule.Overview_Page_2.text24"},"renderMode":"span"},"children":[]}'></div></td><td><div data-mendix-id='48_97' data-mendix-type='mxui.widget.ReactWidgetWrapper' data-mendix-props='"widgetTree":{"widget":"com.mendix.widget.core.Text","widgetId":"48_97","props":{"name":"text25","class":"mx-name-text25","style":{},"caption":{"$type":"textTemplate","text":"Channel driven call","friendlyId":"MyFirstModule.Overview_Page_2.text25"},"renderMode":"span"},"children":[]}'></div></td><td><div data-mendix-id='48_99' data-mendix-type='mxui.widget.ReactWidgetWrapper' data-mendix-props='"widgetTree":{"widget":"com.mendix.widget.core.Text","widgetId":"48_99","props":{"name":"text26","class":"mx-name-text26","style":{},"caption":{"$type":"textTemplate","text":"Centralized  configuration","friendlyId":"MyFirstModule.Overview_Page_2.text26"},"renderMode":"span"},"children":[]}'></div></td><td><div data-mendix-id='48_101' data-mendix-type='mxui.widget.ReactWidgetWrapper' data-mendix-props='"widgetTree":{"widget":"com.mendix.widget.core.Text","widgetId":"48_101","props":{"name":"text28","class":"mx-name-text28","style":{},"caption":{"$type":"textTemplate","text":"Service monitoring","friendlyId":"MyFirstModule.Overview_Page_2.text28"},"renderMode":"span"},"children":[]}'></div></td><td><div data-mendix-id='48_103' data-mendix-type='mxui.widget.ReactWidgetWrapper' data-mendix-props='"widgetTree":{"widget":"com.mendix.widget.core.Text","widgetId":"48_103","props":{"name":"text29","class":"mx-name-text29","style":{},"caption":{"$type":"textTemplate","text":"Complexity","friendlyId":"MyFirstModule.Overview_Page_2.text29"},"renderMode":"span"},"children":[]}'></div></td><td><div data-mendix-id='48_105' data-mendix-type='mxui.widget.ReactWidgetWrapper' data-mendix-props='"widgetTree":{"widget":"com.mendix.widget.core.Text","widgetId":"48_105","props":{"name":"text23","class":"mx-name-text23","style":{},"caption":{"$type":"textTemplate","text":"Complexity in %","friendlyId":"MyFirstModule.Overview_Page_2.text23"},"renderMode":"span"},"children":[]}'></div></td><td></td></tr></tbody></table><div data-mendix-id='48_115' data-mendix-type='mxui.widget.TemplateGrid' data-mendix-props='"friendlyId":"MyFirstModule.Overview_Page_2.templateGrid4","entity":"MyFirstModule.Common_Effort","schema":"1128f6e8-6034-4139-a729-e0eb9ca9f10c","config":{"locale":"fr_BE","gridType":"Standalone","gridpresentation":{"rows":20,"columns":1,"controlbar":false,"pagingbar":false,"selectionmode":"none","editable":false,"sortable":false,"refresh":0,"selectfirst":false},"datasource":{"friendlyId":"MyFirstModule.Overview_Page_2.templateGrid4","type":"entityPath","path":"MyFirstModule.Common_Effort_Template/MyFirstModule.Common_Effort"},"controlBar":{"gridTools":[],"gridActions":[]},"plugins":{}}' class='mx-templategrid mx-name-templateGrid4' tabindex='0'></div></m:template><m:template widget-id='48_119' name='content'><div data-mendix-id='48_121' data-mendix-type='mxui.widget.ActionButton' data-mendix-props='"friendlyId":"MyFirstModule.Overview_Page_2.actionButton7","caption":{"$type":"textTemplate","text":"","friendlyId":"MyFirstModule.Overview_Page_2.actionButton7"},"iconUrl":"img/MyFirstModule$add.png?636468842603385563","title":"Add New Service","renderType":"link","action":{"type":"callMicroflow","hasParameter":true,"params":{"name":"MyFirstModule.addNewtechflow","validate":"view","applyTo":"selection","allowedRoles":["Administrator","User"]}}' data-mendix-roles='Administrator,User' class='mx-name-actionButton7 imgCls' style='float:right;' tabindex='0'></div><table class='mx-table mx-name-table5 tableHeaderCls' style='text-align: center;'><colgroup><col style='width:5%'></col><col style='width:11%'></col><col style='width:13%'></col><col style='width:17%'></col><col style='width:10%'></col><col style='width:12%'></col><col style='width:10%'></col><col style='width:14%'></col><col style='width:8%'></col></colgroup><tbody><tr><td><div data-mendix-id='48_124' data-mendix-type='mxui.widget.ReactWidgetWrapper' data-mendix-props='"widgetTree":{"widget":"com.mendix.widget.core.Text","widgetId":"48_124","props":{"name":"text30","class":"mx-name-text30","style":{},"caption":{"$type":"textTemplate","text":"UC","friendlyId":"MyFirstModule.Overview_Page_2.text30"},"renderMode":"span"},"children":[]}'></div></td><td><div data-mendix-id='48_126' data-mendix-type='mxui.widget.ReactWidgetWrapper' data-mendix-props='"widgetTree":{"widget":"com.mendix.widget.core.Text","widgetId":"48_126","props":{"name":"text31","class":"mx-name-text31","style":{},"caption":{"$type":"textTemplate","text":"Use case","friendlyId":"MyFirstModule.Overview_Page_2.text31"},"renderMode":"span"},"children":[]}'></div></td><td><div data-mendix-id='48_128' data-mendix-type='mxui.widget.ReactWidgetWrapper' data-mendix-props='"widgetTree":{"widget":"com.mendix.widget.core.Text","widgetId":"48_128","props":{"name":"text32","class":"mx-name-text32","style":{},"caption":{"$type":"textTemplate","text":"Service name","friendlyId":"MyFirstModule.Overview_Page_2.text32"},"renderMode":"span"},"children":[]}'></div></td><td><div data-mendix-id='48_130' data-mendix-type='mxui.widget.ReactWidgetWrapper' data-mendix-props='"widgetTree":{"widget":"com.mendix.widget.core.Text","widgetId":"48_130","props":{"name":"text33","class":"mx-name-text33","style":{},"caption":{"$type":"textTemplate","text":"Language","friendlyId":"MyFirstModule.Overview_Page_2.text33"},"renderMode":"span"},"children":[]}'></div></td><td><div data-mendix-id='48_132' data-mendix-type='mxui.widget.ReactWidgetWrapper' data-mendix-props='"widgetTree":{"widget":"com.mendix.widget.core.Text","widgetId":"48_132","props":{"name":"text35","class":"mx-name-text35","style":{},"caption":{"$type":"textTemplate","text":"CI","friendlyId":"MyFirstModule.Overview_Page_2.text35"},"renderMode":"span"},"children":[]}'></div></td><td><div data-mendix-id='48_134' data-mendix-type='mxui.widget.ReactWidgetWrapper' data-mendix-props='"widgetTree":{"widget":"com.mendix.widget.core.Text","widgetId":"48_134","props":{"name":"text36","class":"mx-name-text36","style":{},"caption":{"$type":"textTemplate","text":"CD","friendlyId":"MyFirstModule.Overview_Page_2.text36"},"renderMode":"span"},"children":[]}'></div></td><td><div data-mendix-id='48_136' data-mendix-type='mxui.widget.ReactWidgetWrapper' data-mendix-props='"widgetTree":{"widget":"com.mendix.widget.core.Text","widgetId":"48_136","props":{"name":"text37","class":"mx-name-text37","style":{},"caption":{"$type":"textTemplate","text":"Complexity","friendlyId":"MyFirstModule.Overview_Page_2.text37"},"renderMode":"span"},"children":[]}'></div></td><td><div data-mendix-id='48_138' data-mendix-type='mxui.widget.ReactWidgetWrapper' data-mendix-props='"widgetTree":{"widget":"com.mendix.widget.core.Text","widgetId":"48_138","props":{"name":"text38","class":"mx-name-text38","style":{},"caption":{"$type":"textTemplate","text":"Complexity in %","friendlyId":"MyFirstModule.Overview_Page_2.text38"},"renderMode":"span"},"children":[]}'></div></td><td></td></tr></tbody></table><div data-mendix-id='48_150' data-mendix-type='mxui.widget.TemplateGrid' data-mendix-props='"friendlyId":"MyFirstModule.Overview_Page_2.templateGrid5","entity":"MyFirstModule.Tech_Stack","schema":"943e42ac-9ff5-4048-8d95-c7c4a7535381","config":{"locale":"fr_BE","gridType":"Standalone","gridpresentation":{"rows":20,"columns":1,"controlbar":false,"pagingbar":false,"selectionmode":"none","editable":false,"sortable":false,"refresh":0,"selectfirst":false},"datasource":{"friendlyId":"MyFirstModule.Overview_Page_2.templateGrid5","type":"entityPath","path":"MyFirstModule.Tech_Stack_Template/MyFirstModule.Tech_Stack"},"controlBar":{"gridTools":[],"gridActions":[]},"plugins":{}}' class='mx-templategrid mx-name-templateGrid5' tabindex='0'></div></m:template><m:template widget-id='48_154' name='content'><div data-mendix-id='48_156' data-mendix-type='mxui.widget.ActionButton' data-mendix-props='"friendlyId":"MyFirstModule.Overview_Page_2.actionButton8","caption":{"$type":"textTemplate","text":"","friendlyId":"MyFirstModule.Overview_Page_2.actionButton8"},"iconUrl":"img/MyFirstModule$add.png?636468842603385563","title":"Add New Service","renderType":"link","action":{"type":"callMicroflow","hasParameter":true,"params":{"name":"MyFirstModule.addNewdevelopmentflow","validate":"view","applyTo":"selection","allowedRoles":["Administrator","User"]}}' data-mendix-roles='Administrator,User' class='mx-name-actionButton8 imgCls' style='float:right;' tabindex='0'></div><table class='mx-table mx-name-table6 tableHeaderCls' style='text-align: center;'><colgroup><col style='width:9%'></col><col style='width:10%'></col><col style='width:10%'></col><col style='width:13%'></col><col style='width:13%'></col><col style='width:14%'></col><col style='width:10%'></col><col style='width:14%'></col><col style='width:7%'></col></colgroup><tbody><tr><td><div data-mendix-id='48_159' data-mendix-type='mxui.widget.ReactWidgetWrapper' data-mendix-props='"widgetTree":{"widget":"com.mendix.widget.core.Text","widgetId":"48_159","props":{"name":"text40","class":"mx-name-text40","style":{},"caption":{"$type":"textTemplate","text":"Use case","friendlyId":"MyFirstModule.Overview_Page_2.text40"},"renderMode":"span"},"children":[]}'></div></td><td><div data-mendix-id='48_161' data-mendix-type='mxui.widget.ReactWidgetWrapper' data-mendix-props='"widgetTree":{"widget":"com.mendix.widget.core.Text","widgetId":"48_161","props":{"name":"text41","class":"mx-name-text41","style":{},"caption":{"$type":"textTemplate","text":"Service name","friendlyId":"MyFirstModule.Overview_Page_2.text41"},"renderMode":"span"},"children":[]}'></div></td><td><div data-mendix-id='48_163' data-mendix-type='mxui.widget.ReactWidgetWrapper' data-mendix-props='"widgetTree":{"widget":"com.mendix.widget.core.Text","widgetId":"48_163","props":{"name":"text42","class":"mx-name-text42","style":{},"caption":{"$type":"textTemplate","text":"Process","friendlyId":"MyFirstModule.Overview_Page_2.text42"},"renderMode":"span"},"children":[]}'></div></td><td><div data-mendix-id='48_165' data-mendix-type='mxui.widget.ReactWidgetWrapper' data-mendix-props='"widgetTree":{"widget":"com.mendix.widget.core.Text","widgetId":"48_165","props":{"name":"text43","class":"mx-name-text43","style":{},"caption":{"$type":"textTemplate","text":"Pair programming","friendlyId":"MyFirstModule.Overview_Page_2.text43"},"renderMode":"span"},"children":[]}'></div></td><td><div data-mendix-id='48_167' data-mendix-type='mxui.widget.ReactWidgetWrapper' data-mendix-props='"widgetTree":{"widget":"com.mendix.widget.core.Text","widgetId":"48_167","props":{"name":"text44","class":"mx-name-text44","style":{},"caption":{"$type":"textTemplate","text":"Methodology","friendlyId":"MyFirstModule.Overview_Page_2.text44"},"renderMode":"span"},"children":[]}'></div></td><td><div data-mendix-id='48_169' data-mendix-type='mxui.widget.ReactWidgetWrapper' data-mendix-props='"widgetTree":{"widget":"com.mendix.widget.core.Text","widgetId":"48_169","props":{"name":"text45","class":"mx-name-text45","style":{},"caption":{"$type":"textTemplate","text":"Dev  environment","friendlyId":"MyFirstModule.Overview_Page_2.text45"},"renderMode":"span"},"children":[]}'></div></td><td><div data-mendix-id='48_171' data-mendix-type='mxui.widget.ReactWidgetWrapper' data-mendix-props='"widgetTree":{"widget":"com.mendix.widget.core.Text","widgetId":"48_171","props":{"name":"text47","class":"mx-name-text47","style":{},"caption":{"$type":"textTemplate","text":"Complexity","friendlyId":"MyFirstModule.Overview_Page_2.text47"},"renderMode":"span"},"children":[]}'></div></td><td><div data-mendix-id='48_173' data-mendix-type='mxui.widget.ReactWidgetWrapper' data-mendix-props='"widgetTree":{"widget":"com.mendix.widget.core.Text","widgetId":"48_173","props":{"name":"text39","class":"mx-name-text39","style":{},"caption":{"$type":"textTemplate","text":"Complexity in %","friendlyId":"MyFirstModule.Overview_Page_2.text39"},"renderMode":"span"},"children":[]}'></div></td><td></td></tr></tbody></table><div data-mendix-id='48_185' data-mendix-type='mxui.widget.TemplateGrid' data-mendix-props='"friendlyId":"MyFirstModule.Overview_Page_2.templateGrid6","entity":"MyFirstModule.Development_Process","schema":"9ee5f191-b458-46ec-bec3-5fb52df011c6","config":{"locale":"fr_BE","gridType":"Standalone","gridpresentation":{"rows":3,"columns":1,"controlbar":false,"pagingbar":false,"selectionmode":"none","editable":false,"sortable":false,"refresh":0,"selectfirst":false},"datasource":{"friendlyId":"MyFirstModule.Overview_Page_2.templateGrid6","type":"entityPath","path":"MyFirstModule.Development_Process_Template/MyFirstModule.Development_Process"},"controlBar":{"gridTools":[],"gridActions":[]},"plugins":{}}' class='mx-templategrid mx-name-templateGrid6' tabindex='0'></div></m:template><m:template widget-id='48_189' name='content'><div data-mendix-id='48_191' data-mendix-type='mxui.widget.ActionButton' data-mendix-props='"friendlyId":"MyFirstModule.Overview_Page_2.actionButton9","caption":{"$type":"textTemplate","text":"","friendlyId":"MyFirstModule.Overview_Page_2.actionButton9"},"iconUrl":"img/MyFirstModule$add.png?636468842603385563","title":"Add New Service","renderType":"link","action":{"type":"callMicroflow","hasParameter":true,"params":{"name":"MyFirstModule.addNewpolicyflow","validate":"view","applyTo":"selection","allowedRoles":["Administrator","User"]}}' data-mendix-roles='Administrator,User' class='mx-name-actionButton9 imgCls' style='float:right;' tabindex='0'></div><table class='mx-table mx-name-table7 tableHeaderCls' style='text-align: center;'><colgroup><col style='width:12%'></col><col style='width:18%'></col><col style='width:18%'></col><col style='width:18%'></col><col style='width:12%'></col><col style='width:13%'></col><col style='width:9%'></col></colgroup><tbody><tr><td><div data-mendix-id='48_194' data-mendix-type='mxui.widget.ReactWidgetWrapper' data-mendix-props='"widgetTree":{"widget":"com.mendix.widget.core.Text","widgetId":"48_194","props":{"name":"text48","class":"mx-name-text48","style":{},"caption":{"$type":"textTemplate","text":"Use case","friendlyId":"MyFirstModule.Overview_Page_2.text48"},"renderMode":"span"},"children":[]}'></div></td><td><div data-mendix-id='48_196' data-mendix-type='mxui.widget.ReactWidgetWrapper' data-mendix-props='"widgetTree":{"widget":"com.mendix.widget.core.Text","widgetId":"48_196","props":{"name":"text49","class":"mx-name-text49","style":{},"caption":{"$type":"textTemplate","text":"Service name","friendlyId":"MyFirstModule.Overview_Page_2.text49"},"renderMode":"span"},"children":[]}'></div></td><td><div data-mendix-id='48_198' data-mendix-type='mxui.widget.ReactWidgetWrapper' data-mendix-props='"widgetTree":{"widget":"com.mendix.widget.core.Text","widgetId":"48_198","props":{"name":"text50","class":"mx-name-text50","style":{},"caption":{"$type":"textTemplate","text":"Static collector","friendlyId":"MyFirstModule.Overview_Page_2.text50"},"renderMode":"span"},"children":[]}'></div></td><td><div data-mendix-id='48_200' data-mendix-type='mxui.widget.ReactWidgetWrapper' data-mendix-props='"widgetTree":{"widget":"com.mendix.widget.core.Text","widgetId":"48_200","props":{"name":"text51","class":"mx-name-text51","style":{},"caption":{"$type":"textTemplate","text":"Concurrent rate limit","friendlyId":"MyFirstModule.Overview_Page_2.text51"},"renderMode":"span"},"children":[]}'></div></td><td><div data-mendix-id='48_202' data-mendix-type='mxui.widget.ReactWidgetWrapper' data-mendix-props='"widgetTree":{"widget":"com.mendix.widget.core.Text","widgetId":"48_202","props":{"name":"text52","class":"mx-name-text52","style":{},"caption":{"$type":"textTemplate","text":"Complexity","friendlyId":"MyFirstModule.Overview_Page_2.text52"},"renderMode":"span"},"children":[]}'></div></td><td><div data-mendix-id='48_204' data-mendix-type='mxui.widget.ReactWidgetWrapper' data-mendix-props='"widgetTree":{"widget":"com.mendix.widget.core.Text","widgetId":"48_204","props":{"name":"text53","class":"mx-name-text53","style":{},"caption":{"$type":"textTemplate","text":"Complexity in %","friendlyId":"MyFirstModule.Overview_Page_2.text53"},"renderMode":"span"},"children":[]}'></div></td><td></td></tr></tbody></table><div data-mendix-id='48_214' data-mendix-type='mxui.widget.TemplateGrid' data-mendix-props='"friendlyId":"MyFirstModule.Overview_Page_2.templateGrid7","entity":"MyFirstModule.Policy","schema":"34e5df35-03d9-4f6c-a49a-014b0b0d6755","config":{"locale":"fr_BE","gridType":"Standalone","gridpresentation":{"rows":20,"columns":1,"controlbar":false,"pagingbar":false,"selectionmode":"none","editable":false,"sortable":false,"refresh":0,"selectfirst":false},"datasource":{"friendlyId":"MyFirstModule.Overview_Page_2.templateGrid7","type":"entityPath","path":"MyFirstModule.Policy_Template/MyFirstModule.Policy"},"controlBar":{"gridTools":[],"gridActions":[]},"plugins":{}}' class='mx-templategrid mx-name-templateGrid7' tabindex='0'></div></m:template><m:template widget-id='48_218' name='content'><div data-mendix-id='48_220' data-mendix-type='mxui.widget.ActionButton' data-mendix-props='"friendlyId":"MyFirstModule.Overview_Page_2.actionButton10","caption":{"$type":"textTemplate","text":"","friendlyId":"MyFirstModule.Overview_Page_2.actionButton10"},"iconUrl":"img/MyFirstModule$add.png?636468842603385563","title":"Add New Service","renderType":"link","action":{"type":"callMicroflow","hasParameter":true,"params":{"name":"MyFirstModule.addNewinfraflow","validate":"view","applyTo":"selection","allowedRoles":["Administrator","User"]}}' data-mendix-roles='Administrator,User' class='mx-name-actionButton10 imgCls' style='float:right;' tabindex='0'></div><table class='mx-table mx-name-table8 tableHeaderCls' style='text-align: center;'><colgroup><col style='width:12%'></col><col style='width:18%'></col><col style='width:18%'></col><col style='width:18%'></col><col style='width:10%'></col><col style='width:14%'></col><col style='width:10%'></col></colgroup><tbody><tr><td><div data-mendix-id='48_223' data-mendix-type='mxui.widget.ReactWidgetWrapper' data-mendix-props='"widgetTree":{"widget":"com.mendix.widget.core.Text","widgetId":"48_223","props":{"name":"text54","class":"mx-name-text54","style":{},"caption":{"$type":"textTemplate","text":"Multi data center  deployment","friendlyId":"MyFirstModule.Overview_Page_2.text54"},"renderMode":"span"},"children":[]}'></div></td><td><div data-mendix-id='48_225' data-mendix-type='mxui.widget.ReactWidgetWrapper' data-mendix-props='"widgetTree":{"widget":"com.mendix.widget.core.Text","widgetId":"48_225","props":{"name":"text55","class":"mx-name-text55","style":{},"caption":{"$type":"textTemplate","text":"Geo  load  balancer  required","friendlyId":"MyFirstModule.Overview_Page_2.text55"},"renderMode":"span"},"children":[]}'></div></td><td><div data-mendix-id='48_227' data-mendix-type='mxui.widget.ReactWidgetWrapper' data-mendix-props='"widgetTree":{"widget":"com.mendix.widget.core.Text","widgetId":"48_227","props":{"name":"text56","class":"mx-name-text56","style":{},"caption":{"$type":"textTemplate","text":"Auto  scaling","friendlyId":"MyFirstModule.Overview_Page_2.text56"},"renderMode":"span"},"children":[]}'></div></td><td><div data-mendix-id='48_229' data-mendix-type='mxui.widget.ReactWidgetWrapper' data-mendix-props='"widgetTree":{"widget":"com.mendix.widget.core.Text","widgetId":"48_229","props":{"name":"text57","class":"mx-name-text57","style":{},"caption":{"$type":"textTemplate","text":"Performance","friendlyId":"MyFirstModule.Overview_Page_2.text57"},"renderMode":"span"},"children":[]}'></div></td><td><div data-mendix-id='48_231' data-mendix-type='mxui.widget.ReactWidgetWrapper' data-mendix-props='"widgetTree":{"widget":"com.mendix.widget.core.Text","widgetId":"48_231","props":{"name":"text58","class":"mx-name-text58","style":{},"caption":{"$type":"textTemplate","text":"Complexity","friendlyId":"MyFirstModule.Overview_Page_2.text58"},"renderMode":"span"},"children":[]}'></div></td><td><div data-mendix-id='48_233' data-mendix-type='mxui.widget.ReactWidgetWrapper' data-mendix-props='"widgetTree":{"widget":"com.mendix.widget.core.Text","widgetId":"48_233","props":{"name":"text59","class":"mx-name-text59","style":{},"caption":{"$type":"textTemplate","text":"Complexity in %","friendlyId":"MyFirstModule.Overview_Page_2.text59"},"renderMode":"span"},"children":[]}'></div></td><td></td></tr></tbody></table><div data-mendix-id='48_243' data-mendix-type='mxui.widget.TemplateGrid' data-mendix-props='"friendlyId":"MyFirstModule.Overview_Page_2.templateGrid8","entity":"MyFirstModule.Infrastructure","schema":"b94cd5a6-8638-439d-a0c5-f0656b69b18a","config":{"locale":"fr_BE","gridType":"Standalone","gridpresentation":{"rows":20,"columns":1,"controlbar":false,"pagingbar":false,"selectionmode":"none","editable":false,"sortable":false,"refresh":0,"selectfirst":false},"datasource":{"friendlyId":"MyFirstModule.Overview_Page_2.templateGrid8","type":"entityPath","path":"MyFirstModule.Infrastructure_Template/MyFirstModule.Infrastructure"},"controlBar":{"gridTools":[],"gridActions":[]},"plugins":{}}' class='mx-templategrid mx-name-templateGrid8' tabindex='0'></div></m:template><m:template widget-id='48_247' name='content'><div class='mx-name-container1'><div data-mendix-id='48_250' data-mendix-type='mxui.widget.ActionButton' data-mendix-props='"friendlyId":"MyFirstModule.Overview_Page_2.actionButton11","caption":{"$type":"textTemplate","text":"View Local Data","friendlyId":"MyFirstModule.Overview_Page_2.actionButton11"},"renderType":"link","action":{"type":"openPage","hasParameter":true,"params":{"path":"MyFirstModule/Template_Specific_Data_overview_2.page.xml","title":"Local Data","location":"content","allowedRoles":["Administrator","User"]}}' data-mendix-roles='Administrator,User' class='mx-name-actionButton11 imgCls' style='float:right; margin-bottom:20px; margin-right:20px;' tabindex='0'></div></div><div class='mx-name-container3'><div data-mendix-id='48_252' class='mx-layoutgrid mx-layoutgrid-fluid mx-name-layoutGrid1'><div class='row'><div class='col-md-6' style='margin-top:40px;'><table class='mx-table mx-name-table9 tableHeaderCls' style='text-align: center;'><colgroup><col style='width:20%'></col><col style='width:28%'></col><col style='width:26%'></col><col style='width:26%'></col></colgroup><tbody><tr><td><div data-mendix-id='48_258' data-mendix-type='mxui.widget.ReactWidgetWrapper' data-mendix-props='"widgetTree":{"widget":"com.mendix.widget.core.Text","widgetId":"48_258","props":{"name":"text60","class":"mx-name-text60","style":{},"caption":{"$type":"textTemplate","text":"UC","friendlyId":"MyFirstModule.Overview_Page_2.text60"},"renderMode":"span"},"children":[]}'></div></td><td><div data-mendix-id='48_260' data-mendix-type='mxui.widget.ReactWidgetWrapper' data-mendix-props='"widgetTree":{"widget":"com.mendix.widget.core.Text","widgetId":"48_260","props":{"name":"text61","class":"mx-name-text61","style":{},"caption":{"$type":"textTemplate","text":"Use Case","friendlyId":"MyFirstModule.Overview_Page_2.text61"},"renderMode":"span"},"children":[]}'></div></td><td><div data-mendix-id='48_262' data-mendix-type='mxui.widget.ReactWidgetWrapper' data-mendix-props='"widgetTree":{"widget":"com.mendix.widget.core.Text","widgetId":"48_262","props":{"name":"text63","class":"mx-name-text63","style":{},"caption":{"$type":"textTemplate","text":"Complexity","friendlyId":"MyFirstModule.Overview_Page_2.text63"},"renderMode":"span"},"children":[]}'></div></td><td><div data-mendix-id='48_264' data-mendix-type='mxui.widget.ReactWidgetWrapper' data-mendix-props='"widgetTree":{"widget":"com.mendix.widget.core.Text","widgetId":"48_264","props":{"name":"text64","class":"mx-name-text64","style":{},"caption":{"$type":"textTemplate","text":"Complexity in %","friendlyId":"MyFirstModule.Overview_Page_2.text64"},"renderMode":"span"},"children":[]}'></div></td></tr></tbody></table><div data-mendix-id='48_270' data-mendix-type='mxui.widget.TemplateGrid' data-mendix-props='"friendlyId":"MyFirstModule.Overview_Page_2.templateGrid9","entity":"MyFirstModule.Orchestration_Service","schema":"a27f4978-a9e0-4d76-9b99-13e21fdb79a4","config":{"locale":"fr_BE","gridType":"Standalone","gridpresentation":{"rows":20,"columns":1,"controlbar":false,"pagingbar":false,"selectionmode":"none","editable":false,"sortable":false,"refresh":0,"selectfirst":false},"datasource":{"friendlyId":"MyFirstModule.Overview_Page_2.templateGrid9","type":"entityPath","path":"MyFirstModule.Orchestration_Service_Template/MyFirstModule.Orchestration_Service"},"controlBar":{"gridTools":[],"gridActions":[]},"plugins":{}}' class='mx-templategrid mx-name-templateGrid9' tabindex='0'></div></div><div class='col-md-6'><table class='mx-table mx-name-table10 tableHeaderCls' style='text-align: center;'><colgroup><col style='width:20%'></col><col style='width:26%'></col><col style='width:27%'></col><col style='width:27%'></col></colgroup><tbody><tr><td><div data-mendix-id='48_278' data-mendix-type='mxui.widget.ReactWidgetWrapper' data-mendix-props='"widgetTree":{"widget":"com.mendix.widget.core.Text","widgetId":"48_278","props":{"name":"text66","class":"mx-name-text66","style":{},"caption":{"$type":"textTemplate","text":"UC","friendlyId":"MyFirstModule.Overview_Page_2.text66"},"renderMode":"span"},"children":[]}'></div></td><td><div data-mendix-id='48_280' data-mendix-type='mxui.widget.ReactWidgetWrapper' data-mendix-props='"widgetTree":{"widget":"com.mendix.widget.core.Text","widgetId":"48_280","props":{"name":"text67","class":"mx-name-text67","style":{},"caption":{"$type":"textTemplate","text":"Use Case","friendlyId":"MyFirstModule.Overview_Page_2.text67"},"renderMode":"span"},"children":[]}'></div></td><td><div data-mendix-id='48_282' data-mendix-type='mxui.widget.ReactWidgetWrapper' data-mendix-props='"widgetTree":{"widget":"com.mendix.widget.core.Text","widgetId":"48_282","props":{"name":"text69","class":"mx-name-text69","style":{},"caption":{"$type":"textTemplate","text":"Complexity","friendlyId":"MyFirstModule.Overview_Page_2.text69"},"renderMode":"span"},"children":[]}'></div></td><td><div data-mendix-id='48_284' data-mendix-type='mxui.widget.ReactWidgetWrapper' data-mendix-props='"widgetTree":{"widget":"com.mendix.widget.core.Text","widgetId":"48_284","props":{"name":"text65","class":"mx-name-text65","style":{},"caption":{"$type":"textTemplate","text":"Complexity in %","friendlyId":"MyFirstModule.Overview_Page_2.text65"},"renderMode":"span"},"children":[]}'></div></td></tr></tbody></table><div data-mendix-id='48_290' data-mendix-type='mxui.widget.TemplateGrid' data-mendix-props='"friendlyId":"MyFirstModule.Overview_Page_2.templateGrid10","entity":"MyFirstModule.Data_Based_Service","schema":"12af050d-5e4d-4066-9a0e-76c18c49aebf","config":{"locale":"fr_BE","gridType":"Standalone","gridpresentation":{"rows":20,"columns":1,"controlbar":false,"pagingbar":false,"selectionmode":"none","editable":false,"sortable":false,"refresh":0,"selectfirst":false},"datasource":{"friendlyId":"MyFirstModule.Overview_Page_2.templateGrid10","type":"entityPath","path":"MyFirstModule.Data_Based_Resource_Template/MyFirstModule.Data_Based_Service"},"controlBar":{"gridTools":[],"gridActions":[]},"plugins":{}}' class='mx-templategrid mx-name-templateGrid10' tabindex='0'></div></div></div></div></div><div data-mendix-id='48_294' class='mx-layoutgrid mx-layoutgrid-fluid mx-name-layoutGrid2'><div class='row'><div class='col-md-2'><div data-mendix-id='48_297' data-mendix-type='mxui.widget.ActionButton' data-mendix-props='"friendlyId":"MyFirstModule.Overview_Page_2.actionButton3","caption":{"$type":"textTemplate","text":"Generate Report","friendlyId":"MyFirstModule.Overview_Page_2.actionButton3"},"renderType":"button","action":{"type":"openPage","hasParameter":true,"params":{"path":"MyFirstModule/Report_Format.page.xml","title":"Report","location":"modal","resizable":true,"allowedRoles":["Administrator","User"]}}' data-mendix-roles='Administrator,User' class='mx-name-actionButton3 btn-warning' style='float:right; margin left-30px; margin bottom-30px margin top-10px;' tabindex='0'></div></div><div class='col-md-2'><div data-mendix-id='48_299' data-mendix-type='mxui.widget.ActionButton' data-mendix-props='"friendlyId":"MyFirstModule.Overview_Page_2.actionButton2","caption":{"$type":"textTemplate","text":"Estimate PD","friendlyId":"MyFirstModule.Overview_Page_2.actionButton2"},"renderType":"button","action":{"type":"callMicroflow","hasParameter":true,"params":{"name":"MyFirstModule.Estimation_Assumption","validate":"view","applyTo":"selection","allowedRoles":["Administrator","User"]}}' data-mendix-roles='Administrator,User' class='mx-name-actionButton2 btn-default' tabindex='0'></div></div><div class='col-md-6'><div data-mendix-id='48_301' data-mendix-type='mxui.widget.DataView' data-mendix-props='"friendlyId":"MyFirstModule.Overview_Page_2.dataView2","entity":"MyFirstModule.Template","schema":"b2c6bfed-e090-4529-9d7e-d474fa2b50fa","hideFooter":true,"datasource":{"friendlyId":"MyFirstModule.Overview_Page_2.dataView2","type":"microflow","microflow":"MyFirstModule.Estimation_template_Object_pass","path":"MyFirstModule.Template","parameters":["MyFirstModule.Template"]}' class='mx-name-dataView2 form-horizontal' tabindex='0'></div></div><div class='col-md-2'></div></div></div></m:template><m:template widget-id='48_28' name='content'><div data-mendix-id='48_306' data-mendix-type='mxui.widget.DataView' data-mendix-props='"friendlyId":"MyFirstModule.Overview_Page_2.templateGrid1","entity":"MyFirstModule.Orchestration_Service","schema":"c6912416-6c94-4a60-8441-f6f7ea97f7cf","readOnly":true,"datasource":{"friendlyId":"MyFirstModule.Overview_Page_2.templateGrid1","type":"direct","path":"MyFirstModule.Orchestration_Service"}' tabindex='0'></div></m:template><m:template widget-id='48_57' name='content'><div data-mendix-id='48_334' data-mendix-type='mxui.widget.DataView' data-mendix-props='"friendlyId":"MyFirstModule.Overview_Page_2.templateGrid2","entity":"MyFirstModule.Data_Based_Service","schema":"df44020d-27f2-4b64-bad8-3a3d75f631ac","readOnly":true,"datasource":{"friendlyId":"MyFirstModule.Overview_Page_2.templateGrid2","type":"direct","path":"MyFirstModule.Data_Based_Service"}' tabindex='0'></div></m:template><m:template widget-id='48_86' name='content'><div data-mendix-id='48_362' data-mendix-type='mxui.widget.DataView' data-mendix-props='"friendlyId":"MyFirstModule.Overview_Page_2.templateGrid3","entity":"MyFirstModule.Patterns_Practices","schema":"33af94c7-6fe7-4012-80f0-7825532747e0","readOnly":true,"datasource":{"friendlyId":"MyFirstModule.Overview_Page_2.templateGrid3","type":"direct","path":"MyFirstModule.Patterns_Practices"}' tabindex='0'></div></m:template><m:template widget-id='48_115' name='content'><div data-mendix-id='48_390' data-mendix-type='mxui.widget.DataView' data-mendix-props='"friendlyId":"MyFirstModule.Overview_Page_2.templateGrid4","entity":"MyFirstModule.Common_Effort","schema":"35e06079-f673-4a11-8362-38d9eb8f183f","readOnly":true,"datasource":{"friendlyId":"MyFirstModule.Overview_Page_2.templateGrid4","type":"direct","path":"MyFirstModule.Common_Effort"}' tabindex='0'></div></m:template><m:template widget-id='48_150' name='content'><div data-mendix-id='48_418' data-mendix-type='mxui.widget.DataView' data-mendix-props='"friendlyId":"MyFirstModule.Overview_Page_2.templateGrid5","entity":"MyFirstModule.Tech_Stack","schema":"9842cb4a-c44c-49a0-aa7e-ac135b307d88","readOnly":true,"datasource":{"friendlyId":"MyFirstModule.Overview_Page_2.templateGrid5","type":"direct","path":"MyFirstModule.Tech_Stack"}' tabindex='0'></div></m:template><m:template widget-id='48_185' name='content'><div data-mendix-id='48_452' data-mendix-type='mxui.widget.DataView' data-mendix-props='"friendlyId":"MyFirstModule.Overview_Page_2.templateGrid6","entity":"MyFirstModule.Development_Process","schema":"9db3a3e2-125d-4689-9810-9531782100ef","readOnly":true,"datasource":{"friendlyId":"MyFirstModule.Overview_Page_2.templateGrid6","type":"direct","path":"MyFirstModule.Development_Process"}' tabindex='0'></div></m:template><m:template widget-id='48_214' name='content'><div data-mendix-id='48_486' data-mendix-type='mxui.widget.DataView' data-mendix-props='"friendlyId":"MyFirstModule.Overview_Page_2.templateGrid7","entity":"MyFirstModule.Policy","schema":"2d03f739-6a35-4eef-8fc2-3f6f0e75eee4","readOnly":true,"datasource":{"friendlyId":"MyFirstModule.Overview_Page_2.templateGrid7","type":"direct","path":"MyFirstModule.Policy"}' tabindex='0'></div></m:template><m:template widget-id='48_243' name='content'><div data-mendix-id='48_514' data-mendix-type='mxui.widget.DataView' data-mendix-props='"friendlyId":"MyFirstModule.Overview_Page_2.templateGrid8","entity":"MyFirstModule.Infrastructure","schema":"150b215b-97f7-43ea-8dfd-9946247c3b4e","readOnly":true,"datasource":{"friendlyId":"MyFirstModule.Overview_Page_2.templateGrid8","type":"direct","path":"MyFirstModule.Infrastructure"}' tabindex='0'></div></m:template><m:template widget-id='48_270' name='content'><div data-mendix-id='48_542' data-mendix-type='mxui.widget.DataView' data-mendix-props='"friendlyId":"MyFirstModule.Overview_Page_2.templateGrid9","entity":"MyFirstModule.Orchestration_Service","schema":"91f57dcb-0184-4389-a6a8-a899b792a36c","readOnly":true,"datasource":{"friendlyId":"MyFirstModule.Overview_Page_2.templateGrid9","type":"direct","path":"MyFirstModule.Orchestration_Service"}' tabindex='0'></div></m:template><m:template widget-id='48_290' name='content'><div data-mendix-id='48_558' data-mendix-type='mxui.widget.DataView' data-mendix-props='"friendlyId":"MyFirstModule.Overview_Page_2.templateGrid10","entity":"MyFirstModule.Data_Based_Service","schema":"0bc53149-9813-465f-9282-f6eef2e88b81","readOnly":true,"datasource":{"friendlyId":"MyFirstModule.Overview_Page_2.templateGrid10","type":"direct","path":"MyFirstModule.Data_Based_Service"}' tabindex='0'></div></m:template><m:template widget-id='48_301' name='content'><div data-mendix-id='48_304' class='form-group mx-name-textBox1' style='font-size:20px; border: 0; outline: 0;'><label class='control-label col-sm-4'>Total PD</label><div class='col-sm-8'><div data-mendix-id='48_574' data-mendix-type='mxui.widget.NumberInput' data-mendix-props='"friendlyId":"MyFirstModule.Overview_Page_2.textBox1","readOnly":true,"insideFormGroup":true,"attributePath":"MyFirstModule.Template/Total_PD","readOnlyStyle":"control","validation":null,"placeholder":"","precision":0' tabindex='0'></div></div></div><div data-mendix-id='48_305' class='form-group mx-name-textBox2' style='font-size:20px; border: 0; outline: 0;'><label class='control-label col-sm-4'>Total  PD with  QA</label><div class='col-sm-8'><div data-mendix-id='48_575' data-mendix-type='mxui.widget.NumberInput' data-mendix-props='"friendlyId":"MyFirstModule.Overview_Page_2.textBox2","readOnly":true,"insideFormGroup":true,"attributePath":"MyFirstModule.Template/Total_PD_QA","readOnlyStyle":"control","validation":null,"placeholder":"","precision":0' tabindex='0'></div></div></div></m:template><m:template widget-id='48_306' name='content'><table class='mx-table mx-name-table2' style='text-align: center;'><colgroup><col style='width:8%'></col><col style='width:12%'></col><col style='width:19%'></col><col style='width:21%'></col><col style='width:13%'></col><col style='width:13%'></col><col style='width:14%'></col></colgroup><tbody><tr><td><div data-mendix-id='48_307_310' data-mendix-type='mxui.widget.ReactWidgetWrapper' data-mendix-props='"widgetTree":{"widget":"com.mendix.widget.core.Text","widgetId":"48_307_310","props":{"name":"text1","class":"mx-name-text1","style":{},"caption":{"$type":"textTemplate","text":"{1}","friendlyId":"MyFirstModule.Snippet_new_orches.text1","parameters":{"1":"MyFirstModule.Orchestration_Service/UC"}},"renderMode":"span"},"children":[]}'></div></td><td><div data-mendix-id='48_307_312' data-mendix-type='mxui.widget.ReactWidgetWrapper' data-mendix-props='"widgetTree":{"widget":"com.mendix.widget.core.Text","widgetId":"48_307_312","props":{"name":"text5","class":"mx-name-text5","style":{},"caption":{"$type":"textTemplate","text":"{1}","friendlyId":"MyFirstModule.Snippet_new_orches.text5","parameters":{"1":"MyFirstModule.Orchestration_Service/UseCase"}},"renderMode":"span"},"children":[]}'></div></td><td><div data-mendix-id='48_307_314' data-mendix-type='mxui.widget.ReactWidgetWrapper' data-mendix-props='"widgetTree":{"widget":"com.mendix.widget.core.Text","widgetId":"48_307_314","props":{"name":"text2","class":"mx-name-text2","style":{},"caption":{"$type":"textTemplate","text":"{1}","friendlyId":"MyFirstModule.Snippet_new_orches.text2","parameters":{"1":"MyFirstModule.Orchestration_Service/Service_Type"}},"renderMode":"span"},"children":[]}'></div></td><td><div data-mendix-id='48_307_316' data-mendix-type='mxui.widget.ReactWidgetWrapper' data-mendix-props='"widgetTree":{"widget":"com.mendix.widget.core.Text","widgetId":"48_307_316","props":{"name":"text3","class":"mx-name-text3","style":{},"caption":{"$type":"textTemplate","text":"{1}","friendlyId":"MyFirstModule.Snippet_new_orches.text3","parameters":{"1":"MyFirstModule.Orchestration_Service/Implementation_Type"}},"renderMode":"span"},"children":[]}'></div></td><td><div data-mendix-id='48_307_318' data-mendix-type='mxui.widget.ReactWidgetWrapper' data-mendix-props='"widgetTree":{"widget":"com.mendix.widget.core.Text","widgetId":"48_307_318","props":{"name":"text7","class":"mx-name-text7","style":{},"caption":{"$type":"textTemplate","text":"{1}","friendlyId":"MyFirstModule.Snippet_new_orches.text7","parameters":{"1":"MyFirstModule.Orchestration_Service/Complexity"}},"renderMode":"span"},"children":[]}'></div></td><td><div data-mendix-id='48_307_320' data-mendix-type='mxui.widget.ReactWidgetWrapper' data-mendix-props='"widgetTree":{"widget":"com.mendix.widget.core.Text","widgetId":"48_307_320","props":{"name":"text4","class":"mx-name-text4","style":{},"caption":{"$type":"textTemplate","text":"{1}","friendlyId":"MyFirstModule.Snippet_new_orches.text4","parameters":{"1":"MyFirstModule.Orchestration_Service/Complexity_In_Percentage"}},"renderMode":"span"},"children":[]}'></div></td><td><div class='mx-name-container1'><div data-mendix-id='48_307_324' data-mendix-type='mxui.widget.ActionButton' data-mendix-props='"friendlyId":"MyFirstModule.Snippet_new_orches.actionButton1","caption":{"$type":"textTemplate","text":"","friendlyId":"MyFirstModule.Snippet_new_orches.actionButton1"},"iconUrl":"img/MyFirstModule$edit_on.png?636468842603385563","title":"Edit Service","renderType":"link","action":{"type":"openPage","hasParameter":true,"params":{"path":"MyFirstModule/Orchestration_Service_Newedit.page.xml","title":"Edit Orchestration Service","location":"modal","resizable":true,"allowedRoles":["Administrator","User"]}}' data-mendix-roles='Administrator,User' class='mx-name-actionButton1 imgCls-small' style='margin-left:20px;' tabindex='0'></div><div data-mendix-id='48_307_325' data-mendix-type='mxui.widget.ActionButton' data-mendix-props='"friendlyId":"MyFirstModule.Snippet_new_orches.actionButton2","caption":{"$type":"textTemplate","text":"","friendlyId":"MyFirstModule.Snippet_new_orches.actionButton2"},"iconUrl":"img/MyFirstModule$delete_on.png?636468842603385563","title":"Delete Service","renderType":"link","action":{"type":"callMicroflow","hasParameter":true,"params":{"name":"MyFirstModule.Microflow_oschresh_delete","validate":"view","confirmation":{"question":"Are you sure you want to delete this?","proceed":"Delete","cancel":"Cancel"},"applyTo":"selection","allowedRoles":["Administrator","User"]}}' data-mendix-roles='Administrator,User' class='mx-name-actionButton2 imgCls-small' style='margin-left:20px;' tabindex='0'></div></div></td></tr></tbody></table></m:template><m:template widget-id='48_334' name='content'><table class='mx-table mx-name-table2' style='text-align: center;'><colgroup><col style='width:8%'></col><col style='width:18%'></col><col style='width:18%'></col><col style='width:18%'></col><col style='width:13%'></col><col style='width:11%'></col><col style='width:14%'></col></colgroup><tbody><tr><td><div data-mendix-id='48_335_338' data-mendix-type='mxui.widget.ReactWidgetWrapper' data-mendix-props='"widgetTree":{"widget":"com.mendix.widget.core.Text","widgetId":"48_335_338","props":{"name":"text1","class":"mx-name-text1","style":{},"caption":{"$type":"textTemplate","text":"{1}","friendlyId":"MyFirstModule.Snippet_new_DataBase.text1","parameters":{"1":"MyFirstModule.Data_Based_Service/UC"}},"renderMode":"span"},"children":[]}'></div></td><td><div data-mendix-id='48_335_340' data-mendix-type='mxui.widget.ReactWidgetWrapper' data-mendix-props='"widgetTree":{"widget":"com.mendix.widget.core.Text","widgetId":"48_335_340","props":{"name":"text5","class":"mx-name-text5","style":{},"caption":{"$type":"textTemplate","text":"{1}","friendlyId":"MyFirstModule.Snippet_new_DataBase.text5","parameters":{"1":"MyFirstModule.Data_Based_Service/UseCase"}},"renderMode":"span"},"children":[]}'></div></td><td><div data-mendix-id='48_335_342' data-mendix-type='mxui.widget.ReactWidgetWrapper' data-mendix-props='"widgetTree":{"widget":"com.mendix.widget.core.Text","widgetId":"48_335_342","props":{"name":"text6","class":"mx-name-text6","style":{},"caption":{"$type":"textTemplate","text":"{1}","friendlyId":"MyFirstModule.Snippet_new_DataBase.text6","parameters":{"1":"MyFirstModule.Data_Based_Service/Service_Name"}},"renderMode":"span"},"children":[]}'></div></td><td><div data-mendix-id='48_335_344' data-mendix-type='mxui.widget.ReactWidgetWrapper' data-mendix-props='"widgetTree":{"widget":"com.mendix.widget.core.Text","widgetId":"48_335_344","props":{"name":"text8","class":"mx-name-text8","style":{},"caption":{"$type":"textTemplate","text":"{1}","friendlyId":"MyFirstModule.Snippet_new_DataBase.text8","parameters":{"1":"MyFirstModule.Data_Based_Service/Service_Type"}},"renderMode":"span"},"children":[]}'></div></td><td><div data-mendix-id='48_335_346' data-mendix-type='mxui.widget.ReactWidgetWrapper' data-mendix-props='"widgetTree":{"widget":"com.mendix.widget.core.Text","widgetId":"48_335_346","props":{"name":"text7","class":"mx-name-text7","style":{},"caption":{"$type":"textTemplate","text":"{1}","friendlyId":"MyFirstModule.Snippet_new_DataBase.text7","parameters":{"1":"MyFirstModule.Data_Based_Service/Complexity"}},"renderMode":"span"},"children":[]}'></div></td><td><div data-mendix-id='48_335_348' data-mendix-type='mxui.widget.ReactWidgetWrapper' data-mendix-props='"widgetTree":{"widget":"com.mendix.widget.core.Text","widgetId":"48_335_348","props":{"name":"text4","class":"mx-name-text4","style":{},"caption":{"$type":"textTemplate","text":"{1}","friendlyId":"MyFirstModule.Snippet_new_DataBase.text4","parameters":{"1":"MyFirstModule.Data_Based_Service/Complexity_In_Percentage"}},"renderMode":"span"},"children":[]}'></div></td><td><div class='mx-name-container1'><div data-mendix-id='48_335_352' data-mendix-type='mxui.widget.ActionButton' data-mendix-props='"friendlyId":"MyFirstModule.Snippet_new_DataBase.actionButton1","caption":{"$type":"textTemplate","text":"","friendlyId":"MyFirstModule.Snippet_new_DataBase.actionButton1"},"iconUrl":"img/MyFirstModule$edit_on.png?636468842603385563","title":"Edit Service","renderType":"link","action":{"type":"openPage","hasParameter":true,"params":{"path":"MyFirstModule/Data_Based_NewEdit.page.xml","title":"Edit Data Based Service","location":"modal","resizable":true,"allowedRoles":["Administrator","User"]}}' data-mendix-roles='Administrator,User' class='mx-name-actionButton1 imgCls-small' style='margin-left:20px;' tabindex='0'></div><div data-mendix-id='48_335_353' data-mendix-type='mxui.widget.ActionButton' data-mendix-props='"friendlyId":"MyFirstModule.Snippet_new_DataBase.actionButton2","caption":{"$type":"textTemplate","text":"","friendlyId":"MyFirstModule.Snippet_new_DataBase.actionButton2"},"iconUrl":"img/MyFirstModule$delete_on.png?636468842603385563","title":"Delete Service","renderType":"link","action":{"type":"callMicroflow","hasParameter":true,"params":{"name":"MyFirstModule.Microflow_delete_database","validate":"view","confirmation":{"question":"Are you sure you want to delete this?","proceed":"Delete","cancel":"Cancel"},"applyTo":"selection","allowedRoles":["Administrator","User"]}}' data-mendix-roles='Administrator,User' class='mx-name-actionButton2 imgCls-small' style='margin-left:20px;' tabindex='0'></div></div></td></tr></tbody></table></m:template><m:template widget-id='48_362' name='content'><table class='mx-table mx-name-table2' style='text-align: center;'><colgroup><col style='width:8%'></col><col style='width:12%'></col><col style='width:18%'></col><col style='width:20%'></col><col style='width:15%'></col><col style='width:13%'></col><col style='width:14%'></col></colgroup><tbody><tr><td><div data-mendix-id='48_363_366' data-mendix-type='mxui.widget.ReactWidgetWrapper' data-mendix-props='"widgetTree":{"widget":"com.mendix.widget.core.Text","widgetId":"48_363_366","props":{"name":"text1","class":"mx-name-text1","style":{},"caption":{"$type":"textTemplate","text":"{1}","friendlyId":"MyFirstModule.Snippet_new_patternpractice.text1","parameters":{"1":"MyFirstModule.Patterns_Practices/UC"}},"renderMode":"span"},"children":[]}'></div></td><td><div data-mendix-id='48_363_368' data-mendix-type='mxui.widget.ReactWidgetWrapper' data-mendix-props='"widgetTree":{"widget":"com.mendix.widget.core.Text","widgetId":"48_363_368","props":{"name":"text5","class":"mx-name-text5","style":{},"caption":{"$type":"textTemplate","text":"{1}","friendlyId":"MyFirstModule.Snippet_new_patternpractice.text5","parameters":{"1":"MyFirstModule.Patterns_Practices/UseCase"}},"renderMode":"span"},"children":[]}'></div></td><td><div data-mendix-id='48_363_370' data-mendix-type='mxui.widget.ReactWidgetWrapper' data-mendix-props='"widgetTree":{"widget":"com.mendix.widget.core.Text","widgetId":"48_363_370","props":{"name":"text2","class":"mx-name-text2","style":{},"caption":{"$type":"textTemplate","text":"{1}","friendlyId":"MyFirstModule.Snippet_new_patternpractice.text2","parameters":{"1":"MyFirstModule.Patterns_Practices/Service_Name"}},"renderMode":"span"},"children":[]}'></div></td><td><div data-mendix-id='48_363_372' data-mendix-type='mxui.widget.ReactWidgetWrapper' data-mendix-props='"widgetTree":{"widget":"com.mendix.widget.core.Text","widgetId":"48_363_372","props":{"name":"text3","class":"mx-name-text3","style":{},"caption":{"$type":"textTemplate","text":"{1}","friendlyId":"MyFirstModule.Snippet_new_patternpractice.text3","parameters":{"1":"MyFirstModule.Patterns_Practices/MessagePattern"}},"renderMode":"span"},"children":[]}'></div></td><td><div data-mendix-id='48_363_374' data-mendix-type='mxui.widget.ReactWidgetWrapper' data-mendix-props='"widgetTree":{"widget":"com.mendix.widget.core.Text","widgetId":"48_363_374","props":{"name":"text7","class":"mx-name-text7","style":{},"caption":{"$type":"textTemplate","text":"{1}","friendlyId":"MyFirstModule.Snippet_new_patternpractice.text7","parameters":{"1":"MyFirstModule.Patterns_Practices/Complexity"}},"renderMode":"span"},"children":[]}'></div></td><td><div data-mendix-id='48_363_376' data-mendix-type='mxui.widget.ReactWidgetWrapper' data-mendix-props='"widgetTree":{"widget":"com.mendix.widget.core.Text","widgetId":"48_363_376","props":{"name":"text4","class":"mx-name-text4","style":{},"caption":{"$type":"textTemplate","text":"{1}","friendlyId":"MyFirstModule.Snippet_new_patternpractice.text4","parameters":{"1":"MyFirstModule.Patterns_Practices/Complexity_In_Percentage"}},"renderMode":"span"},"children":[]}'></div></td><td><div class='mx-name-container1'><div data-mendix-id='48_363_380' data-mendix-type='mxui.widget.ActionButton' data-mendix-props='"friendlyId":"MyFirstModule.Snippet_new_patternpractice.actionButton1","caption":{"$type":"textTemplate","text":"","friendlyId":"MyFirstModule.Snippet_new_patternpractice.actionButton1"},"iconUrl":"img/MyFirstModule$edit_on.png?636468842603385563","title":"Edit Service","renderType":"link","action":{"type":"openPage","hasParameter":true,"params":{"path":"MyFirstModule/Patterns_Practices_NewEdit.page.xml","title":"Edit Patterns &amp; Practices","location":"modal","resizable":true,"allowedRoles":["Administrator","User"]}}' data-mendix-roles='Administrator,User' class='mx-name-actionButton1 imgCls-small' style='margin-left:20px;' tabindex='0'></div><div data-mendix-id='48_363_381' data-mendix-type='mxui.widget.ActionButton' data-mendix-props='"friendlyId":"MyFirstModule.Snippet_new_patternpractice.actionButton2","caption":{"$type":"textTemplate","text":"","friendlyId":"MyFirstModule.Snippet_new_patternpractice.actionButton2"},"iconUrl":"img/MyFirstModule$delete_on.png?636468842603385563","title":"Deletet Service","renderType":"link","action":{"type":"callMicroflow","hasParameter":true,"params":{"name":"MyFirstModule.Microflow_delete_pattern","validate":"view","confirmation":{"question":"Are you sure you want to delete this?","proceed":"Delete","cancel":"Cancel"},"applyTo":"selection","allowedRoles":["Administrator","User"]}}' data-mendix-roles='Administrator,User' class='mx-name-actionButton2 imgCls-small' style='margin-left:20px;' tabindex='0'></div></div></td></tr></tbody></table></m:template><m:template widget-id='48_390' name='content'><table class='mx-table mx-name-table2' style='text-align: center;'><colgroup><col style='width:15%'></col><col style='width:16%'></col><col style='width:19%'></col><col style='width:15%'></col><col style='width:11%'></col><col style='width:11%'></col><col style='width:13%'></col></colgroup><tbody><tr><td><div data-mendix-id='48_391_394' data-mendix-type='mxui.widget.ReactWidgetWrapper' data-mendix-props='"widgetTree":{"widget":"com.mendix.widget.core.Text","widgetId":"48_391_394","props":{"name":"text1","class":"mx-name-text1","style":{},"caption":{"$type":"textTemplate","text":"{1}","friendlyId":"MyFirstModule.Snippet_new_commoneffort.text1","parameters":{"1":"MyFirstModule.Common_Effort/Service_Registry"}},"renderMode":"span"},"children":[]}'></div></td><td><div data-mendix-id='48_391_396' data-mendix-type='mxui.widget.ReactWidgetWrapper' data-mendix-props='"widgetTree":{"widget":"com.mendix.widget.core.Text","widgetId":"48_391_396","props":{"name":"text5","class":"mx-name-text5","style":{},"caption":{"$type":"textTemplate","text":"{1}","friendlyId":"MyFirstModule.Snippet_new_commoneffort.text5","parameters":{"1":"MyFirstModule.Common_Effort/Channel_Driven_Service_call"}},"renderMode":"span"},"children":[]}'></div></td><td><div data-mendix-id='48_391_398' data-mendix-type='mxui.widget.ReactWidgetWrapper' data-mendix-props='"widgetTree":{"widget":"com.mendix.widget.core.Text","widgetId":"48_391_398","props":{"name":"text2","class":"mx-name-text2","style":{},"caption":{"$type":"textTemplate","text":"{1}","friendlyId":"MyFirstModule.Snippet_new_commoneffort.text2","parameters":{"1":"MyFirstModule.Common_Effort/Centralized_Configuration"}},"renderMode":"span"},"children":[]}'></div></td><td><div data-mendix-id='48_391_400' data-mendix-type='mxui.widget.ReactWidgetWrapper' data-mendix-props='"widgetTree":{"widget":"com.mendix.widget.core.Text","widgetId":"48_391_400","props":{"name":"text3","class":"mx-name-text3","style":{},"caption":{"$type":"textTemplate","text":"{1}","friendlyId":"MyFirstModule.Snippet_new_commoneffort.text3","parameters":{"1":"MyFirstModule.Common_Effort/Service_monitoring"}},"renderMode":"span"},"children":[]}'></div></td><td><div data-mendix-id='48_391_402' data-mendix-type='mxui.widget.ReactWidgetWrapper' data-mendix-props='"widgetTree":{"widget":"com.mendix.widget.core.Text","widgetId":"48_391_402","props":{"name":"text7","class":"mx-name-text7","style":{},"caption":{"$type":"textTemplate","text":"{1}","friendlyId":"MyFirstModule.Snippet_new_commoneffort.text7","parameters":{"1":"MyFirstModule.Common_Effort/Complexity"}},"renderMode":"span"},"children":[]}'></div></td><td><div data-mendix-id='48_391_404' data-mendix-type='mxui.widget.ReactWidgetWrapper' data-mendix-props='"widgetTree":{"widget":"com.mendix.widget.core.Text","widgetId":"48_391_404","props":{"name":"text4","class":"mx-name-text4","style":{},"caption":{"$type":"textTemplate","text":"{1}","friendlyId":"MyFirstModule.Snippet_new_commoneffort.text4","parameters":{"1":"MyFirstModule.Common_Effort/Complexity_In_Percentage"}},"renderMode":"span"},"children":[]}'></div></td><td><div class='mx-name-container1'><div data-mendix-id='48_391_408' data-mendix-type='mxui.widget.ActionButton' data-mendix-props='"friendlyId":"MyFirstModule.Snippet_new_commoneffort.actionButton1","caption":{"$type":"textTemplate","text":"","friendlyId":"MyFirstModule.Snippet_new_commoneffort.actionButton1"},"iconUrl":"img/MyFirstModule$edit_on.png?636468842603385563","title":"Edit Service","renderType":"link","action":{"type":"openPage","hasParameter":true,"params":{"path":"MyFirstModule/Common_Effort_New_Edit.page.xml","title":"Add Common Effort","location":"modal","resizable":true,"allowedRoles":["Administrator","User"]}}' data-mendix-roles='Administrator,User' class='mx-name-actionButton1 imgCls-small' style='margin-left:20px;' tabindex='0'></div><div data-mendix-id='48_391_409' data-mendix-type='mxui.widget.ActionButton' data-mendix-props='"friendlyId":"MyFirstModule.Snippet_new_commoneffort.actionButton2","caption":{"$type":"textTemplate","text":"","friendlyId":"MyFirstModule.Snippet_new_commoneffort.actionButton2"},"iconUrl":"img/MyFirstModule$delete_on.png?636468842603385563","title":"Delete Service","renderType":"link","action":{"type":"callMicroflow","hasParameter":true,"params":{"name":"MyFirstModule.Microflow_delete_commoneffort","validate":"view","confirmation":{"question":"Are you sure you want to delete this?","proceed":"Delete","cancel":"Cancel"},"applyTo":"selection","allowedRoles":["Administrator","User"]}}' data-mendix-roles='Administrator,User' class='mx-name-actionButton2 imgCls-small' style='margin-left:20px;' tabindex='0'></div></div></td></tr></tbody></table></m:template><m:template widget-id='48_418' name='content'><table class='mx-table mx-name-table2' style='text-align: center;'><colgroup><col style='width:4%'></col><col style='width:11%'></col><col style='width:13%'></col><col style='width:17%'></col><col style='width:10%'></col><col style='width:12%'></col><col style='width:10%'></col><col style='width:9%'></col><col style='width:14%'></col></colgroup><tbody><tr><td><div data-mendix-id='48_419_422' data-mendix-type='mxui.widget.ReactWidgetWrapper' data-mendix-props='"widgetTree":{"widget":"com.mendix.widget.core.Text","widgetId":"48_419_422","props":{"name":"text1","class":"mx-name-text1","style":{},"caption":{"$type":"textTemplate","text":"{1}","friendlyId":"MyFirstModule.Snippet_new_teckstack.text1","parameters":{"1":"MyFirstModule.Tech_Stack/UC"}},"renderMode":"span"},"children":[]}'></div></td><td><div data-mendix-id='48_419_424' data-mendix-type='mxui.widget.ReactWidgetWrapper' data-mendix-props='"widgetTree":{"widget":"com.mendix.widget.core.Text","widgetId":"48_419_424","props":{"name":"text5","class":"mx-name-text5","style":{},"caption":{"$type":"textTemplate","text":"{1}","friendlyId":"MyFirstModule.Snippet_new_teckstack.text5","parameters":{"1":"MyFirstModule.Tech_Stack/UseCase"}},"renderMode":"span"},"children":[]}'></div></td><td><div data-mendix-id='48_419_426' data-mendix-type='mxui.widget.ReactWidgetWrapper' data-mendix-props='"widgetTree":{"widget":"com.mendix.widget.core.Text","widgetId":"48_419_426","props":{"name":"text2","class":"mx-name-text2","style":{},"caption":{"$type":"textTemplate","text":"{1}","friendlyId":"MyFirstModule.Snippet_new_teckstack.text2","parameters":{"1":"MyFirstModule.Tech_Stack/Service_name"}},"renderMode":"span"},"children":[]}'></div></td><td><div data-mendix-id='48_419_428' data-mendix-type='mxui.widget.ReactWidgetWrapper' data-mendix-props='"widgetTree":{"widget":"com.mendix.widget.core.Text","widgetId":"48_419_428","props":{"name":"text6","class":"mx-name-text6","style":{},"caption":{"$type":"textTemplate","text":"{1}","friendlyId":"MyFirstModule.Snippet_new_teckstack.text6","parameters":{"1":"MyFirstModule.Tech_Stack/Language"}},"renderMode":"span"},"children":[]}'></div></td><td><div data-mendix-id='48_419_430' data-mendix-type='mxui.widget.ReactWidgetWrapper' data-mendix-props='"widgetTree":{"widget":"com.mendix.widget.core.Text","widgetId":"48_419_430","props":{"name":"text3","class":"mx-name-text3","style":{},"caption":{"$type":"textTemplate","text":"{1}","friendlyId":"MyFirstModule.Snippet_new_teckstack.text3","parameters":{"1":"MyFirstModule.Tech_Stack/CI"}},"renderMode":"span"},"children":[]}'></div></td><td><div data-mendix-id='48_419_432' data-mendix-type='mxui.widget.ReactWidgetWrapper' data-mendix-props='"widgetTree":{"widget":"com.mendix.widget.core.Text","widgetId":"48_419_432","props":{"name":"text9","class":"mx-name-text9","style":{},"caption":{"$type":"textTemplate","text":"{1}","friendlyId":"MyFirstModule.Snippet_new_teckstack.text9","parameters":{"1":"MyFirstModule.Tech_Stack/CD"}},"renderMode":"span"},"children":[]}'></div></td><td><div data-mendix-id='48_419_434' data-mendix-type='mxui.widget.ReactWidgetWrapper' data-mendix-props='"widgetTree":{"widget":"com.mendix.widget.core.Text","widgetId":"48_419_434","props":{"name":"text7","class":"mx-name-text7","style":{},"caption":{"$type":"textTemplate","text":"{1}","friendlyId":"MyFirstModule.Snippet_new_teckstack.text7","parameters":{"1":"MyFirstModule.Tech_Stack/Complexity"}},"renderMode":"span"},"children":[]}'></div></td><td><div data-mendix-id='48_419_436' data-mendix-type='mxui.widget.ReactWidgetWrapper' data-mendix-props='"widgetTree":{"widget":"com.mendix.widget.core.Text","widgetId":"48_419_436","props":{"name":"text4","class":"mx-name-text4","style":{},"caption":{"$type":"textTemplate","text":"{1}","friendlyId":"MyFirstModule.Snippet_new_teckstack.text4","parameters":{"1":"MyFirstModule.Tech_Stack/Complexity_In_Percentage"}},"renderMode":"span"},"children":[]}'></div></td><td><div class='mx-name-container1'><div data-mendix-id='48_419_440' data-mendix-type='mxui.widget.ActionButton' data-mendix-props='"friendlyId":"MyFirstModule.Snippet_new_teckstack.actionButton1","caption":{"$type":"textTemplate","text":"","friendlyId":"MyFirstModule.Snippet_new_teckstack.actionButton1"},"iconUrl":"img/MyFirstModule$edit_on.png?636468842603385563","title":"Edit Service","renderType":"link","action":{"type":"openPage","hasParameter":true,"params":{"path":"MyFirstModule/Tech_Stack_NewEdit.page.xml","title":"Edit Tech Stack","location":"modal","resizable":true,"allowedRoles":["Administrator","User"]}}' data-mendix-roles='Administrator,User' class='mx-name-actionButton1 imgCls-small' style='margin-left:20px;' tabindex='0'></div><div data-mendix-id='48_419_441' data-mendix-type='mxui.widget.ActionButton' data-mendix-props='"friendlyId":"MyFirstModule.Snippet_new_teckstack.actionButton2","caption":{"$type":"textTemplate","text":"","friendlyId":"MyFirstModule.Snippet_new_teckstack.actionButton2"},"iconUrl":"img/MyFirstModule$delete_on.png?636468842603385563","title":"Delete Service","renderType":"link","action":{"type":"callMicroflow","hasParameter":true,"params":{"name":"MyFirstModule.Microflow_delete_teckstack","validate":"view","confirmation":{"question":"Are you sure you want to delete this?","proceed":"Delete","cancel":"Cancel"},"applyTo":"selection","allowedRoles":["Administrator","User"]}}' data-mendix-roles='Administrator,User' class='mx-name-actionButton2 imgCls-small' style='margin-left:20px;' tabindex='0'></div></div></td></tr></tbody></table></m:template><m:template widget-id='48_452' name='content'><table class='mx-table mx-name-table2' style='text-align: center;'><colgroup><col style='width:8%'></col><col style='width:10%'></col><col style='width:10%'></col><col style='width:13%'></col><col style='width:13%'></col><col style='width:14%'></col><col style='width:10%'></col><col style='width:8%'></col><col style='width:14%'></col></colgroup><tbody><tr><td><div data-mendix-id='48_453_456' data-mendix-type='mxui.widget.ReactWidgetWrapper' data-mendix-props='"widgetTree":{"widget":"com.mendix.widget.core.Text","widgetId":"48_453_456","props":{"name":"text1","class":"mx-name-text1","style":{},"caption":{"$type":"textTemplate","text":"{1}","friendlyId":"MyFirstModule.Snippet_new_development.text1","parameters":{"1":"MyFirstModule.Development_Process/UseCase"}},"renderMode":"span"},"children":[]}'></div></td><td><div data-mendix-id='48_453_458' data-mendix-type='mxui.widget.ReactWidgetWrapper' data-mendix-props='"widgetTree":{"widget":"com.mendix.widget.core.Text","widgetId":"48_453_458","props":{"name":"text5","class":"mx-name-text5","style":{},"caption":{"$type":"textTemplate","text":"{1}","friendlyId":"MyFirstModule.Snippet_new_development.text5","parameters":{"1":"MyFirstModule.Development_Process/Service_name"}},"renderMode":"span"},"children":[]}'></div></td><td><div data-mendix-id='48_453_460' data-mendix-type='mxui.widget.ReactWidgetWrapper' data-mendix-props='"widgetTree":{"widget":"com.mendix.widget.core.Text","widgetId":"48_453_460","props":{"name":"text2","class":"mx-name-text2","style":{},"caption":{"$type":"textTemplate","text":"{1}","friendlyId":"MyFirstModule.Snippet_new_development.text2","parameters":{"1":"MyFirstModule.Development_Process/Process"}},"renderMode":"span"},"children":[]}'></div></td><td><div data-mendix-id='48_453_462' data-mendix-type='mxui.widget.ReactWidgetWrapper' data-mendix-props='"widgetTree":{"widget":"com.mendix.widget.core.Text","widgetId":"48_453_462","props":{"name":"text6","class":"mx-name-text6","style":{},"caption":{"$type":"textTemplate","text":"{1}","friendlyId":"MyFirstModule.Snippet_new_development.text6","parameters":{"1":"MyFirstModule.Development_Process/PairProgramming"}},"renderMode":"span"},"children":[]}'></div></td><td><div data-mendix-id='48_453_464' data-mendix-type='mxui.widget.ReactWidgetWrapper' data-mendix-props='"widgetTree":{"widget":"com.mendix.widget.core.Text","widgetId":"48_453_464","props":{"name":"text8","class":"mx-name-text8","style":{},"caption":{"$type":"textTemplate","text":"{1}","friendlyId":"MyFirstModule.Snippet_new_development.text8","parameters":{"1":"MyFirstModule.Development_Process/Methodology"}},"renderMode":"span"},"children":[]}'></div></td><td><div data-mendix-id='48_453_466' data-mendix-type='mxui.widget.ReactWidgetWrapper' data-mendix-props='"widgetTree":{"widget":"com.mendix.widget.core.Text","widgetId":"48_453_466","props":{"name":"text3","class":"mx-name-text3","style":{},"caption":{"$type":"textTemplate","text":"{1}","friendlyId":"MyFirstModule.Snippet_new_development.text3","parameters":{"1":"MyFirstModule.Development_Process/Dev_Environment"}},"renderMode":"span"},"children":[]}'></div></td><td><div data-mendix-id='48_453_468' data-mendix-type='mxui.widget.ReactWidgetWrapper' data-mendix-props='"widgetTree":{"widget":"com.mendix.widget.core.Text","widgetId":"48_453_468","props":{"name":"text7","class":"mx-name-text7","style":{},"caption":{"$type":"textTemplate","text":"{1}","friendlyId":"MyFirstModule.Snippet_new_development.text7","parameters":{"1":"MyFirstModule.Development_Process/Complexity"}},"renderMode":"span"},"children":[]}'></div></td><td><div data-mendix-id='48_453_470' data-mendix-type='mxui.widget.ReactWidgetWrapper' data-mendix-props='"widgetTree":{"widget":"com.mendix.widget.core.Text","widgetId":"48_453_470","props":{"name":"text4","class":"mx-name-text4","style":{},"caption":{"$type":"textTemplate","text":"{1}","friendlyId":"MyFirstModule.Snippet_new_development.text4","parameters":{"1":"MyFirstModule.Development_Process/Complexity_In_Percentage"}},"renderMode":"span"},"children":[]}'></div></td><td><div class='mx-name-container1'><div data-mendix-id='48_453_474' data-mendix-type='mxui.widget.ActionButton' data-mendix-props='"friendlyId":"MyFirstModule.Snippet_new_development.actionButton1","caption":{"$type":"textTemplate","text":"","friendlyId":"MyFirstModule.Snippet_new_development.actionButton1"},"iconUrl":"img/MyFirstModule$edit_on.png?636468842603385563","title":"Edit Service","renderType":"link","action":{"type":"openPage","hasParameter":true,"params":{"path":"MyFirstModule/Development_Process_NewEdit.page.xml","title":"Edit Development Process","location":"modal","resizable":true,"allowedRoles":["Administrator","User"]}}' data-mendix-roles='Administrator,User' class='mx-name-actionButton1 imgCls-small' style='margin-left:20px;' tabindex='0'></div><div data-mendix-id='48_453_475' data-mendix-type='mxui.widget.ActionButton' data-mendix-props='"friendlyId":"MyFirstModule.Snippet_new_development.actionButton2","caption":{"$type":"textTemplate","text":"","friendlyId":"MyFirstModule.Snippet_new_development.actionButton2"},"iconUrl":"img/MyFirstModule$delete_on.png?636468842603385563","title":"Delete Service","renderType":"link","action":{"type":"callMicroflow","hasParameter":true,"params":{"name":"MyFirstModule.Microflow_development_delete","validate":"view","confirmation":{"question":"Are you sure you want to delete this?","proceed":"Delete","cancel":"Cancel"},"applyTo":"selection","allowedRoles":["Administrator","User"]}}' data-mendix-roles='Administrator,User' class='mx-name-actionButton2 imgCls-small' style='margin-left:20px;' tabindex='0'></div></div></td></tr></tbody></table></m:template><m:template widget-id='48_486' name='content'><table class='mx-table mx-name-table2' style='text-align: center;'><colgroup><col style='width:12%'></col><col style='width:18%'></col><col style='width:18%'></col><col style='width:18%'></col><col style='width:12%'></col><col style='width:9%'></col><col style='width:13%'></col></colgroup><tbody><tr><td><div data-mendix-id='48_487_490' data-mendix-type='mxui.widget.ReactWidgetWrapper' data-mendix-props='"widgetTree":{"widget":"com.mendix.widget.core.Text","widgetId":"48_487_490","props":{"name":"text1","class":"mx-name-text1","style":{},"caption":{"$type":"textTemplate","text":"{1}","friendlyId":"MyFirstModule.Snippet_new_policy.text1","parameters":{"1":"MyFirstModule.Policy/UseCase"}},"renderMode":"span"},"children":[]}'></div></td><td><div data-mendix-id='48_487_492' data-mendix-type='mxui.widget.ReactWidgetWrapper' data-mendix-props='"widgetTree":{"widget":"com.mendix.widget.core.Text","widgetId":"48_487_492","props":{"name":"text5","class":"mx-name-text5","style":{},"caption":{"$type":"textTemplate","text":"{1}","friendlyId":"MyFirstModule.Snippet_new_policy.text5","parameters":{"1":"MyFirstModule.Policy/Service_Name"}},"renderMode":"span"},"children":[]}'></div></td><td><div data-mendix-id='48_487_494' data-mendix-type='mxui.widget.ReactWidgetWrapper' data-mendix-props='"widgetTree":{"widget":"com.mendix.widget.core.Text","widgetId":"48_487_494","props":{"name":"text2","class":"mx-name-text2","style":{},"caption":{"$type":"textTemplate","text":"{1}","friendlyId":"MyFirstModule.Snippet_new_policy.text2","parameters":{"1":"MyFirstModule.Policy/Statistic_Collector"}},"renderMode":"span"},"children":[]}'></div></td><td><div data-mendix-id='48_487_496' data-mendix-type='mxui.widget.ReactWidgetWrapper' data-mendix-props='"widgetTree":{"widget":"com.mendix.widget.core.Text","widgetId":"48_487_496","props":{"name":"text6","class":"mx-name-text6","style":{},"caption":{"$type":"textTemplate","text":"{1}","friendlyId":"MyFirstModule.Snippet_new_policy.text6","parameters":{"1":"MyFirstModule.Policy/Concurrent_Rate_Limit"}},"renderMode":"span"},"children":[]}'></div></td><td><div data-mendix-id='48_487_498' data-mendix-type='mxui.widget.ReactWidgetWrapper' data-mendix-props='"widgetTree":{"widget":"com.mendix.widget.core.Text","widgetId":"48_487_498","props":{"name":"text3","class":"mx-name-text3","style":{},"caption":{"$type":"textTemplate","text":"{1}","friendlyId":"MyFirstModule.Snippet_new_policy.text3","parameters":{"1":"MyFirstModule.Policy/Complexity"}},"renderMode":"span"},"children":[]}'></div></td><td><div data-mendix-id='48_487_500' data-mendix-type='mxui.widget.ReactWidgetWrapper' data-mendix-props='"widgetTree":{"widget":"com.mendix.widget.core.Text","widgetId":"48_487_500","props":{"name":"text7","class":"mx-name-text7","style":{},"caption":{"$type":"textTemplate","text":"{1}","friendlyId":"MyFirstModule.Snippet_new_policy.text7","parameters":{"1":"MyFirstModule.Policy/Complexity_In_Percentage"}},"renderMode":"span"},"children":[]}'></div></td><td><div class='mx-name-container1'><div data-mendix-id='48_487_504' data-mendix-type='mxui.widget.ActionButton' data-mendix-props='"friendlyId":"MyFirstModule.Snippet_new_policy.actionButton1","caption":{"$type":"textTemplate","text":"","friendlyId":"MyFirstModule.Snippet_new_policy.actionButton1"},"iconUrl":"img/MyFirstModule$edit_on.png?636468842603385563","title":"Edit Service","renderType":"link","action":{"type":"openPage","hasParameter":true,"params":{"path":"MyFirstModule/Policy_NewEdit.page.xml","location":"modal","resizable":true,"allowedRoles":["Administrator","User"]}}' data-mendix-roles='Administrator,User' class='mx-name-actionButton1 imgCls-small' style='margin-left:20px;' tabindex='0'></div><div data-mendix-id='48_487_505' data-mendix-type='mxui.widget.ActionButton' data-mendix-props='"friendlyId":"MyFirstModule.Snippet_new_policy.actionButton2","caption":{"$type":"textTemplate","text":"","friendlyId":"MyFirstModule.Snippet_new_policy.actionButton2"},"iconUrl":"img/MyFirstModule$delete_on.png?636468842603385563","title":"Delete Service","renderType":"link","action":{"type":"callMicroflow","hasParameter":true,"params":{"name":"MyFirstModule.Microflow_delete_policy","validate":"view","confirmation":{"question":"Are you sure you want to delete this?","proceed":"Delete","cancel":"Cancel"},"applyTo":"selection","allowedRoles":["Administrator","User"]}}' data-mendix-roles='Administrator,User' class='mx-name-actionButton2 imgCls-small' style='margin-left:20px;' tabindex='0'></div></div></td></tr></tbody></table></m:template><m:template widget-id='48_514' name='content'><table class='mx-table mx-name-table2' style='text-align: center;'><colgroup><col style='width:12%'></col><col style='width:18%'></col><col style='width:18%'></col><col style='width:18%'></col><col style='width:10%'></col><col style='width:10%'></col><col style='width:14%'></col></colgroup><tbody><tr><td><div data-mendix-id='48_515_518' data-mendix-type='mxui.widget.ReactWidgetWrapper' data-mendix-props='"widgetTree":{"widget":"com.mendix.widget.core.Text","widgetId":"48_515_518","props":{"name":"text1","class":"mx-name-text1","style":{},"caption":{"$type":"textTemplate","text":"{1}","friendlyId":"MyFirstModule.Snippet_new_infrastructure.text1","parameters":{"1":"MyFirstModule.Infrastructure/Multi_data_center_Deployment"}},"renderMode":"span"},"children":[]}'></div></td><td><div data-mendix-id='48_515_520' data-mendix-type='mxui.widget.ReactWidgetWrapper' data-mendix-props='"widgetTree":{"widget":"com.mendix.widget.core.Text","widgetId":"48_515_520","props":{"name":"text5","class":"mx-name-text5","style":{},"caption":{"$type":"textTemplate","text":"{1}","friendlyId":"MyFirstModule.Snippet_new_infrastructure.text5","parameters":{"1":"MyFirstModule.Infrastructure/Geo_Load_Balancer_Required"}},"renderMode":"span"},"children":[]}'></div></td><td><div data-mendix-id='48_515_522' data-mendix-type='mxui.widget.ReactWidgetWrapper' data-mendix-props='"widgetTree":{"widget":"com.mendix.widget.core.Text","widgetId":"48_515_522","props":{"name":"text2","class":"mx-name-text2","style":{},"caption":{"$type":"textTemplate","text":"{1}","friendlyId":"MyFirstModule.Snippet_new_infrastructure.text2","parameters":{"1":"MyFirstModule.Infrastructure/Auto_Scaling"}},"renderMode":"span"},"children":[]}'></div></td><td><div data-mendix-id='48_515_524' data-mendix-type='mxui.widget.ReactWidgetWrapper' data-mendix-props='"widgetTree":{"widget":"com.mendix.widget.core.Text","widgetId":"48_515_524","props":{"name":"text6","class":"mx-name-text6","style":{},"caption":{"$type":"textTemplate","text":"{1}","friendlyId":"MyFirstModule.Snippet_new_infrastructure.text6","parameters":{"1":"MyFirstModule.Infrastructure/Performance"}},"renderMode":"span"},"children":[]}'></div></td><td><div data-mendix-id='48_515_526' data-mendix-type='mxui.widget.ReactWidgetWrapper' data-mendix-props='"widgetTree":{"widget":"com.mendix.widget.core.Text","widgetId":"48_515_526","props":{"name":"text3","class":"mx-name-text3","style":{},"caption":{"$type":"textTemplate","text":"{1}","friendlyId":"MyFirstModule.Snippet_new_infrastructure.text3","parameters":{"1":"MyFirstModule.Infrastructure/Complexity"}},"renderMode":"span"},"children":[]}'></div></td><td><div data-mendix-id='48_515_528' data-mendix-type='mxui.widget.ReactWidgetWrapper' data-mendix-props='"widgetTree":{"widget":"com.mendix.widget.core.Text","widgetId":"48_515_528","props":{"name":"text7","class":"mx-name-text7","style":{},"caption":{"$type":"textTemplate","text":"{1}","friendlyId":"MyFirstModule.Snippet_new_infrastructure.text7","parameters":{"1":"MyFirstModule.Infrastructure/Complexity_In_percentage"}},"renderMode":"span"},"children":[]}'></div></td><td><div class='mx-name-container1'><div data-mendix-id='48_515_532' data-mendix-type='mxui.widget.ActionButton' data-mendix-props='"friendlyId":"MyFirstModule.Snippet_new_infrastructure.actionButton1","caption":{"$type":"textTemplate","text":"","friendlyId":"MyFirstModule.Snippet_new_infrastructure.actionButton1"},"iconUrl":"img/MyFirstModule$edit_on.png?636468842603385563","title":"Edit Service","renderType":"link","action":{"type":"openPage","hasParameter":true,"params":{"path":"MyFirstModule/Infrastructure_NewEdit.page.xml","title":"Edit Infrastructure","location":"modal","resizable":true,"allowedRoles":["Administrator","User"]}}' data-mendix-roles='Administrator,User' class='mx-name-actionButton1 imgCls-small' style='margin-left:20px;' tabindex='0'></div><div data-mendix-id='48_515_533' data-mendix-type='mxui.widget.ActionButton' data-mendix-props='"friendlyId":"MyFirstModule.Snippet_new_infrastructure.actionButton2","caption":{"$type":"textTemplate","text":"","friendlyId":"MyFirstModule.Snippet_new_infrastructure.actionButton2"},"iconUrl":"img/MyFirstModule$delete_on.png?636468842603385563","title":"Delete Service","renderType":"link","action":{"type":"callMicroflow","hasParameter":true,"params":{"name":"MyFirstModule.Microflow_inftra_delete","validate":"view","confirmation":{"question":"Are you sure you want to delete this?","proceed":"Delete","cancel":"Cancel"},"applyTo":"selection","allowedRoles":["Administrator","User"]}}' data-mendix-roles='Administrator,User' class='mx-name-actionButton2 imgCls-small' style='margin-left:20px;' tabindex='0'></div></div></td></tr></tbody></table></m:template><m:template widget-id='48_542' name='content'><table class='mx-table mx-name-table2' style='text-align: center;'><colgroup><col style='width:20%'></col><col style='width:30%'></col><col style='width:21%'></col><col style='width:29%'></col></colgroup><tbody><tr><td><div data-mendix-id='48_543_546' data-mendix-type='mxui.widget.ReactWidgetWrapper' data-mendix-props='"widgetTree":{"widget":"com.mendix.widget.core.Text","widgetId":"48_543_546","props":{"name":"text1","class":"mx-name-text1","style":{},"caption":{"$type":"textTemplate","text":"{1}","friendlyId":"MyFirstModule.Snippet_new_estimation_orch.text1","parameters":{"1":"MyFirstModule.Orchestration_Service/UC"}},"renderMode":"span"},"children":[]}'></div></td><td><div data-mendix-id='48_543_548' data-mendix-type='mxui.widget.ReactWidgetWrapper' data-mendix-props='"widgetTree":{"widget":"com.mendix.widget.core.Text","widgetId":"48_543_548","props":{"name":"text5","class":"mx-name-text5","style":{},"caption":{"$type":"textTemplate","text":"{1}","friendlyId":"MyFirstModule.Snippet_new_estimation_orch.text5","parameters":{"1":"MyFirstModule.Orchestration_Service/UseCase"}},"renderMode":"span"},"children":[]}'></div></td><td><div data-mendix-id='48_543_550' data-mendix-type='mxui.widget.ReactWidgetWrapper' data-mendix-props='"widgetTree":{"widget":"com.mendix.widget.core.Text","widgetId":"48_543_550","props":{"name":"text6","class":"mx-name-text6","style":{},"caption":{"$type":"textTemplate","text":"{1}","friendlyId":"MyFirstModule.Snippet_new_estimation_orch.text6","parameters":{"1":"MyFirstModule.Orchestration_Service/Complexity"}},"renderMode":"span"},"children":[]}'></div></td><td><div data-mendix-id='48_543_552' data-mendix-type='mxui.widget.ReactWidgetWrapper' data-mendix-props='"widgetTree":{"widget":"com.mendix.widget.core.Text","widgetId":"48_543_552","props":{"name":"text3","class":"mx-name-text3","style":{},"caption":{"$type":"textTemplate","text":"{1}","friendlyId":"MyFirstModule.Snippet_new_estimation_orch.text3","parameters":{"1":"MyFirstModule.Orchestration_Service/Complexity_In_Percentage"}},"renderMode":"span"},"children":[]}'></div></td></tr></tbody></table></m:template><m:template widget-id='48_558' name='content'><table class='mx-table mx-name-table2' style='text-align: center;'><colgroup><col style='width:20%'></col><col style='width:26%'></col><col style='width:27%'></col><col style='width:27%'></col></colgroup><tbody><tr><td><div data-mendix-id='48_559_562' data-mendix-type='mxui.widget.ReactWidgetWrapper' data-mendix-props='"widgetTree":{"widget":"com.mendix.widget.core.Text","widgetId":"48_559_562","props":{"name":"text1","class":"mx-name-text1","style":{},"caption":{"$type":"textTemplate","text":"{1}","friendlyId":"MyFirstModule.Snippet_new_estimation_database.text1","parameters":{"1":"MyFirstModule.Data_Based_Service/UC"}},"renderMode":"span"},"children":[]}'></div></td><td><div data-mendix-id='48_559_564' data-mendix-type='mxui.widget.ReactWidgetWrapper' data-mendix-props='"widgetTree":{"widget":"com.mendix.widget.core.Text","widgetId":"48_559_564","props":{"name":"text5","class":"mx-name-text5","style":{},"caption":{"$type":"textTemplate","text":"{1}","friendlyId":"MyFirstModule.Snippet_new_estimation_database.text5","parameters":{"1":"MyFirstModule.Data_Based_Service/UseCase"}},"renderMode":"span"},"children":[]}'></div></td><td><div data-mendix-id='48_559_566' data-mendix-type='mxui.widget.ReactWidgetWrapper' data-mendix-props='"widgetTree":{"widget":"com.mendix.widget.core.Text","widgetId":"48_559_566","props":{"name":"text6","class":"mx-name-text6","style":{},"caption":{"$type":"textTemplate","text":"{1}","friendlyId":"MyFirstModule.Snippet_new_estimation_database.text6","parameters":{"1":"MyFirstModule.Data_Based_Service/Complexity"}},"renderMode":"span"},"children":[]}'></div></td><td><div data-mendix-id='48_559_568' data-mendix-type='mxui.widget.ReactWidgetWrapper' data-mendix-props='"widgetTree":{"widget":"com.mendix.widget.core.Text","widgetId":"48_559_568","props":{"name":"text3","class":"mx-name-text3","style":{},"caption":{"$type":"textTemplate","text":"{1}","friendlyId":"MyFirstModule.Snippet_new_estimation_database.text3","parameters":{"1":"MyFirstModule.Data_Based_Service/Complexity_In_Percentage"}},"renderMode":"span"},"children":[]}'></div></td></tr></tbody></table></m:template></m:templates></m:page>