﻿<?xml version='1.0' encoding='utf-8'?><m:page id='603cfecf-caae-4f95-a2d4-8bbafbcd42a2' xmlns='http://www.w3.org/1999/xhtml' title='Page Title' class='layout-sidebar-responsive' xmlns:m='http://schemas.mendix.com/forms/1.0'><m:layouts><m:layout path='NavigationLayouts/Sidebar_Full_Responsive.layout.xml'></m:layout></m:layouts><m:arguments><m:argument parameterName='90307765-bc1b-483c-818f-821454fe380b'><div data-mendix-id='47_0' class='mx-layoutgrid mx-layoutgrid-fluid mx-name-layoutGrid1'><div class='row'><div class='col-md-12'><div data-mendix-id='47_1' data-mendix-type='mxui.widget.ActionButton' data-mendix-props='"friendlyId":"MyFirstModule.Service_Attribute_2.actionButton1","caption":{"$type":"textTemplate","text":"","friendlyId":"MyFirstModule.Service_Attribute_2.actionButton1"},"iconUrl":"img/MyFirstModule$add.png?636468842603385563","renderType":"link","action":{"type":"callMicroflow","hasParameter":false,"params":{"name":"MyFirstModule.Microflow_create_service_attribute","validate":"view","allowedRoles":["Administrator","User"]}}' data-mendix-roles='Administrator,User' class='mx-name-actionButton1 imgCls' style='float:right;' tabindex='0'></div><table class='mx-table mx-name-table1 tableHeaderCls'><colgroup><col style='width:20%'></col><col style='width:20%'></col><col style='width:20%'></col><col style='width:20%'></col><col style='width:20%'></col></colgroup><tbody><tr><th><div data-mendix-id='47_2' data-mendix-type='mxui.widget.ReactWidgetWrapper' data-mendix-props='"widgetTree":{"widget":"com.mendix.widget.core.Text","widgetId":"47_2","props":{"name":"text1","class":"mx-name-text1","style":{},"caption":{"$type":"textTemplate","text":"Service ID","friendlyId":"MyFirstModule.Service_Attribute_2.text1"},"renderMode":"span"},"children":[]}'></div></th><th><div data-mendix-id='47_3' data-mendix-type='mxui.widget.ReactWidgetWrapper' data-mendix-props='"widgetTree":{"widget":"com.mendix.widget.core.Text","widgetId":"47_3","props":{"name":"text2","class":"mx-name-text2","style":{},"caption":{"$type":"textTemplate","text":"Service  Name","friendlyId":"MyFirstModule.Service_Attribute_2.text2"},"renderMode":"span"},"children":[]}'></div></th><th><div data-mendix-id='47_4' data-mendix-type='mxui.widget.ReactWidgetWrapper' data-mendix-props='"widgetTree":{"widget":"com.mendix.widget.core.Text","widgetId":"47_4","props":{"name":"text3","class":"mx-name-text3","style":{},"caption":{"$type":"textTemplate","text":"Service Attribute Name","friendlyId":"MyFirstModule.Service_Attribute_2.text3"},"renderMode":"span"},"children":[]}'></div></th><th><div data-mendix-id='47_5' data-mendix-type='mxui.widget.ReactWidgetWrapper' data-mendix-props='"widgetTree":{"widget":"com.mendix.widget.core.Text","widgetId":"47_5","props":{"name":"text4","class":"mx-name-text4","style":{},"caption":{"$type":"textTemplate","text":"Service Point","friendlyId":"MyFirstModule.Service_Attribute_2.text4"},"renderMode":"span"},"children":[]}'></div></th><th></th></tr></tbody></table><div data-mendix-id='47_6' data-mendix-type='mxui.widget.TemplateGrid' data-mendix-props='"friendlyId":"MyFirstModule.Service_Attribute_2.templateGrid1","entity":"MyFirstModule.Service_Attribute_Local","schema":"bfcae56a-119a-4f07-95f5-758c7975e900","config":{"locale":"fr_BE","gridType":"Standalone","gridpresentation":{"rows":70,"columns":1,"controlbar":false,"pagingbar":false,"searchbar":true,"waitforsearch":false,"selectionmode":"none","editable":false,"sortable":true,"refresh":0,"selectfirst":false},"datasource":{"friendlyId":"MyFirstModule.Service_Attribute_2.templateGrid1","type":"database","path":"MyFirstModule.Service_Attribute_Local","xpathConstraints":"","offlineConstraints":[]},"searchOptions":{"searchBar":true,"toggleable":true,"toggledByDefault":true},"searchElements":[],"controlBar":{"gridTools":[],"gridActions":[]},"plugins":{}}' class='mx-templategrid mx-name-templateGrid1' tabindex='0'></div></div></div></div></m:argument></m:arguments><m:templates><m:template widget-id='47_6' name='content'><div data-mendix-id='47_7' data-mendix-type='mxui.widget.DataView' data-mendix-props='"friendlyId":"MyFirstModule.Service_Attribute_2.templateGrid1","entity":"MyFirstModule.Service_Attribute_Local","schema":"5ac57d05-4dca-40ac-8f7f-f8ae99ae3e39","readOnly":true,"datasource":{"friendlyId":"MyFirstModule.Service_Attribute_2.templateGrid1","type":"direct","path":"MyFirstModule.Service_Attribute_Local"}' tabindex='0'></div></m:template><m:template widget-id='47_7' name='content'><table class='mx-table mx-name-table2' style='border: none !important'><colgroup><col style='width:25%'></col><col style='width:25%'></col><col style='width:25%'></col><col style='width:25%'></col></colgroup><tbody><tr><td><div data-mendix-id='47_8_11' data-mendix-type='mxui.widget.ReactWidgetWrapper' data-mendix-props='"widgetTree":{"widget":"com.mendix.widget.core.Text","widgetId":"47_8_11","props":{"name":"text2","class":"mx-name-text2","style":{},"caption":{"$type":"textTemplate","text":"{1}","friendlyId":"MyFirstModule.Snippet_new.text2","parameters":{"1":"MyFirstModule.Service_Attribute_Local/Service_Name"}},"renderMode":"span"},"children":[]}'></div></td><td><div data-mendix-id='47_8_13' data-mendix-type='mxui.widget.ReactWidgetWrapper' data-mendix-props='"widgetTree":{"widget":"com.mendix.widget.core.Text","widgetId":"47_8_13","props":{"name":"text3","class":"mx-name-text3","style":{},"caption":{"$type":"textTemplate","text":"{1}","friendlyId":"MyFirstModule.Snippet_new.text3","parameters":{"1":"MyFirstModule.Service_Attribute_Local/Service_Attribute_Name"}},"renderMode":"span"},"children":[]}'></div></td><td><div data-mendix-id='47_8_15' data-mendix-type='mxui.widget.ReactWidgetWrapper' data-mendix-props='"widgetTree":{"widget":"com.mendix.widget.core.Text","widgetId":"47_8_15","props":{"name":"text4","class":"mx-name-text4","style":{},"caption":{"$type":"textTemplate","text":"{1}","friendlyId":"MyFirstModule.Snippet_new.text4","parameters":{"1":"MyFirstModule.Service_Attribute_Local/Service_Point"}},"renderMode":"span"},"children":[]}'></div></td><td><div class='mx-name-container1'><div data-mendix-id='47_8_19' data-mendix-type='mxui.widget.ActionButton' data-mendix-props='"friendlyId":"MyFirstModule.Snippet_new.actionButton1","caption":{"$type":"textTemplate","text":"","friendlyId":"MyFirstModule.Snippet_new.actionButton1"},"iconUrl":"img/MyFirstModule$edit_on.png?636468842603385563","title":"Edit Service Attribute","renderType":"link","action":{"type":"openPage","hasParameter":true,"params":{"path":"MyFirstModule/Service_Attribute_Local_NewEdit.page.xml","title":"Edit Service Attribute","location":"modal","resizable":true,"allowedRoles":["Administrator","User"]}}' data-mendix-roles='Administrator,User' class='mx-name-actionButton1 imgCls-small' style='margin-left:20px;' tabindex='0'></div><div data-mendix-id='47_8_20' data-mendix-type='mxui.widget.ActionButton' data-mendix-props='"friendlyId":"MyFirstModule.Snippet_new.actionButton2","caption":{"$type":"textTemplate","text":"","friendlyId":"MyFirstModule.Snippet_new.actionButton2"},"iconUrl":"img/MyFirstModule$delete_on.png?636468842603385563","title":"Delete Service Attribute","renderType":"link","action":{"type":"callMicroflow","hasParameter":true,"params":{"name":"MyFirstModule.Microflow_delete","validate":"view","confirmation":{"question":"Are you sure you want to delete this?","proceed":"Delete","cancel":"Cancel"},"applyTo":"selection","allowedRoles":["Administrator","User"]}}' data-mendix-roles='Administrator,User' class='mx-name-actionButton2 imgCls-small' style='margin-left:20px;' tabindex='0'></div></div></td></tr></tbody></table></m:template></m:templates></m:page>