﻿<?xml version='1.0' encoding='utf-8'?><m:page id='1c185e74-fc6a-4543-9cc9-af2574d7c1e3' xmlns='http://www.w3.org/1999/xhtml' title='Page Title' class='layout-sidebar-responsive' xmlns:m='http://schemas.mendix.com/forms/1.0'><m:layouts><m:layout path='NavigationLayouts/Sidebar_Full_Responsive.layout.xml'></m:layout></m:layouts><m:arguments><m:argument parameterName='90307765-bc1b-483c-818f-821454fe380b'><div data-mendix-id='40_0' class='mx-layoutgrid mx-layoutgrid-fluid mx-name-layoutGrid1'><div class='row'><div class='col-md-12'><div data-mendix-id='40_1' data-mendix-type='mxui.widget.DataView' data-mendix-props='"friendlyId":"MyFirstModule.Template_Specific_Data_overview.dataView1","entity":"MyFirstModule.Template","schema":"e05b7905-0b8c-49e7-9fed-547eea6f4a6e","datasource":{"friendlyId":"MyFirstModule.Template_Specific_Data_overview.dataView1","type":"direct","path":"MyFirstModule.Template"}' class='mx-name-dataView1 form-horizontal' tabindex='0'></div></div></div></div></m:argument></m:arguments><m:templates><m:template widget-id='40_1' name='content'><div data-mendix-id='40_2' data-mendix-type='mxui.widget.TabContainer' data-mendix-props='"friendlyId":"MyFirstModule.Template_Specific_Data_overview.tabControl1"' class='mx-name-tabControl1 tab-lined' style='align:justify;' tabindex='0'></div></m:template><m:template widget-id='40_2' name='pages'><div data-mendix-id='40_3' data-mendix-type='mxui.widget.TabContent' data-mendix-props='"title":"Orchestration Service","selected":true,"delayLoading":false,"tabName":"tabPage4"'></div><div data-mendix-id='40_17' data-mendix-type='mxui.widget.TabContent' data-mendix-props='"title":"Data Based Service","delayLoading":true,"tabName":"tabPage1"'></div><div data-mendix-id='40_33' data-mendix-type='mxui.widget.TabContent' data-mendix-props='"title":"Patterns &amp; Practices","delayLoading":true,"tabName":"tabPage2"'></div><div data-mendix-id='40_47' data-mendix-type='mxui.widget.TabContent' data-mendix-props='"title":"Common Effort","delayLoading":true,"tabName":"Common_Effort"'></div><div data-mendix-id='40_61' data-mendix-type='mxui.widget.TabContent' data-mendix-props='"title":"Tech Stack","delayLoading":true,"tabName":"tabPage5"'></div><div data-mendix-id='40_75' data-mendix-type='mxui.widget.TabContent' data-mendix-props='"title":"Development Process","delayLoading":true,"tabName":"tabPage7"'></div><div data-mendix-id='40_89' data-mendix-type='mxui.widget.TabContent' data-mendix-props='"title":"Policy","delayLoading":true,"tabName":"tabPage6"'></div><div data-mendix-id='40_102' data-mendix-type='mxui.widget.TabContent' data-mendix-props='"title":"Infrastructure","delayLoading":true,"tabName":"tabPage3"'></div></m:template><m:template widget-id='40_3' name='content'><div data-mendix-id='40_4' data-mendix-type='mxui.widget.DataGrid' data-mendix-props='"friendlyId":"MyFirstModule.Template_Specific_Data_overview.grid11","entity":"MyFirstModule.Orch_SAV","schema":"dd9a2206-2962-4637-808a-c812be2c9c7a","config":{"locale":"fr_BE","gridType":"Standalone","gridpresentation":{"rows":100,"columns":1,"controlbar":true,"pagingbar":true,"searchbar":true,"waitforsearch":false,"selectionmode":"multi","editable":false,"sortable":true,"refresh":0,"selectfirst":false,"showemptyrows":false},"datasource":{"friendlyId":"MyFirstModule.Template_Specific_Data_overview.grid11","type":"database","path":"MyFirstModule.Orch_SAV_Template/MyFirstModule.Orch_SAV","xpathConstraints":"","offlineConstraints":[]},"searchOptions":{"searchBar":true,"toggleable":true,"toggledByDefault":true},"searchElements":[],"controlBar":{"gridTools":[{"mxid":"40_10","friendlyId":"MyFirstModule.Template_Specific_Data_overview.searchButton11","name":"searchButton11","caption":{"$type":"textTemplate","text":"Search","friendlyId":"MyFirstModule.Template_Specific_Data_overview.searchButton11"},"title":"","cssClass":"btn-default"},{"mxid":"40_11","friendlyId":"MyFirstModule.Template_Specific_Data_overview.newButton7","name":"newButton7","caption":{"$type":"textTemplate","text":"New","friendlyId":"MyFirstModule.Template_Specific_Data_overview.newButton7"},"title":"","cssClass":"btn-default","visibleForRoles":["Administrator","User"]},{"mxid":"40_12","friendlyId":"MyFirstModule.Template_Specific_Data_overview.editButton1","name":"editButton1","caption":{"$type":"textTemplate","text":"Edit","friendlyId":"MyFirstModule.Template_Specific_Data_overview.editButton1"},"title":"","cssClass":"btn-default","visibleForRoles":["Administrator","User"]},{"mxid":"40_13","friendlyId":"MyFirstModule.Template_Specific_Data_overview.deleteButton1","name":"deleteButton1","caption":{"$type":"textTemplate","text":"Delete","friendlyId":"MyFirstModule.Template_Specific_Data_overview.deleteButton1"},"title":"","cssClass":"btn-default"},{"mxid":"40_14","friendlyId":"MyFirstModule.Template_Specific_Data_overview.selectAllButton2","name":"selectAllButton2","caption":{"$type":"textTemplate","text":"Select all","friendlyId":"MyFirstModule.Template_Specific_Data_overview.selectAllButton2"},"title":"","cssClass":"btn-default"}],"gridActions":[{"keyValue":"40_10","gridFunction":"ToggleSearch"},{"keyValue":"40_11","gridFunction":"InsertNew","params":{"MyFirstModule.Orch_SAV":{"pageSettings":{"path":"MyFirstModule/Orch_SAV_NewEdit.page.xml","location":"modal","resizable":true,"allowedRoles":["Administrator","User"]}}}},{"keyValue":"40_12","gridFunction":"EditSelection","params":{"MyFirstModule.Orch_SAV":{"pageSettings":{"path":"MyFirstModule/Orch_SAV_NewEdit.page.xml","location":"modal","resizable":true,"allowedRoles":["Administrator","User"]}}}},{"keyValue":"40_13","gridFunction":"DeleteSelection"},{"keyValue":"40_14","gridFunction":"SelectPage"}]},"defaultButton":{"clickType":"double","mxid":"40_12"},"griddata":[{"tag":"Value_Point","name":"column1","editable":false,"render":"Decimal","display":{"width":"25%","string":"Value  point","align":"right","formatted":false,"precision":2}},{"tag":"Value_Name","name":"column2","editable":false,"render":"String","display":{"width":"25%","string":"Value  name"}},{"tag":"Service_Name","name":"column3","editable":false,"render":"String","display":{"width":"25%","string":"Service  name"}},{"tag":"Service_Attribute","name":"column4","editable":false,"render":"String","display":{"width":"25%","string":"Service  attribute"}}],"plugins":{}}' class='mx-datagrid mx-name-grid11 datagrid-hover datagrid-striped datagrid-bordered' tabindex='0'></div></m:template><m:template widget-id='40_17' name='content'><div data-mendix-id='40_18' data-mendix-type='mxui.widget.DataGrid' data-mendix-props='"friendlyId":"MyFirstModule.Template_Specific_Data_overview.grid1","entity":"MyFirstModule.Data_Based_SAV","schema":"2e1435aa-61d3-473f-b0d5-ab1f6aced3af","config":{"locale":"fr_BE","gridType":"Standalone","gridpresentation":{"rows":10,"columns":1,"controlbar":true,"pagingbar":true,"searchbar":true,"waitforsearch":false,"selectionmode":"multi","editable":false,"sortable":true,"refresh":0,"selectfirst":false,"showemptyrows":false},"datasource":{"friendlyId":"MyFirstModule.Template_Specific_Data_overview.grid1","type":"database","path":"MyFirstModule.Data_Based_SAV_Template/MyFirstModule.Data_Based_SAV","xpathConstraints":"","offlineConstraints":[]},"searchOptions":{"searchBar":true,"toggleable":true,"toggledByDefault":true},"searchElements":[{"searchInputName":"searchField13","defaults":null,"defaultsParser":"Simple","caption":"Value  point","path":"Value_Point","operator":"="},{"searchInputName":"searchField20","defaults":null,"defaultsParser":"Simple","caption":"Value  name","path":"Value_Name","operator":"contains"},{"searchInputName":"searchField21","defaults":null,"defaultsParser":"Simple","caption":"Service  name","path":"Service_Name","operator":"contains"},{"searchInputName":"searchField22","defaults":null,"defaultsParser":"Simple","caption":"Service  attribute","path":"Service_Attribute","operator":"contains"}],"controlBar":{"gridTools":[{"mxid":"40_24","friendlyId":"MyFirstModule.Template_Specific_Data_overview.searchButton1","name":"searchButton1","caption":{"$type":"textTemplate","text":"Search","friendlyId":"MyFirstModule.Template_Specific_Data_overview.searchButton1"},"title":"","cssClass":"btn-default"},{"mxid":"40_25","friendlyId":"MyFirstModule.Template_Specific_Data_overview.newButton8","name":"newButton8","caption":{"$type":"textTemplate","text":"New","friendlyId":"MyFirstModule.Template_Specific_Data_overview.newButton8"},"title":"","cssClass":"btn-default","visibleForRoles":["Administrator","User"]},{"mxid":"40_26","friendlyId":"MyFirstModule.Template_Specific_Data_overview.editButton2","name":"editButton2","caption":{"$type":"textTemplate","text":"Edit","friendlyId":"MyFirstModule.Template_Specific_Data_overview.editButton2"},"title":"","cssClass":"btn-default","visibleForRoles":["Administrator","User"]}],"gridActions":[{"keyValue":"40_24","gridFunction":"ToggleSearch"},{"keyValue":"40_25","gridFunction":"InsertNew","params":{"MyFirstModule.Data_Based_SAV":{"pageSettings":{"path":"MyFirstModule/Data_Based_SAV_NewEdit.page.xml","location":"modal","resizable":true,"allowedRoles":["Administrator","User"]}}}},{"keyValue":"40_26","gridFunction":"EditSelection","params":{"MyFirstModule.Data_Based_SAV":{"pageSettings":{"path":"MyFirstModule/Data_Based_SAV_NewEdit.page.xml","location":"modal","resizable":true,"allowedRoles":["Administrator","User"]}}}}]},"griddata":[{"tag":"Value_Point","name":"column22","editable":false,"render":"Decimal","display":{"width":"25%","string":"Value  point","align":"right","formatted":false,"precision":2}},{"tag":"Value_Name","name":"column34","editable":false,"render":"String","display":{"width":"25%","string":"Value  name"}},{"tag":"Service_Name","name":"column35","editable":false,"render":"String","display":{"width":"25%","string":"Service  name"}},{"tag":"Service_Attribute","name":"column36","editable":false,"render":"String","display":{"width":"25%","string":"Service  attribute"}}],"plugins":{}}' class='mx-datagrid mx-name-grid1 datagrid-hover datagrid-striped datagrid-bordered' tabindex='0'></div></m:template><m:template widget-id='40_33' name='content'><div data-mendix-id='40_34' data-mendix-type='mxui.widget.DataGrid' data-mendix-props='"friendlyId":"MyFirstModule.Template_Specific_Data_overview.grid4","entity":"MyFirstModule.Patterns_Practices_SAV","schema":"f33d6055-326e-4b70-910c-b6ce322336bb","config":{"locale":"fr_BE","gridType":"Standalone","gridpresentation":{"rows":20,"columns":1,"controlbar":true,"pagingbar":true,"searchbar":true,"waitforsearch":false,"selectionmode":"multi","editable":false,"sortable":true,"refresh":0,"selectfirst":false,"showemptyrows":false},"datasource":{"friendlyId":"MyFirstModule.Template_Specific_Data_overview.grid4","type":"database","path":"MyFirstModule.Patterns_Practices_SAV_Template/MyFirstModule.Patterns_Practices_SAV","xpathConstraints":"","offlineConstraints":[]},"searchOptions":{"searchBar":true,"toggleable":true,"toggledByDefault":true},"searchElements":[],"controlBar":{"gridTools":[{"mxid":"40_40","friendlyId":"MyFirstModule.Template_Specific_Data_overview.searchButton5","name":"searchButton5","caption":{"$type":"textTemplate","text":"Search","friendlyId":"MyFirstModule.Template_Specific_Data_overview.searchButton5"},"title":"","cssClass":"btn-default"},{"mxid":"40_41","friendlyId":"MyFirstModule.Template_Specific_Data_overview.deleteButton7","name":"deleteButton7","caption":{"$type":"textTemplate","text":"Delete","friendlyId":"MyFirstModule.Template_Specific_Data_overview.deleteButton7"},"title":"","cssClass":"btn-default"},{"mxid":"40_42","friendlyId":"MyFirstModule.Template_Specific_Data_overview.selectAllButton7","name":"selectAllButton7","caption":{"$type":"textTemplate","text":"Select all","friendlyId":"MyFirstModule.Template_Specific_Data_overview.selectAllButton7"},"title":"","cssClass":"btn-default"},{"mxid":"40_43","friendlyId":"MyFirstModule.Template_Specific_Data_overview.newButton1","name":"newButton1","caption":{"$type":"textTemplate","text":"New","friendlyId":"MyFirstModule.Template_Specific_Data_overview.newButton1"},"title":"","cssClass":"btn-default","visibleForRoles":["Administrator","User"]},{"mxid":"40_44","friendlyId":"MyFirstModule.Template_Specific_Data_overview.editButton3","name":"editButton3","caption":{"$type":"textTemplate","text":"Edit","friendlyId":"MyFirstModule.Template_Specific_Data_overview.editButton3"},"title":"","cssClass":"btn-default","visibleForRoles":["Administrator","User"]}],"gridActions":[{"keyValue":"40_40","gridFunction":"ToggleSearch"},{"keyValue":"40_41","gridFunction":"DeleteSelection"},{"keyValue":"40_42","gridFunction":"SelectPage"},{"keyValue":"40_43","gridFunction":"InsertNew","params":{"MyFirstModule.Patterns_Practices_SAV":{"pageSettings":{"path":"MyFirstModule/Patterns_Practices_SAV_NewEdit.page.xml","location":"modal","resizable":true,"allowedRoles":["Administrator","User"]}}}},{"keyValue":"40_44","gridFunction":"EditSelection","params":{"MyFirstModule.Patterns_Practices_SAV":{"pageSettings":{"path":"MyFirstModule/Patterns_Practices_SAV_NewEdit.page.xml","location":"modal","resizable":true,"allowedRoles":["Administrator","User"]}}}}]},"griddata":[{"tag":"Value_Point","name":"column23","editable":false,"render":"Decimal","display":{"width":"25%","string":"Value  point","align":"right","formatted":false,"precision":2}},{"tag":"Value_Name","name":"column24","editable":false,"render":"String","display":{"width":"25%","string":"Value  name"}},{"tag":"Service_Name","name":"column25","editable":false,"render":"String","display":{"width":"25%","string":"Service  name"}},{"tag":"Service_Attribute","name":"column29","editable":false,"render":"String","display":{"width":"25%","string":"Service  attribute"}}],"plugins":{}}' class='mx-datagrid mx-name-grid4' tabindex='0'></div></m:template><m:template widget-id='40_47' name='content'><div data-mendix-id='40_48' data-mendix-type='mxui.widget.DataGrid' data-mendix-props='"friendlyId":"MyFirstModule.Template_Specific_Data_overview.grid2","entity":"MyFirstModule.Common_Effort_SAV","schema":"ad1f2433-07ca-4950-a54d-b5d63db75e0a","config":{"locale":"fr_BE","gridType":"Standalone","gridpresentation":{"rows":20,"columns":1,"controlbar":true,"pagingbar":true,"searchbar":true,"waitforsearch":false,"selectionmode":"multi","editable":false,"sortable":true,"refresh":0,"selectfirst":false,"showemptyrows":false},"datasource":{"friendlyId":"MyFirstModule.Template_Specific_Data_overview.grid2","type":"database","path":"MyFirstModule.Common_Effort_SAV_Template/MyFirstModule.Common_Effort_SAV","xpathConstraints":"","offlineConstraints":[]},"searchOptions":{"searchBar":true,"toggleable":true,"toggledByDefault":true},"searchElements":[],"controlBar":{"gridTools":[{"mxid":"40_54","friendlyId":"MyFirstModule.Template_Specific_Data_overview.searchButton2","name":"searchButton2","caption":{"$type":"textTemplate","text":"Search","friendlyId":"MyFirstModule.Template_Specific_Data_overview.searchButton2"},"title":"","cssClass":"btn-default"},{"mxid":"40_55","friendlyId":"MyFirstModule.Template_Specific_Data_overview.deleteButton4","name":"deleteButton4","caption":{"$type":"textTemplate","text":"Delete","friendlyId":"MyFirstModule.Template_Specific_Data_overview.deleteButton4"},"title":"","cssClass":"btn-default"},{"mxid":"40_56","friendlyId":"MyFirstModule.Template_Specific_Data_overview.selectAllButton6","name":"selectAllButton6","caption":{"$type":"textTemplate","text":"Select all","friendlyId":"MyFirstModule.Template_Specific_Data_overview.selectAllButton6"},"title":"","cssClass":"btn-default"},{"mxid":"40_57","friendlyId":"MyFirstModule.Template_Specific_Data_overview.newButton2","name":"newButton2","caption":{"$type":"textTemplate","text":"New","friendlyId":"MyFirstModule.Template_Specific_Data_overview.newButton2"},"title":"","cssClass":"btn-default","visibleForRoles":["Administrator","User"]},{"mxid":"40_58","friendlyId":"MyFirstModule.Template_Specific_Data_overview.editButton4","name":"editButton4","caption":{"$type":"textTemplate","text":"Edit","friendlyId":"MyFirstModule.Template_Specific_Data_overview.editButton4"},"title":"","cssClass":"btn-default","visibleForRoles":["Administrator","User"]}],"gridActions":[{"keyValue":"40_54","gridFunction":"ToggleSearch"},{"keyValue":"40_55","gridFunction":"DeleteSelection"},{"keyValue":"40_56","gridFunction":"SelectPage"},{"keyValue":"40_57","gridFunction":"InsertNew","params":{"MyFirstModule.Common_Effort_SAV":{"pageSettings":{"path":"MyFirstModule/Common_Effort_SAV_NewEdit.page.xml","location":"modal","resizable":true,"allowedRoles":["Administrator","User"]}}}},{"keyValue":"40_58","gridFunction":"EditSelection","params":{"MyFirstModule.Common_Effort_SAV":{"pageSettings":{"path":"MyFirstModule/Common_Effort_SAV_NewEdit.page.xml","location":"modal","resizable":true,"allowedRoles":["Administrator","User"]}}}}]},"griddata":[{"tag":"Value_Point","name":"column21","editable":false,"render":"Decimal","display":{"width":"25%","string":"Value  point","align":"right","formatted":false,"precision":2}},{"tag":"Value_Name","name":"column26","editable":false,"render":"String","display":{"width":"25%","string":"Value  name"}},{"tag":"Service_Name","name":"column27","editable":false,"render":"String","display":{"width":"25%","string":"Service  name"}},{"tag":"Service_Attribute","name":"column28","editable":false,"render":"String","display":{"width":"25%","string":"Service  attribute"}}],"plugins":{}}' class='mx-datagrid mx-name-grid2 datagrid-hover datagrid-striped datagrid-bordered' tabindex='0'></div></m:template><m:template widget-id='40_61' name='content'><div data-mendix-id='40_62' data-mendix-type='mxui.widget.DataGrid' data-mendix-props='"friendlyId":"MyFirstModule.Template_Specific_Data_overview.grid5","entity":"MyFirstModule.Tech_Stack_SAV","schema":"02c9219f-c221-465e-b466-8074ed33fed5","config":{"locale":"fr_BE","gridType":"Standalone","gridpresentation":{"rows":20,"columns":1,"controlbar":true,"pagingbar":true,"searchbar":true,"waitforsearch":false,"selectionmode":"multi","editable":false,"sortable":true,"refresh":0,"selectfirst":false,"showemptyrows":false},"datasource":{"friendlyId":"MyFirstModule.Template_Specific_Data_overview.grid5","type":"database","path":"MyFirstModule.Tech_Stack_SAV_Template/MyFirstModule.Tech_Stack_SAV","xpathConstraints":"","offlineConstraints":[]},"searchOptions":{"searchBar":true,"toggleable":true,"toggledByDefault":true},"searchElements":[],"controlBar":{"gridTools":[{"mxid":"40_68","friendlyId":"MyFirstModule.Template_Specific_Data_overview.searchButton4","name":"searchButton4","caption":{"$type":"textTemplate","text":"Search","friendlyId":"MyFirstModule.Template_Specific_Data_overview.searchButton4"},"title":"","cssClass":"btn-default"},{"mxid":"40_69","friendlyId":"MyFirstModule.Template_Specific_Data_overview.deleteButton2","name":"deleteButton2","caption":{"$type":"textTemplate","text":"Delete","friendlyId":"MyFirstModule.Template_Specific_Data_overview.deleteButton2"},"title":"","cssClass":"btn-default"},{"mxid":"40_70","friendlyId":"MyFirstModule.Template_Specific_Data_overview.selectAllButton5","name":"selectAllButton5","caption":{"$type":"textTemplate","text":"Select all","friendlyId":"MyFirstModule.Template_Specific_Data_overview.selectAllButton5"},"title":"","cssClass":"btn-default"},{"mxid":"40_71","friendlyId":"MyFirstModule.Template_Specific_Data_overview.newButton3","name":"newButton3","caption":{"$type":"textTemplate","text":"New","friendlyId":"MyFirstModule.Template_Specific_Data_overview.newButton3"},"title":"","cssClass":"btn-default","visibleForRoles":["Administrator","User"]},{"mxid":"40_72","friendlyId":"MyFirstModule.Template_Specific_Data_overview.editButton5","name":"editButton5","caption":{"$type":"textTemplate","text":"Edit","friendlyId":"MyFirstModule.Template_Specific_Data_overview.editButton5"},"title":"","cssClass":"btn-default","visibleForRoles":["Administrator","User"]}],"gridActions":[{"keyValue":"40_68","gridFunction":"ToggleSearch"},{"keyValue":"40_69","gridFunction":"DeleteSelection"},{"keyValue":"40_70","gridFunction":"SelectPage"},{"keyValue":"40_71","gridFunction":"InsertNew","params":{"MyFirstModule.Tech_Stack_SAV":{"pageSettings":{"path":"MyFirstModule/Tech_Stack_SAV_NewEdit.page.xml","location":"modal","resizable":true,"allowedRoles":["Administrator","User"]}}}},{"keyValue":"40_72","gridFunction":"EditSelection","params":{"MyFirstModule.Tech_Stack_SAV":{"pageSettings":{"path":"MyFirstModule/Tech_Stack_SAV_NewEdit.page.xml","location":"modal","resizable":true,"allowedRoles":["Administrator","User"]}}}}]},"griddata":[{"tag":"Value_Point","name":"column10","editable":false,"render":"Decimal","display":{"width":"25%","string":"Value  point","align":"right","formatted":false,"precision":2}},{"tag":"Value_Name","name":"column13","editable":false,"render":"String","display":{"width":"25%","string":"Value  name"}},{"tag":"Service_Name","name":"column14","editable":false,"render":"String","display":{"width":"25%","string":"Service  name"}},{"tag":"Service_Attribute","name":"column15","editable":false,"render":"String","display":{"width":"25%","string":"Service  attribute"}}],"plugins":{}}' class='mx-datagrid mx-name-grid5 datagrid-hover datagrid-striped datagrid-bordered' tabindex='0'></div></m:template><m:template widget-id='40_75' name='content'><div data-mendix-id='40_76' data-mendix-type='mxui.widget.DataGrid' data-mendix-props='"friendlyId":"MyFirstModule.Template_Specific_Data_overview.grid8","entity":"MyFirstModule.Dev_process_SAV","schema":"860e41ed-0fcb-4f86-929e-f78819b1d3fe","config":{"locale":"fr_BE","gridType":"Standalone","gridpresentation":{"rows":20,"columns":1,"controlbar":true,"pagingbar":true,"searchbar":true,"waitforsearch":false,"selectionmode":"multi","editable":false,"sortable":true,"refresh":0,"selectfirst":false,"showemptyrows":false},"datasource":{"friendlyId":"MyFirstModule.Template_Specific_Data_overview.grid8","type":"database","path":"MyFirstModule.Dev_process_SAV_Template/MyFirstModule.Dev_process_SAV","xpathConstraints":"","offlineConstraints":[]},"searchOptions":{"searchBar":true,"toggleable":true,"toggledByDefault":true},"searchElements":[],"controlBar":{"gridTools":[{"mxid":"40_82","friendlyId":"MyFirstModule.Template_Specific_Data_overview.searchButton8","name":"searchButton8","caption":{"$type":"textTemplate","text":"Search","friendlyId":"MyFirstModule.Template_Specific_Data_overview.searchButton8"},"title":"","cssClass":"btn-default","cssStyle":"margin-top: 30px; margin-left: 10px;"},{"mxid":"40_83","friendlyId":"MyFirstModule.Template_Specific_Data_overview.deleteButton5","name":"deleteButton5","caption":{"$type":"textTemplate","text":"Delete","friendlyId":"MyFirstModule.Template_Specific_Data_overview.deleteButton5"},"title":"","cssClass":"btn-default"},{"mxid":"40_84","friendlyId":"MyFirstModule.Template_Specific_Data_overview.selectAllButton4","name":"selectAllButton4","caption":{"$type":"textTemplate","text":"Select all","friendlyId":"MyFirstModule.Template_Specific_Data_overview.selectAllButton4"},"title":"","cssClass":"btn-default"},{"mxid":"40_85","friendlyId":"MyFirstModule.Template_Specific_Data_overview.newButton4","name":"newButton4","caption":{"$type":"textTemplate","text":"New","friendlyId":"MyFirstModule.Template_Specific_Data_overview.newButton4"},"title":"","cssClass":"btn-default","visibleForRoles":["Administrator","User"]},{"mxid":"40_86","friendlyId":"MyFirstModule.Template_Specific_Data_overview.editButton7","name":"editButton7","caption":{"$type":"textTemplate","text":"Edit","friendlyId":"MyFirstModule.Template_Specific_Data_overview.editButton7"},"title":"","cssClass":"btn-default","visibleForRoles":["Administrator","User"]}],"gridActions":[{"keyValue":"40_82","gridFunction":"ToggleSearch"},{"keyValue":"40_83","gridFunction":"DeleteSelection"},{"keyValue":"40_84","gridFunction":"SelectPage"},{"keyValue":"40_85","gridFunction":"InsertNew","params":{"MyFirstModule.Dev_process_SAV":{"pageSettings":{"path":"MyFirstModule/Dev_process_SAV_NewEdit.page.xml","location":"modal","resizable":true,"allowedRoles":["Administrator","User"]}}}},{"keyValue":"40_86","gridFunction":"EditSelection","params":{"MyFirstModule.Dev_process_SAV":{"pageSettings":{"path":"MyFirstModule/Dev_process_SAV_NewEdit.page.xml","location":"modal","resizable":true,"allowedRoles":["Administrator","User"]}}}}]},"griddata":[{"tag":"Value_Point","name":"column9","editable":false,"render":"Decimal","display":{"width":"25%","string":"Value  point","align":"right","formatted":false,"precision":2}},{"tag":"Value_Name","name":"column18","editable":false,"render":"String","display":{"width":"25%","string":"Value  name"}},{"tag":"Service_Name","name":"column19","editable":false,"render":"String","display":{"width":"25%","string":"Service  name"}},{"tag":"Service_Attribute","name":"column20","editable":false,"render":"String","display":{"width":"25%","string":"Service  attribute"}}],"plugins":{}}' class='mx-datagrid mx-name-grid8 datagrid-hover datagrid-striped datagrid-bordered' tabindex='0'></div></m:template><m:template widget-id='40_89' name='content'><div data-mendix-id='40_90' data-mendix-type='mxui.widget.DataGrid' data-mendix-props='"friendlyId":"MyFirstModule.Template_Specific_Data_overview.grid3","entity":"MyFirstModule.Policy_SAV","schema":"6c46ad7e-faa0-4898-a32b-88779697482e","config":{"locale":"fr_BE","gridType":"Standalone","gridpresentation":{"rows":20,"columns":1,"controlbar":true,"pagingbar":true,"searchbar":true,"waitforsearch":false,"selectionmode":"multi","editable":false,"sortable":true,"refresh":0,"selectfirst":false,"showemptyrows":false},"datasource":{"friendlyId":"MyFirstModule.Template_Specific_Data_overview.grid3","type":"database","path":"MyFirstModule.Policy_SAV_Template/MyFirstModule.Policy_SAV","xpathConstraints":"","offlineConstraints":[]},"searchOptions":{"searchBar":true,"toggleable":true,"toggledByDefault":true},"searchElements":[],"controlBar":{"gridTools":[{"mxid":"40_96","friendlyId":"MyFirstModule.Template_Specific_Data_overview.searchButton3","name":"searchButton3","caption":{"$type":"textTemplate","text":"Search","friendlyId":"MyFirstModule.Template_Specific_Data_overview.searchButton3"},"title":"","cssClass":"btn-default"},{"mxid":"40_97","friendlyId":"MyFirstModule.Template_Specific_Data_overview.deleteButton6","name":"deleteButton6","caption":{"$type":"textTemplate","text":"Delete","friendlyId":"MyFirstModule.Template_Specific_Data_overview.deleteButton6"},"title":"","cssClass":"btn-default"},{"mxid":"40_98","friendlyId":"MyFirstModule.Template_Specific_Data_overview.selectAllButton1","name":"selectAllButton1","caption":{"$type":"textTemplate","text":"Select all","friendlyId":"MyFirstModule.Template_Specific_Data_overview.selectAllButton1"},"title":"","cssClass":"btn-default"},{"mxid":"40_99","friendlyId":"MyFirstModule.Template_Specific_Data_overview.newButton5","name":"newButton5","caption":{"$type":"textTemplate","text":"New","friendlyId":"MyFirstModule.Template_Specific_Data_overview.newButton5"},"title":"","cssClass":"btn-default","visibleForRoles":["Administrator","User"]}],"gridActions":[{"keyValue":"40_96","gridFunction":"ToggleSearch"},{"keyValue":"40_97","gridFunction":"DeleteSelection"},{"keyValue":"40_98","gridFunction":"SelectPage"},{"keyValue":"40_99","gridFunction":"InsertNew","params":{"MyFirstModule.Policy_SAV":{"pageSettings":{"path":"MyFirstModule/Policy_SAV_NewEdit.page.xml","location":"modal","resizable":true,"allowedRoles":["Administrator","User"]}}}}]},"griddata":[{"tag":"Value_Point","name":"column5","editable":false,"render":"Decimal","display":{"width":"25%","string":"Value  point","align":"right","formatted":false,"precision":2}},{"tag":"Value_Name","name":"column6","editable":false,"render":"String","display":{"width":"25%","string":"Value  name"}},{"tag":"Service_Name","name":"column7","editable":false,"render":"String","display":{"width":"25%","string":"Service  name"}},{"tag":"Service_Attribute","name":"column8","editable":false,"render":"String","display":{"width":"25%","string":"Service  attribute"}}],"plugins":{}}' class='mx-datagrid mx-name-grid3' tabindex='0'></div></m:template><m:template widget-id='40_102' name='content'><div data-mendix-id='40_103' data-mendix-type='mxui.widget.DataGrid' data-mendix-props='"friendlyId":"MyFirstModule.Template_Specific_Data_overview.grid6","entity":"MyFirstModule.Infrastructure_SAV","schema":"dd2a7fdc-4c12-41be-ab9c-e9289df4a24d","config":{"locale":"fr_BE","gridType":"Standalone","gridpresentation":{"rows":20,"columns":1,"controlbar":true,"pagingbar":true,"searchbar":true,"waitforsearch":false,"selectionmode":"single","editable":false,"sortable":true,"refresh":0,"selectfirst":false,"showemptyrows":false},"datasource":{"friendlyId":"MyFirstModule.Template_Specific_Data_overview.grid6","type":"database","path":"MyFirstModule.Infrastructure_SAV_Template/MyFirstModule.Infrastructure_SAV","xpathConstraints":"","offlineConstraints":[]},"searchOptions":{"searchBar":true,"toggleable":true,"toggledByDefault":true},"searchElements":[],"controlBar":{"gridTools":[{"mxid":"40_109","friendlyId":"MyFirstModule.Template_Specific_Data_overview.searchButton6","name":"searchButton6","caption":{"$type":"textTemplate","text":"Search","friendlyId":"MyFirstModule.Template_Specific_Data_overview.searchButton6"},"title":"","cssClass":"btn-default"},{"mxid":"40_110","friendlyId":"MyFirstModule.Template_Specific_Data_overview.deleteButton8","name":"deleteButton8","caption":{"$type":"textTemplate","text":"Delete","friendlyId":"MyFirstModule.Template_Specific_Data_overview.deleteButton8"},"title":"","cssClass":"btn-default"},{"mxid":"40_111","friendlyId":"MyFirstModule.Template_Specific_Data_overview.newButton6","name":"newButton6","caption":{"$type":"textTemplate","text":"New","friendlyId":"MyFirstModule.Template_Specific_Data_overview.newButton6"},"title":"","cssClass":"btn-default","visibleForRoles":["Administrator","User"]},{"mxid":"40_112","friendlyId":"MyFirstModule.Template_Specific_Data_overview.editButton6","name":"editButton6","caption":{"$type":"textTemplate","text":"Edit","friendlyId":"MyFirstModule.Template_Specific_Data_overview.editButton6"},"title":"","cssClass":"btn-default","visibleForRoles":["Administrator","User"]}],"gridActions":[{"keyValue":"40_109","gridFunction":"ToggleSearch"},{"keyValue":"40_110","gridFunction":"DeleteSelection"},{"keyValue":"40_111","gridFunction":"InsertNew","params":{"MyFirstModule.Infrastructure_SAV":{"pageSettings":{"path":"MyFirstModule/Infrastructure_SAV_NewEdit.page.xml","location":"modal","resizable":true,"allowedRoles":["Administrator","User"]}}}},{"keyValue":"40_112","gridFunction":"EditSelection","params":{"MyFirstModule.Infrastructure_SAV":{"pageSettings":{"path":"MyFirstModule/Infrastructure_SAV_NewEdit.page.xml","location":"modal","resizable":true,"allowedRoles":["Administrator","User"]}}}}]},"griddata":[{"tag":"Value_Point","name":"column30","editable":false,"render":"Decimal","display":{"width":"25%","string":"Value  point","align":"right","formatted":false,"precision":2}},{"tag":"Value_Name","name":"column31","editable":false,"render":"String","display":{"width":"25%","string":"Value  name"}},{"tag":"Service_Name","name":"column32","editable":false,"render":"String","display":{"width":"25%","string":"Service  name"}},{"tag":"Service_Attribute","name":"column33","editable":false,"render":"String","display":{"width":"25%","string":"Service  attribute"}}],"plugins":{}}' class='mx-datagrid mx-name-grid6' tabindex='0'></div></m:template></m:templates></m:page>