﻿<?xml version='1.0' encoding='utf-8'?><m:page id='3c6cf1fd-1165-4c15-8c70-4c797a7dafa6' xmlns='http://www.w3.org/1999/xhtml' title='Page Title' class='layout-sidebar-responsive' xmlns:m='http://schemas.mendix.com/forms/1.0'><m:layouts><m:layout path='NavigationLayouts/Sidebar_Full_Responsive.layout.xml'></m:layout></m:layouts><m:arguments><m:argument parameterName='90307765-bc1b-483c-818f-821454fe380b'><div data-mendix-id='7_0' class='mx-layoutgrid mx-layoutgrid-fluid mx-name-layoutGrid1'><div class='row'><div class='col-md-12'><div data-mendix-id='7_1' data-mendix-type='mxui.widget.DataView' data-mendix-props='"friendlyId":"MyFirstModule.Template_Specific_Data_overview_2_2.dataView1","entity":"MyFirstModule.Template","schema":"38f1d12f-2bf4-4048-95e3-b3f30ff483da","datasource":{"friendlyId":"MyFirstModule.Template_Specific_Data_overview_2_2.dataView1","type":"direct","path":"MyFirstModule.Template"}' class='mx-name-dataView1 form-horizontal' tabindex='0'></div></div></div></div></m:argument></m:arguments><m:templates><m:template widget-id='7_1' name='content'><div data-mendix-id='7_3' data-mendix-type='mxui.widget.ActionButton' data-mendix-props='"friendlyId":"MyFirstModule.Template_Specific_Data_overview_2_2.actionButton10","caption":{"$type":"textTemplate","text":"Back","friendlyId":"MyFirstModule.Template_Specific_Data_overview_2_2.actionButton10"},"renderType":"button","action":{"type":"openPage","hasParameter":true,"params":{"path":"MyFirstModule/Overview_Page_2.page.xml","location":"content","allowedRoles":["Administrator","User","Anonymous"]}}' data-mendix-roles='Administrator,User,Anonymous' class='mx-name-actionButton10 btn-warning' style='float:right;' tabindex='0'></div><div data-mendix-id='7_4' data-mendix-type='mxui.widget.TabContainer' data-mendix-props='"friendlyId":"MyFirstModule.Template_Specific_Data_overview_2_2.tabControl2"' class='mx-name-tabControl2 tab-lined' tabindex='0'></div></m:template><m:template widget-id='7_4' name='pages'><div data-mendix-id='7_5' data-mendix-type='mxui.widget.TabContent' data-mendix-props='"title":"Service Attribute","delayLoading":false,"tabName":"tabPage9"'></div><div data-mendix-id='7_31' data-mendix-type='mxui.widget.TabContent' data-mendix-props='"title":"Service Attribute Values","delayLoading":true,"tabName":"tabPage8"'></div><div data-mendix-id='7_219' data-mendix-type='mxui.widget.TabContent' data-mendix-props='"title":"Assumption","delayLoading":true,"tabName":"tabPage10"'></div><div data-mendix-id='7_242' data-mendix-type='mxui.widget.TabContent' data-mendix-props='"title":"Consolidated Estimate","delayLoading":true,"tabName":"tabPage11"'></div></m:template><m:template widget-id='7_5' name='content'><div data-mendix-id='7_6' class='mx-layoutgrid mx-layoutgrid-fluid mx-name-layoutGrid2'><div class='row'><div class='col-md-12'><div data-mendix-id='7_10' data-mendix-type='mxui.widget.ActionButton' data-mendix-props='"friendlyId":"MyFirstModule.Template_Specific_Data_overview_2_2.actionButton1","caption":{"$type":"textTemplate","text":"","friendlyId":"MyFirstModule.Template_Specific_Data_overview_2_2.actionButton1"},"iconUrl":"img/MyFirstModule$add.png?636468842603385563","renderType":"link","action":{"type":"callMicroflow","hasParameter":false,"params":{"name":"MyFirstModule.Microflow_create_service_attribute","validate":"view","allowedRoles":["Administrator","User"]}}' data-mendix-roles='Administrator,User' class='mx-name-actionButton1 imgCls' style='float:right;' tabindex='0'></div><table class='mx-table mx-name-table11 tableHeaderCls'><colgroup><col style='width:20%'></col><col style='width:20%'></col><col style='width:20%'></col><col style='width:20%'></col><col style='width:20%'></col></colgroup><tbody><tr><th><div data-mendix-id='7_13' data-mendix-type='mxui.widget.ReactWidgetWrapper' data-mendix-props='"widgetTree":{"widget":"com.mendix.widget.core.Text","widgetId":"7_13","props":{"name":"text44","class":"mx-name-text44","style":{},"caption":{"$type":"textTemplate","text":"Service ID","friendlyId":"MyFirstModule.Template_Specific_Data_overview_2_2.text44"},"renderMode":"span"},"children":[]}'></div></th><th><div data-mendix-id='7_15' data-mendix-type='mxui.widget.ReactWidgetWrapper' data-mendix-props='"widgetTree":{"widget":"com.mendix.widget.core.Text","widgetId":"7_15","props":{"name":"text45","class":"mx-name-text45","style":{},"caption":{"$type":"textTemplate","text":"Service  Name","friendlyId":"MyFirstModule.Template_Specific_Data_overview_2_2.text45"},"renderMode":"span"},"children":[]}'></div></th><th><div data-mendix-id='7_17' data-mendix-type='mxui.widget.ReactWidgetWrapper' data-mendix-props='"widgetTree":{"widget":"com.mendix.widget.core.Text","widgetId":"7_17","props":{"name":"text46","class":"mx-name-text46","style":{},"caption":{"$type":"textTemplate","text":"Service Attribute Name","friendlyId":"MyFirstModule.Template_Specific_Data_overview_2_2.text46"},"renderMode":"span"},"children":[]}'></div></th><th><div data-mendix-id='7_19' data-mendix-type='mxui.widget.ReactWidgetWrapper' data-mendix-props='"widgetTree":{"widget":"com.mendix.widget.core.Text","widgetId":"7_19","props":{"name":"text33","class":"mx-name-text33","style":{},"caption":{"$type":"textTemplate","text":"Service Point","friendlyId":"MyFirstModule.Template_Specific_Data_overview_2_2.text33"},"renderMode":"span"},"children":[]}'></div></th><th></th></tr></tbody></table><div data-mendix-id='7_27' data-mendix-type='mxui.widget.TemplateGrid' data-mendix-props='"friendlyId":"MyFirstModule.Template_Specific_Data_overview_2_2.templateGrid11","entity":"MyFirstModule.Service_Attribute_Local","schema":"a304eb74-1fdf-49a3-9495-a1068d05e5be","config":{"locale":"fr_BE","gridType":"Standalone","gridpresentation":{"rows":70,"columns":1,"controlbar":false,"pagingbar":false,"selectionmode":"none","editable":false,"sortable":false,"refresh":0,"selectfirst":false},"datasource":{"friendlyId":"MyFirstModule.Template_Specific_Data_overview_2_2.templateGrid11","type":"entityPath","path":"MyFirstModule.Service_Attribute_Local_Template/MyFirstModule.Service_Attribute_Local"},"controlBar":{"gridTools":[],"gridActions":[]},"plugins":{}}' class='mx-templategrid mx-name-templateGrid11' tabindex='0'></div></div></div></div></m:template><m:template widget-id='7_31' name='content'><div data-mendix-id='7_32' data-mendix-type='mxui.widget.TabContainer' data-mendix-props='"friendlyId":"MyFirstModule.Template_Specific_Data_overview_2_2.tabControl1"' class='mx-name-tabControl1 tab-lined mx-tabcontainer-nested' style='align:justify;' tabindex='0'></div></m:template><m:template widget-id='7_219' name='content'><div data-mendix-id='7_220' class='mx-layoutgrid mx-layoutgrid-fluid mx-name-layoutGrid5' style='text-align: center;'><div class='row'><div class='col-md-12'><div data-mendix-id='7_224' data-mendix-type='mxui.widget.NewButton' data-mendix-props='"friendlyId":"MyFirstModule.Template_Specific_Data_overview_2_2.createButton1","caption":{"$type":"textTemplate","text":"","friendlyId":"MyFirstModule.Template_Specific_Data_overview_2_2.createButton1"},"iconUrl":"img/MyFirstModule$add.png?636468842603385563","renderType":"link","pageSettings":{"path":"MyFirstModule/Assumptions.page.xml","title":"","location":"modal","resizable":true,"allowedRoles":["Administrator","User"]},"path":"MyFirstModule.Assumptions"' data-mendix-roles='Administrator,User' class='mx-name-createButton1 imgCls' style='float:right;' tabindex='0'></div><table class='mx-table mx-name-table9 tableHeaderCls'><colgroup><col style='width:25%'></col><col style='width:25%'></col><col style='width:25%'></col><col style='width:25%'></col></colgroup><tbody><tr><td><div data-mendix-id='7_227' data-mendix-type='mxui.widget.ReactWidgetWrapper' data-mendix-props='"widgetTree":{"widget":"com.mendix.widget.core.Text","widgetId":"7_227","props":{"name":"text34","class":"mx-name-text34","style":{},"caption":{"$type":"textTemplate","text":"Service Nature","friendlyId":"MyFirstModule.Template_Specific_Data_overview_2_2.text34"},"renderMode":"span"},"children":[]}'></div></td><td><div data-mendix-id='7_229' data-mendix-type='mxui.widget.ReactWidgetWrapper' data-mendix-props='"widgetTree":{"widget":"com.mendix.widget.core.Text","widgetId":"7_229","props":{"name":"text35","class":"mx-name-text35","style":{},"caption":{"$type":"textTemplate","text":"Properties","friendlyId":"MyFirstModule.Template_Specific_Data_overview_2_2.text35"},"renderMode":"span"},"children":[]}'></div></td><td><div data-mendix-id='7_231' data-mendix-type='mxui.widget.ReactWidgetWrapper' data-mendix-props='"widgetTree":{"widget":"com.mendix.widget.core.Text","widgetId":"7_231","props":{"name":"text36","class":"mx-name-text36","style":{},"caption":{"$type":"textTemplate","text":"Percentage","friendlyId":"MyFirstModule.Template_Specific_Data_overview_2_2.text36"},"renderMode":"span"},"children":[]}'></div></td><td></td></tr></tbody></table><div data-mendix-id='7_238' data-mendix-type='mxui.widget.TemplateGrid' data-mendix-props='"friendlyId":"MyFirstModule.Template_Specific_Data_overview_2_2.templateGrid10","entity":"MyFirstModule.Assumptions_Local","schema":"47f2087c-b715-4216-8dac-231d00178795","config":{"locale":"fr_BE","gridType":"Standalone","gridpresentation":{"rows":15,"columns":1,"controlbar":false,"pagingbar":false,"selectionmode":"none","editable":false,"sortable":false,"refresh":0,"selectfirst":false},"datasource":{"friendlyId":"MyFirstModule.Template_Specific_Data_overview_2_2.templateGrid10","type":"entityPath","path":"MyFirstModule.Assumptions_Local_Template/MyFirstModule.Assumptions_Local"},"controlBar":{"gridTools":[],"gridActions":[]},"plugins":{}}' class='mx-templategrid mx-name-templateGrid10' tabindex='0'></div></div></div></div></m:template><m:template widget-id='7_242' name='content'><table class='mx-table mx-name-table10 tableHeaderCls'><colgroup><col style='width:13%'></col><col style='width:12%'></col><col style='width:13%'></col><col style='width:13%'></col><col style='width:14%'></col><col style='width:13%'></col><col style='width:12%'></col><col style='width:10%'></col></colgroup><tbody><tr><td><div data-mendix-id='7_246' data-mendix-type='mxui.widget.ReactWidgetWrapper' data-mendix-props='"widgetTree":{"widget":"com.mendix.widget.core.Text","widgetId":"7_246","props":{"name":"text37","class":"mx-name-text37","style":{},"caption":{"$type":"textTemplate","text":"Contigency","friendlyId":"MyFirstModule.Template_Specific_Data_overview_2_2.text37"},"renderMode":"span"},"children":[]}'></div></td><td><div data-mendix-id='7_248' data-mendix-type='mxui.widget.ReactWidgetWrapper' data-mendix-props='"widgetTree":{"widget":"com.mendix.widget.core.Text","widgetId":"7_248","props":{"name":"text38","class":"mx-name-text38","style":{},"caption":{"$type":"textTemplate","text":"Performace Engineering","friendlyId":"MyFirstModule.Template_Specific_Data_overview_2_2.text38"},"renderMode":"span"},"children":[]}'></div></td><td><div data-mendix-id='7_250' data-mendix-type='mxui.widget.ReactWidgetWrapper' data-mendix-props='"widgetTree":{"widget":"com.mendix.widget.core.Text","widgetId":"7_250","props":{"name":"text39","class":"mx-name-text39","style":{},"caption":{"$type":"textTemplate","text":"Project Management","friendlyId":"MyFirstModule.Template_Specific_Data_overview_2_2.text39"},"renderMode":"span"},"children":[]}'></div></td><td><div data-mendix-id='7_252' data-mendix-type='mxui.widget.ReactWidgetWrapper' data-mendix-props='"widgetTree":{"widget":"com.mendix.widget.core.Text","widgetId":"7_252","props":{"name":"text40","class":"mx-name-text40","style":{},"caption":{"$type":"textTemplate","text":"Infrastructure","friendlyId":"MyFirstModule.Template_Specific_Data_overview_2_2.text40"},"renderMode":"span"},"children":[]}'></div></td><td><div data-mendix-id='7_254' data-mendix-type='mxui.widget.ReactWidgetWrapper' data-mendix-props='"widgetTree":{"widget":"com.mendix.widget.core.Text","widgetId":"7_254","props":{"name":"text41","class":"mx-name-text41","style":{},"caption":{"$type":"textTemplate","text":"UAT Effort","friendlyId":"MyFirstModule.Template_Specific_Data_overview_2_2.text41"},"renderMode":"span"},"children":[]}'></div></td><td><div data-mendix-id='7_256' data-mendix-type='mxui.widget.ReactWidgetWrapper' data-mendix-props='"widgetTree":{"widget":"com.mendix.widget.core.Text","widgetId":"7_256","props":{"name":"text42","class":"mx-name-text42","style":{},"caption":{"$type":"textTemplate","text":"Post Prod Support","friendlyId":"MyFirstModule.Template_Specific_Data_overview_2_2.text42"},"renderMode":"span"},"children":[]}'></div></td><td><div data-mendix-id='7_258' data-mendix-type='mxui.widget.ReactWidgetWrapper' data-mendix-props='"widgetTree":{"widget":"com.mendix.widget.core.Text","widgetId":"7_258","props":{"name":"text43","class":"mx-name-text43","style":{},"caption":{"$type":"textTemplate","text":"With QA","friendlyId":"MyFirstModule.Template_Specific_Data_overview_2_2.text43"},"renderMode":"span"},"children":[]}'></div></td><td></td></tr></tbody></table><div data-mendix-id='7_269' data-mendix-type='mxui.widget.TemplateGrid' data-mendix-props='"friendlyId":"MyFirstModule.Template_Specific_Data_overview_2_2.templateGrid9","entity":"MyFirstModule.Consolidated_Estimate_Local","schema":"b5a7ee3d-360e-4ddc-b7fa-17f49a9f0eb7","config":{"locale":"fr_BE","gridType":"Standalone","gridpresentation":{"rows":2,"columns":1,"controlbar":false,"pagingbar":false,"selectionmode":"none","editable":false,"sortable":false,"refresh":0,"selectfirst":false},"datasource":{"friendlyId":"MyFirstModule.Template_Specific_Data_overview_2_2.templateGrid9","type":"entityPath","path":"MyFirstModule.Consolidated_Estimate_Local_Template/MyFirstModule.Consolidated_Estimate_Local"},"controlBar":{"gridTools":[],"gridActions":[]},"plugins":{}}' class='mx-templategrid mx-name-templateGrid9' tabindex='0'></div></m:template><m:template widget-id='7_27' name='content'><div data-mendix-id='7_273' data-mendix-type='mxui.widget.DataView' data-mendix-props='"friendlyId":"MyFirstModule.Template_Specific_Data_overview_2_2.templateGrid11","entity":"MyFirstModule.Service_Attribute_Local","schema":"3695324e-14d5-4282-8355-72c630348b6d","readOnly":true,"datasource":{"friendlyId":"MyFirstModule.Template_Specific_Data_overview_2_2.templateGrid11","type":"direct","path":"MyFirstModule.Service_Attribute_Local"}' tabindex='0'></div></m:template><m:template widget-id='7_32' name='pages'><div data-mendix-id='7_33' data-mendix-type='mxui.widget.TabContent' data-mendix-props='"title":"Orchestration","selected":true,"delayLoading":false,"tabName":"tabPage4"'></div><div data-mendix-id='7_58' data-mendix-type='mxui.widget.TabContent' data-mendix-props='"title":"Microservice","delayLoading":true,"tabName":"tabPage1"'></div><div data-mendix-id='7_81' data-mendix-type='mxui.widget.TabContent' data-mendix-props='"title":"Patterns &amp; Practices","delayLoading":true,"tabName":"tabPage2"'></div><div data-mendix-id='7_104' data-mendix-type='mxui.widget.TabContent' data-mendix-props='"title":"Common Effort","delayLoading":true,"tabName":"Common_Effort"'></div><div data-mendix-id='7_127' data-mendix-type='mxui.widget.TabContent' data-mendix-props='"title":"Tech Stack","delayLoading":true,"tabName":"tabPage5"'></div><div data-mendix-id='7_150' data-mendix-type='mxui.widget.TabContent' data-mendix-props='"title":"Development Process","delayLoading":true,"tabName":"tabPage7"'></div><div data-mendix-id='7_173' data-mendix-type='mxui.widget.TabContent' data-mendix-props='"title":"Policy","delayLoading":true,"tabName":"tabPage6"'></div><div data-mendix-id='7_196' data-mendix-type='mxui.widget.TabContent' data-mendix-props='"title":"Infrastructure","delayLoading":true,"tabName":"tabPage3"'></div></m:template><m:template widget-id='7_238' name='content'><div data-mendix-id='7_292' data-mendix-type='mxui.widget.DataView' data-mendix-props='"friendlyId":"MyFirstModule.Template_Specific_Data_overview_2_2.templateGrid10","entity":"MyFirstModule.Assumptions_Local","schema":"32b23298-7f1f-4f9d-b1f7-b093841a3296","readOnly":true,"datasource":{"friendlyId":"MyFirstModule.Template_Specific_Data_overview_2_2.templateGrid10","type":"direct","path":"MyFirstModule.Assumptions_Local"}' tabindex='0'></div></m:template><m:template widget-id='7_269' name='content'><div data-mendix-id='7_311' data-mendix-type='mxui.widget.DataView' data-mendix-props='"friendlyId":"MyFirstModule.Template_Specific_Data_overview_2_2.templateGrid9","entity":"MyFirstModule.Consolidated_Estimate_Local","schema":"27843a3a-970b-42c9-b2f6-a70c6e867c32","readOnly":true,"datasource":{"friendlyId":"MyFirstModule.Template_Specific_Data_overview_2_2.templateGrid9","type":"direct","path":"MyFirstModule.Consolidated_Estimate_Local"}' tabindex='0'></div></m:template><m:template widget-id='7_273' name='content'><table class='mx-table mx-name-table2' style='border: none !important'><colgroup><col style='width:25%'></col><col style='width:25%'></col><col style='width:25%'></col><col style='width:25%'></col></colgroup><tbody><tr><td><div data-mendix-id='7_274_277' data-mendix-type='mxui.widget.ReactWidgetWrapper' data-mendix-props='"widgetTree":{"widget":"com.mendix.widget.core.Text","widgetId":"7_274_277","props":{"name":"text2","class":"mx-name-text2","style":{},"caption":{"$type":"textTemplate","text":"{1}","friendlyId":"MyFirstModule.Snippet_new.text2","parameters":{"1":"MyFirstModule.Service_Attribute_Local/Service_Name"}},"renderMode":"span"},"children":[]}'></div></td><td><div data-mendix-id='7_274_279' data-mendix-type='mxui.widget.ReactWidgetWrapper' data-mendix-props='"widgetTree":{"widget":"com.mendix.widget.core.Text","widgetId":"7_274_279","props":{"name":"text3","class":"mx-name-text3","style":{},"caption":{"$type":"textTemplate","text":"{1}","friendlyId":"MyFirstModule.Snippet_new.text3","parameters":{"1":"MyFirstModule.Service_Attribute_Local/Service_Attribute_Name"}},"renderMode":"span"},"children":[]}'></div></td><td><div data-mendix-id='7_274_281' data-mendix-type='mxui.widget.ReactWidgetWrapper' data-mendix-props='"widgetTree":{"widget":"com.mendix.widget.core.Text","widgetId":"7_274_281","props":{"name":"text4","class":"mx-name-text4","style":{},"caption":{"$type":"textTemplate","text":"{1}","friendlyId":"MyFirstModule.Snippet_new.text4","parameters":{"1":"MyFirstModule.Service_Attribute_Local/Service_Point"}},"renderMode":"span"},"children":[]}'></div></td><td><div class='mx-name-container1'><div data-mendix-id='7_274_285' data-mendix-type='mxui.widget.ActionButton' data-mendix-props='"friendlyId":"MyFirstModule.Snippet_new.actionButton1","caption":{"$type":"textTemplate","text":"","friendlyId":"MyFirstModule.Snippet_new.actionButton1"},"iconUrl":"img/MyFirstModule$edit_on.png?636468842603385563","title":"Edit Service Attribute","renderType":"link","action":{"type":"openPage","hasParameter":true,"params":{"path":"MyFirstModule/Service_Attribute_Local_NewEdit.page.xml","title":"Edit Service Attribute","location":"modal","resizable":true,"allowedRoles":["Administrator","User"]}}' data-mendix-roles='Administrator,User' class='mx-name-actionButton1 imgCls-small' style='margin-left:20px;' tabindex='0'></div><div data-mendix-id='7_274_286' data-mendix-type='mxui.widget.ActionButton' data-mendix-props='"friendlyId":"MyFirstModule.Snippet_new.actionButton2","caption":{"$type":"textTemplate","text":"","friendlyId":"MyFirstModule.Snippet_new.actionButton2"},"iconUrl":"img/MyFirstModule$delete_on.png?636468842603385563","title":"Delete Service Attribute","renderType":"link","action":{"type":"callMicroflow","hasParameter":true,"params":{"name":"MyFirstModule.Microflow_delete","validate":"view","confirmation":{"question":"Are you sure you want to delete this?","proceed":"Delete","cancel":"Cancel"},"applyTo":"selection","allowedRoles":["Administrator","User"]}}' data-mendix-roles='Administrator,User' class='mx-name-actionButton2 imgCls-small' style='margin-left:20px;' tabindex='0'></div></div></td></tr></tbody></table></m:template><m:template widget-id='7_33' name='content'><div data-mendix-id='7_35' data-mendix-type='mxui.widget.ActionButton' data-mendix-props='"friendlyId":"MyFirstModule.Template_Specific_Data_overview_2_2.actionButton4","caption":{"$type":"textTemplate","text":"","friendlyId":"MyFirstModule.Template_Specific_Data_overview_2_2.actionButton4"},"iconUrl":"img/MyFirstModule$add.png?636468842603385563","renderType":"link","action":{"type":"callMicroflow","hasParameter":false,"params":{"name":"MyFirstModule.Microflow_create_obj_orches_sav","validate":"view","allowedRoles":["Administrator","User"]}}' data-mendix-roles='Administrator,User' class='mx-name-actionButton4 imgCls' style='float:right;' tabindex='0'></div><table class='mx-table mx-name-table1 tableHeaderCls'><colgroup><col style='width:20%'></col><col style='width:20%'></col><col style='width:20%'></col><col style='width:20%'></col><col style='width:10%'></col><col style='width:10%'></col></colgroup><tbody><tr><td><div data-mendix-id='7_38' data-mendix-type='mxui.widget.ReactWidgetWrapper' data-mendix-props='"widgetTree":{"widget":"com.mendix.widget.core.Text","widgetId":"7_38","props":{"name":"text1","class":"mx-name-text1","style":{},"caption":{"$type":"textTemplate","text":"Service Name","friendlyId":"MyFirstModule.Template_Specific_Data_overview_2_2.text1"},"renderMode":"span"},"children":[]}'></div></td><td><div data-mendix-id='7_40' data-mendix-type='mxui.widget.ReactWidgetWrapper' data-mendix-props='"widgetTree":{"widget":"com.mendix.widget.core.Text","widgetId":"7_40","props":{"name":"text2","class":"mx-name-text2","style":{},"caption":{"$type":"textTemplate","text":"Service attribute","friendlyId":"MyFirstModule.Template_Specific_Data_overview_2_2.text2"},"renderMode":"span"},"children":[]}'></div></td><td><div data-mendix-id='7_42' data-mendix-type='mxui.widget.ReactWidgetWrapper' data-mendix-props='"widgetTree":{"widget":"com.mendix.widget.core.Text","widgetId":"7_42","props":{"name":"text3","class":"mx-name-text3","style":{},"caption":{"$type":"textTemplate","text":"Value name","friendlyId":"MyFirstModule.Template_Specific_Data_overview_2_2.text3"},"renderMode":"span"},"children":[]}'></div></td><td><div data-mendix-id='7_44' data-mendix-type='mxui.widget.ReactWidgetWrapper' data-mendix-props='"widgetTree":{"widget":"com.mendix.widget.core.Text","widgetId":"7_44","props":{"name":"text4","class":"mx-name-text4","style":{},"caption":{"$type":"textTemplate","text":"Value point","friendlyId":"MyFirstModule.Template_Specific_Data_overview_2_2.text4"},"renderMode":"span"},"children":[]}'></div></td><td></td><td></td></tr></tbody></table><div data-mendix-id='7_54' data-mendix-type='mxui.widget.TemplateGrid' data-mendix-props='"friendlyId":"MyFirstModule.Template_Specific_Data_overview_2_2.templateGrid1","entity":"MyFirstModule.Orch_SAV","schema":"49bb5f6a-a5fe-40f0-92d6-82fe760d51a1","config":{"locale":"fr_BE","gridType":"Standalone","gridpresentation":{"rows":20,"columns":1,"controlbar":false,"pagingbar":false,"selectionmode":"none","editable":false,"sortable":false,"refresh":0,"selectfirst":false},"datasource":{"friendlyId":"MyFirstModule.Template_Specific_Data_overview_2_2.templateGrid1","type":"entityPath","path":"MyFirstModule.Orch_SAV_Template/MyFirstModule.Orch_SAV"},"controlBar":{"gridTools":[],"gridActions":[]},"plugins":{}}' class='mx-templategrid mx-name-templateGrid1' tabindex='0'></div></m:template><m:template widget-id='7_58' name='content'><div data-mendix-id='7_60' data-mendix-type='mxui.widget.ActionButton' data-mendix-props='"friendlyId":"MyFirstModule.Template_Specific_Data_overview_2_2.actionButton2","caption":{"$type":"textTemplate","text":"","friendlyId":"MyFirstModule.Template_Specific_Data_overview_2_2.actionButton2"},"iconUrl":"img/MyFirstModule$add.png?636468842603385563","renderType":"link","action":{"type":"callMicroflow","hasParameter":false,"params":{"name":"MyFirstModule.Microflow_create_obj_database_sav_2","validate":"view","allowedRoles":["Administrator","User"]}}' data-mendix-roles='Administrator,User' class='mx-name-actionButton2 imgCls' tabindex='0'></div><table class='mx-table mx-name-table2 tableHeaderCls'><colgroup><col style='width:20%'></col><col style='width:20%'></col><col style='width:20%'></col><col style='width:20%'></col><col style='width:20%'></col></colgroup><tbody><tr><td><div data-mendix-id='7_63' data-mendix-type='mxui.widget.ReactWidgetWrapper' data-mendix-props='"widgetTree":{"widget":"com.mendix.widget.core.Text","widgetId":"7_63","props":{"name":"text5","class":"mx-name-text5","style":{},"caption":{"$type":"textTemplate","text":"Service Name","friendlyId":"MyFirstModule.Template_Specific_Data_overview_2_2.text5"},"renderMode":"span"},"children":[]}'></div></td><td><div data-mendix-id='7_65' data-mendix-type='mxui.widget.ReactWidgetWrapper' data-mendix-props='"widgetTree":{"widget":"com.mendix.widget.core.Text","widgetId":"7_65","props":{"name":"text6","class":"mx-name-text6","style":{},"caption":{"$type":"textTemplate","text":"Service attribute","friendlyId":"MyFirstModule.Template_Specific_Data_overview_2_2.text6"},"renderMode":"span"},"children":[]}'></div></td><td><div data-mendix-id='7_67' data-mendix-type='mxui.widget.ReactWidgetWrapper' data-mendix-props='"widgetTree":{"widget":"com.mendix.widget.core.Text","widgetId":"7_67","props":{"name":"text7","class":"mx-name-text7","style":{},"caption":{"$type":"textTemplate","text":"Value name","friendlyId":"MyFirstModule.Template_Specific_Data_overview_2_2.text7"},"renderMode":"span"},"children":[]}'></div></td><td><div data-mendix-id='7_69' data-mendix-type='mxui.widget.ReactWidgetWrapper' data-mendix-props='"widgetTree":{"widget":"com.mendix.widget.core.Text","widgetId":"7_69","props":{"name":"text8","class":"mx-name-text8","style":{},"caption":{"$type":"textTemplate","text":"Value point","friendlyId":"MyFirstModule.Template_Specific_Data_overview_2_2.text8"},"renderMode":"span"},"children":[]}'></div></td><td></td></tr></tbody></table><div data-mendix-id='7_77' data-mendix-type='mxui.widget.TemplateGrid' data-mendix-props='"friendlyId":"MyFirstModule.Template_Specific_Data_overview_2_2.templateGrid2","entity":"MyFirstModule.Data_Based_SAV","schema":"e296c0de-99e7-432d-b7cc-cfb5446065bf","config":{"locale":"fr_BE","gridType":"Standalone","gridpresentation":{"rows":20,"columns":1,"controlbar":false,"pagingbar":false,"selectionmode":"none","editable":false,"sortable":false,"refresh":0,"selectfirst":false},"datasource":{"friendlyId":"MyFirstModule.Template_Specific_Data_overview_2_2.templateGrid2","type":"entityPath","path":"MyFirstModule.Data_Based_SAV_Template/MyFirstModule.Data_Based_SAV"},"controlBar":{"gridTools":[],"gridActions":[]},"plugins":{}}' class='mx-templategrid mx-name-templateGrid2' tabindex='0'></div></m:template><m:template widget-id='7_81' name='content'><div data-mendix-id='7_83' data-mendix-type='mxui.widget.ActionButton' data-mendix-props='"friendlyId":"MyFirstModule.Template_Specific_Data_overview_2_2.actionButton3","caption":{"$type":"textTemplate","text":"","friendlyId":"MyFirstModule.Template_Specific_Data_overview_2_2.actionButton3"},"iconUrl":"img/MyFirstModule$add.png?636468842603385563","renderType":"link","action":{"type":"callMicroflow","hasParameter":false,"params":{"name":"MyFirstModule.Microflow_create_obj_pattern_sav","validate":"view","allowedRoles":["Administrator","User"]}}' data-mendix-roles='Administrator,User' class='mx-name-actionButton3 imgCls' tabindex='0'></div><table class='mx-table mx-name-table3 tableHeaderCls'><colgroup><col style='width:20%'></col><col style='width:20%'></col><col style='width:20%'></col><col style='width:20%'></col><col style='width:20%'></col></colgroup><tbody><tr><td><div data-mendix-id='7_86' data-mendix-type='mxui.widget.ReactWidgetWrapper' data-mendix-props='"widgetTree":{"widget":"com.mendix.widget.core.Text","widgetId":"7_86","props":{"name":"text10","class":"mx-name-text10","style":{},"caption":{"$type":"textTemplate","text":"Service Name","friendlyId":"MyFirstModule.Template_Specific_Data_overview_2_2.text10"},"renderMode":"span"},"children":[]}'></div></td><td><div data-mendix-id='7_88' data-mendix-type='mxui.widget.ReactWidgetWrapper' data-mendix-props='"widgetTree":{"widget":"com.mendix.widget.core.Text","widgetId":"7_88","props":{"name":"text11","class":"mx-name-text11","style":{},"caption":{"$type":"textTemplate","text":"Service attribute","friendlyId":"MyFirstModule.Template_Specific_Data_overview_2_2.text11"},"renderMode":"span"},"children":[]}'></div></td><td><div data-mendix-id='7_90' data-mendix-type='mxui.widget.ReactWidgetWrapper' data-mendix-props='"widgetTree":{"widget":"com.mendix.widget.core.Text","widgetId":"7_90","props":{"name":"text12","class":"mx-name-text12","style":{},"caption":{"$type":"textTemplate","text":"Value name","friendlyId":"MyFirstModule.Template_Specific_Data_overview_2_2.text12"},"renderMode":"span"},"children":[]}'></div></td><td><div data-mendix-id='7_92' data-mendix-type='mxui.widget.ReactWidgetWrapper' data-mendix-props='"widgetTree":{"widget":"com.mendix.widget.core.Text","widgetId":"7_92","props":{"name":"text9","class":"mx-name-text9","style":{},"caption":{"$type":"textTemplate","text":"Value point","friendlyId":"MyFirstModule.Template_Specific_Data_overview_2_2.text9"},"renderMode":"span"},"children":[]}'></div></td><td></td></tr></tbody></table><div data-mendix-id='7_100' data-mendix-type='mxui.widget.TemplateGrid' data-mendix-props='"friendlyId":"MyFirstModule.Template_Specific_Data_overview_2_2.templateGrid3","entity":"MyFirstModule.Patterns_Practices_SAV","schema":"f9ee4e9f-dee3-40f3-9c2e-26c70ba0452f","config":{"locale":"fr_BE","gridType":"Standalone","gridpresentation":{"rows":20,"columns":1,"controlbar":false,"pagingbar":false,"selectionmode":"none","editable":false,"sortable":false,"refresh":0,"selectfirst":false},"datasource":{"friendlyId":"MyFirstModule.Template_Specific_Data_overview_2_2.templateGrid3","type":"entityPath","path":"MyFirstModule.Patterns_Practices_SAV_Template/MyFirstModule.Patterns_Practices_SAV"},"controlBar":{"gridTools":[],"gridActions":[]},"plugins":{}}' class='mx-templategrid mx-name-templateGrid3' tabindex='0'></div></m:template><m:template widget-id='7_104' name='content'><div data-mendix-id='7_106' data-mendix-type='mxui.widget.ActionButton' data-mendix-props='"friendlyId":"MyFirstModule.Template_Specific_Data_overview_2_2.actionButton5","caption":{"$type":"textTemplate","text":"","friendlyId":"MyFirstModule.Template_Specific_Data_overview_2_2.actionButton5"},"iconUrl":"img/MyFirstModule$add.png?636468842603385563","renderType":"link","action":{"type":"callMicroflow","hasParameter":false,"params":{"name":"MyFirstModule.Microflow_create_obj_commoneffort_sav","validate":"view","allowedRoles":["Administrator","User"]}}' data-mendix-roles='Administrator,User' class='mx-name-actionButton5 imgCls' tabindex='0'></div><table class='mx-table mx-name-table4 tableHeaderCls'><colgroup><col style='width:20%'></col><col style='width:20%'></col><col style='width:20%'></col><col style='width:20%'></col><col style='width:20%'></col></colgroup><tbody><tr><td><div data-mendix-id='7_109' data-mendix-type='mxui.widget.ReactWidgetWrapper' data-mendix-props='"widgetTree":{"widget":"com.mendix.widget.core.Text","widgetId":"7_109","props":{"name":"text14","class":"mx-name-text14","style":{},"caption":{"$type":"textTemplate","text":"Service Name","friendlyId":"MyFirstModule.Template_Specific_Data_overview_2_2.text14"},"renderMode":"span"},"children":[]}'></div></td><td><div data-mendix-id='7_111' data-mendix-type='mxui.widget.ReactWidgetWrapper' data-mendix-props='"widgetTree":{"widget":"com.mendix.widget.core.Text","widgetId":"7_111","props":{"name":"text15","class":"mx-name-text15","style":{},"caption":{"$type":"textTemplate","text":"Service attribute","friendlyId":"MyFirstModule.Template_Specific_Data_overview_2_2.text15"},"renderMode":"span"},"children":[]}'></div></td><td><div data-mendix-id='7_113' data-mendix-type='mxui.widget.ReactWidgetWrapper' data-mendix-props='"widgetTree":{"widget":"com.mendix.widget.core.Text","widgetId":"7_113","props":{"name":"text16","class":"mx-name-text16","style":{},"caption":{"$type":"textTemplate","text":"Value name","friendlyId":"MyFirstModule.Template_Specific_Data_overview_2_2.text16"},"renderMode":"span"},"children":[]}'></div></td><td><div data-mendix-id='7_115' data-mendix-type='mxui.widget.ReactWidgetWrapper' data-mendix-props='"widgetTree":{"widget":"com.mendix.widget.core.Text","widgetId":"7_115","props":{"name":"text13","class":"mx-name-text13","style":{},"caption":{"$type":"textTemplate","text":"Value point","friendlyId":"MyFirstModule.Template_Specific_Data_overview_2_2.text13"},"renderMode":"span"},"children":[]}'></div></td><td></td></tr></tbody></table><div data-mendix-id='7_123' data-mendix-type='mxui.widget.TemplateGrid' data-mendix-props='"friendlyId":"MyFirstModule.Template_Specific_Data_overview_2_2.templateGrid4","entity":"MyFirstModule.Common_Effort_SAV","schema":"ec47756a-7f2f-42b9-86c8-0e57bce48362","config":{"locale":"fr_BE","gridType":"Standalone","gridpresentation":{"rows":20,"columns":1,"controlbar":false,"pagingbar":false,"selectionmode":"none","editable":false,"sortable":false,"refresh":0,"selectfirst":false},"datasource":{"friendlyId":"MyFirstModule.Template_Specific_Data_overview_2_2.templateGrid4","type":"entityPath","path":"MyFirstModule.Common_Effort_SAV_Template/MyFirstModule.Common_Effort_SAV"},"controlBar":{"gridTools":[],"gridActions":[]},"plugins":{}}' class='mx-templategrid mx-name-templateGrid4' tabindex='0'></div></m:template><m:template widget-id='7_127' name='content'><div data-mendix-id='7_129' data-mendix-type='mxui.widget.ActionButton' data-mendix-props='"friendlyId":"MyFirstModule.Template_Specific_Data_overview_2_2.actionButton6","caption":{"$type":"textTemplate","text":"","friendlyId":"MyFirstModule.Template_Specific_Data_overview_2_2.actionButton6"},"iconUrl":"img/MyFirstModule$add.png?636468842603385563","renderType":"link","action":{"type":"callMicroflow","hasParameter":false,"params":{"name":"MyFirstModule.Microflow_create_obj_techstack_sav","validate":"view","allowedRoles":["Administrator","User"]}}' data-mendix-roles='Administrator,User' class='mx-name-actionButton6 imgCls' tabindex='0'></div><table class='mx-table mx-name-table5 tableHeaderCls'><colgroup><col style='width:20%'></col><col style='width:20%'></col><col style='width:20%'></col><col style='width:20%'></col><col style='width:20%'></col></colgroup><tbody><tr><td><div data-mendix-id='7_132' data-mendix-type='mxui.widget.ReactWidgetWrapper' data-mendix-props='"widgetTree":{"widget":"com.mendix.widget.core.Text","widgetId":"7_132","props":{"name":"text18","class":"mx-name-text18","style":{},"caption":{"$type":"textTemplate","text":"Service Name","friendlyId":"MyFirstModule.Template_Specific_Data_overview_2_2.text18"},"renderMode":"span"},"children":[]}'></div></td><td><div data-mendix-id='7_134' data-mendix-type='mxui.widget.ReactWidgetWrapper' data-mendix-props='"widgetTree":{"widget":"com.mendix.widget.core.Text","widgetId":"7_134","props":{"name":"text19","class":"mx-name-text19","style":{},"caption":{"$type":"textTemplate","text":"Service attribute","friendlyId":"MyFirstModule.Template_Specific_Data_overview_2_2.text19"},"renderMode":"span"},"children":[]}'></div></td><td><div data-mendix-id='7_136' data-mendix-type='mxui.widget.ReactWidgetWrapper' data-mendix-props='"widgetTree":{"widget":"com.mendix.widget.core.Text","widgetId":"7_136","props":{"name":"text20","class":"mx-name-text20","style":{},"caption":{"$type":"textTemplate","text":"Value name","friendlyId":"MyFirstModule.Template_Specific_Data_overview_2_2.text20"},"renderMode":"span"},"children":[]}'></div></td><td><div data-mendix-id='7_138' data-mendix-type='mxui.widget.ReactWidgetWrapper' data-mendix-props='"widgetTree":{"widget":"com.mendix.widget.core.Text","widgetId":"7_138","props":{"name":"text17","class":"mx-name-text17","style":{},"caption":{"$type":"textTemplate","text":"Value point","friendlyId":"MyFirstModule.Template_Specific_Data_overview_2_2.text17"},"renderMode":"span"},"children":[]}'></div></td><td></td></tr></tbody></table><div data-mendix-id='7_146' data-mendix-type='mxui.widget.TemplateGrid' data-mendix-props='"friendlyId":"MyFirstModule.Template_Specific_Data_overview_2_2.templateGrid5","entity":"MyFirstModule.Tech_Stack_SAV","schema":"89e2cd1c-7af7-4789-8132-6422bf630e45","config":{"locale":"fr_BE","gridType":"Standalone","gridpresentation":{"rows":20,"columns":1,"controlbar":false,"pagingbar":false,"selectionmode":"none","editable":false,"sortable":false,"refresh":0,"selectfirst":false},"datasource":{"friendlyId":"MyFirstModule.Template_Specific_Data_overview_2_2.templateGrid5","type":"entityPath","path":"MyFirstModule.Tech_Stack_SAV_Template/MyFirstModule.Tech_Stack_SAV"},"controlBar":{"gridTools":[],"gridActions":[]},"plugins":{}}' class='mx-templategrid mx-name-templateGrid5' tabindex='0'></div></m:template><m:template widget-id='7_150' name='content'><div data-mendix-id='7_152' data-mendix-type='mxui.widget.ActionButton' data-mendix-props='"friendlyId":"MyFirstModule.Template_Specific_Data_overview_2_2.actionButton7","caption":{"$type":"textTemplate","text":"","friendlyId":"MyFirstModule.Template_Specific_Data_overview_2_2.actionButton7"},"iconUrl":"img/MyFirstModule$add.png?636468842603385563","renderType":"link","action":{"type":"callMicroflow","hasParameter":false,"params":{"name":"MyFirstModule.Microflow_create_obj_development_sav","validate":"view","allowedRoles":["Administrator","User"]}}' data-mendix-roles='Administrator,User' class='mx-name-actionButton7 imgCls' tabindex='0'></div><table class='mx-table mx-name-table6 tableHeaderCls'><colgroup><col style='width:20%'></col><col style='width:20%'></col><col style='width:20%'></col><col style='width:20%'></col><col style='width:20%'></col></colgroup><tbody><tr><td><div data-mendix-id='7_155' data-mendix-type='mxui.widget.ReactWidgetWrapper' data-mendix-props='"widgetTree":{"widget":"com.mendix.widget.core.Text","widgetId":"7_155","props":{"name":"text22","class":"mx-name-text22","style":{},"caption":{"$type":"textTemplate","text":"Service Name","friendlyId":"MyFirstModule.Template_Specific_Data_overview_2_2.text22"},"renderMode":"span"},"children":[]}'></div></td><td><div data-mendix-id='7_157' data-mendix-type='mxui.widget.ReactWidgetWrapper' data-mendix-props='"widgetTree":{"widget":"com.mendix.widget.core.Text","widgetId":"7_157","props":{"name":"text23","class":"mx-name-text23","style":{},"caption":{"$type":"textTemplate","text":"Service attribute","friendlyId":"MyFirstModule.Template_Specific_Data_overview_2_2.text23"},"renderMode":"span"},"children":[]}'></div></td><td><div data-mendix-id='7_159' data-mendix-type='mxui.widget.ReactWidgetWrapper' data-mendix-props='"widgetTree":{"widget":"com.mendix.widget.core.Text","widgetId":"7_159","props":{"name":"text24","class":"mx-name-text24","style":{},"caption":{"$type":"textTemplate","text":"Value name","friendlyId":"MyFirstModule.Template_Specific_Data_overview_2_2.text24"},"renderMode":"span"},"children":[]}'></div></td><td><div data-mendix-id='7_161' data-mendix-type='mxui.widget.ReactWidgetWrapper' data-mendix-props='"widgetTree":{"widget":"com.mendix.widget.core.Text","widgetId":"7_161","props":{"name":"text21","class":"mx-name-text21","style":{},"caption":{"$type":"textTemplate","text":"Value point","friendlyId":"MyFirstModule.Template_Specific_Data_overview_2_2.text21"},"renderMode":"span"},"children":[]}'></div></td><td></td></tr></tbody></table><div data-mendix-id='7_169' data-mendix-type='mxui.widget.TemplateGrid' data-mendix-props='"friendlyId":"MyFirstModule.Template_Specific_Data_overview_2_2.templateGrid6","entity":"MyFirstModule.Dev_process_SAV","schema":"907b61c4-310c-4840-ac1e-a0e29d0c7536","config":{"locale":"fr_BE","gridType":"Standalone","gridpresentation":{"rows":20,"columns":1,"controlbar":false,"pagingbar":false,"selectionmode":"none","editable":false,"sortable":false,"refresh":0,"selectfirst":false},"datasource":{"friendlyId":"MyFirstModule.Template_Specific_Data_overview_2_2.templateGrid6","type":"entityPath","path":"MyFirstModule.Dev_process_SAV_Template/MyFirstModule.Dev_process_SAV"},"controlBar":{"gridTools":[],"gridActions":[]},"plugins":{}}' class='mx-templategrid mx-name-templateGrid6' tabindex='0'></div></m:template><m:template widget-id='7_173' name='content'><div data-mendix-id='7_175' data-mendix-type='mxui.widget.ActionButton' data-mendix-props='"friendlyId":"MyFirstModule.Template_Specific_Data_overview_2_2.actionButton8","caption":{"$type":"textTemplate","text":"","friendlyId":"MyFirstModule.Template_Specific_Data_overview_2_2.actionButton8"},"iconUrl":"img/MyFirstModule$add.png?636468842603385563","renderType":"link","action":{"type":"callMicroflow","hasParameter":false,"params":{"name":"MyFirstModule.Microflow_create_obj_policy_sav","validate":"view","allowedRoles":["Administrator","User"]}}' data-mendix-roles='Administrator,User' class='mx-name-actionButton8 imgCls' tabindex='0'></div><table class='mx-table mx-name-table7 tableHeaderCls'><colgroup><col style='width:20%'></col><col style='width:20%'></col><col style='width:20%'></col><col style='width:20%'></col><col style='width:20%'></col></colgroup><tbody><tr><td><div data-mendix-id='7_178' data-mendix-type='mxui.widget.ReactWidgetWrapper' data-mendix-props='"widgetTree":{"widget":"com.mendix.widget.core.Text","widgetId":"7_178","props":{"name":"text26","class":"mx-name-text26","style":{},"caption":{"$type":"textTemplate","text":"Service Name","friendlyId":"MyFirstModule.Template_Specific_Data_overview_2_2.text26"},"renderMode":"span"},"children":[]}'></div></td><td><div data-mendix-id='7_180' data-mendix-type='mxui.widget.ReactWidgetWrapper' data-mendix-props='"widgetTree":{"widget":"com.mendix.widget.core.Text","widgetId":"7_180","props":{"name":"text27","class":"mx-name-text27","style":{},"caption":{"$type":"textTemplate","text":"Service attribute","friendlyId":"MyFirstModule.Template_Specific_Data_overview_2_2.text27"},"renderMode":"span"},"children":[]}'></div></td><td><div data-mendix-id='7_182' data-mendix-type='mxui.widget.ReactWidgetWrapper' data-mendix-props='"widgetTree":{"widget":"com.mendix.widget.core.Text","widgetId":"7_182","props":{"name":"text28","class":"mx-name-text28","style":{},"caption":{"$type":"textTemplate","text":"Value name","friendlyId":"MyFirstModule.Template_Specific_Data_overview_2_2.text28"},"renderMode":"span"},"children":[]}'></div></td><td><div data-mendix-id='7_184' data-mendix-type='mxui.widget.ReactWidgetWrapper' data-mendix-props='"widgetTree":{"widget":"com.mendix.widget.core.Text","widgetId":"7_184","props":{"name":"text25","class":"mx-name-text25","style":{},"caption":{"$type":"textTemplate","text":"Value point","friendlyId":"MyFirstModule.Template_Specific_Data_overview_2_2.text25"},"renderMode":"span"},"children":[]}'></div></td><td></td></tr></tbody></table><div data-mendix-id='7_192' data-mendix-type='mxui.widget.TemplateGrid' data-mendix-props='"friendlyId":"MyFirstModule.Template_Specific_Data_overview_2_2.templateGrid7","entity":"MyFirstModule.Policy_SAV","schema":"76f13a55-c525-4e93-b923-8b623d54eaae","config":{"locale":"fr_BE","gridType":"Standalone","gridpresentation":{"rows":20,"columns":1,"controlbar":false,"pagingbar":false,"selectionmode":"none","editable":false,"sortable":false,"refresh":0,"selectfirst":false},"datasource":{"friendlyId":"MyFirstModule.Template_Specific_Data_overview_2_2.templateGrid7","type":"entityPath","path":"MyFirstModule.Policy_SAV_Template/MyFirstModule.Policy_SAV"},"controlBar":{"gridTools":[],"gridActions":[]},"plugins":{}}' class='mx-templategrid mx-name-templateGrid7' tabindex='0'></div></m:template><m:template widget-id='7_196' name='content'><div data-mendix-id='7_198' data-mendix-type='mxui.widget.ActionButton' data-mendix-props='"friendlyId":"MyFirstModule.Template_Specific_Data_overview_2_2.actionButton9","caption":{"$type":"textTemplate","text":"","friendlyId":"MyFirstModule.Template_Specific_Data_overview_2_2.actionButton9"},"iconUrl":"img/MyFirstModule$add.png?636468842603385563","renderType":"link","action":{"type":"callMicroflow","hasParameter":false,"params":{"name":"MyFirstModule.Microflow_create_obj_policy_sav","validate":"view","allowedRoles":["Administrator","User"]}}' data-mendix-roles='Administrator,User' class='mx-name-actionButton9 imgCls' tabindex='0'></div><table class='mx-table mx-name-table8 tableHeaderCls'><colgroup><col style='width:20%'></col><col style='width:20%'></col><col style='width:20%'></col><col style='width:20%'></col><col style='width:20%'></col></colgroup><tbody><tr><td><div data-mendix-id='7_201' data-mendix-type='mxui.widget.ReactWidgetWrapper' data-mendix-props='"widgetTree":{"widget":"com.mendix.widget.core.Text","widgetId":"7_201","props":{"name":"text30","class":"mx-name-text30","style":{},"caption":{"$type":"textTemplate","text":"Service Name","friendlyId":"MyFirstModule.Template_Specific_Data_overview_2_2.text30"},"renderMode":"span"},"children":[]}'></div></td><td><div data-mendix-id='7_203' data-mendix-type='mxui.widget.ReactWidgetWrapper' data-mendix-props='"widgetTree":{"widget":"com.mendix.widget.core.Text","widgetId":"7_203","props":{"name":"text31","class":"mx-name-text31","style":{},"caption":{"$type":"textTemplate","text":"Service attribute","friendlyId":"MyFirstModule.Template_Specific_Data_overview_2_2.text31"},"renderMode":"span"},"children":[]}'></div></td><td><div data-mendix-id='7_205' data-mendix-type='mxui.widget.ReactWidgetWrapper' data-mendix-props='"widgetTree":{"widget":"com.mendix.widget.core.Text","widgetId":"7_205","props":{"name":"text32","class":"mx-name-text32","style":{},"caption":{"$type":"textTemplate","text":"Value name","friendlyId":"MyFirstModule.Template_Specific_Data_overview_2_2.text32"},"renderMode":"span"},"children":[]}'></div></td><td><div data-mendix-id='7_207' data-mendix-type='mxui.widget.ReactWidgetWrapper' data-mendix-props='"widgetTree":{"widget":"com.mendix.widget.core.Text","widgetId":"7_207","props":{"name":"text29","class":"mx-name-text29","style":{},"caption":{"$type":"textTemplate","text":"Value point","friendlyId":"MyFirstModule.Template_Specific_Data_overview_2_2.text29"},"renderMode":"span"},"children":[]}'></div></td><td></td></tr></tbody></table><div data-mendix-id='7_215' data-mendix-type='mxui.widget.TemplateGrid' data-mendix-props='"friendlyId":"MyFirstModule.Template_Specific_Data_overview_2_2.templateGrid8","entity":"MyFirstModule.Infrastructure_SAV","schema":"901138d3-cc4f-49f6-8829-7cbe82b37a0d","config":{"locale":"fr_BE","gridType":"Standalone","gridpresentation":{"rows":20,"columns":1,"controlbar":false,"pagingbar":false,"selectionmode":"none","editable":false,"sortable":false,"refresh":0,"selectfirst":false},"datasource":{"friendlyId":"MyFirstModule.Template_Specific_Data_overview_2_2.templateGrid8","type":"entityPath","path":"MyFirstModule.Infrastructure_SAV_Template/MyFirstModule.Infrastructure_SAV"},"controlBar":{"gridTools":[],"gridActions":[]},"plugins":{}}' class='mx-templategrid mx-name-templateGrid8' tabindex='0'></div></m:template><m:template widget-id='7_292' name='content'><table class='mx-table mx-name-table2'><colgroup><col style='width:25%'></col><col style='width:25%'></col><col style='width:25%'></col><col style='width:25%'></col></colgroup><tbody><tr><td><div data-mendix-id='7_293_296' data-mendix-type='mxui.widget.ReactWidgetWrapper' data-mendix-props='"widgetTree":{"widget":"com.mendix.widget.core.Text","widgetId":"7_293_296","props":{"name":"text1","class":"mx-name-text1","style":{},"caption":{"$type":"textTemplate","text":"{1}","friendlyId":"MyFirstModule.Snippet_new_assumption_local.text1","parameters":{"1":"MyFirstModule.Assumptions_Local/Service_Nature"}},"renderMode":"span"},"children":[]}'></div></td><td><div data-mendix-id='7_293_298' data-mendix-type='mxui.widget.ReactWidgetWrapper' data-mendix-props='"widgetTree":{"widget":"com.mendix.widget.core.Text","widgetId":"7_293_298","props":{"name":"text2","class":"mx-name-text2","style":{},"caption":{"$type":"textTemplate","text":"{1}","friendlyId":"MyFirstModule.Snippet_new_assumption_local.text2","parameters":{"1":"MyFirstModule.Assumptions_Local/Properties"}},"renderMode":"span"},"children":[]}'></div></td><td><div data-mendix-id='7_293_300' data-mendix-type='mxui.widget.ReactWidgetWrapper' data-mendix-props='"widgetTree":{"widget":"com.mendix.widget.core.Text","widgetId":"7_293_300","props":{"name":"text3","class":"mx-name-text3","style":{},"caption":{"$type":"textTemplate","text":"{1}","friendlyId":"MyFirstModule.Snippet_new_assumption_local.text3","parameters":{"1":"MyFirstModule.Assumptions_Local/Percentage"}},"renderMode":"span"},"children":[]}'></div></td><td><div class='mx-name-container1'><div data-mendix-id='7_293_304' data-mendix-type='mxui.widget.ActionButton' data-mendix-props='"friendlyId":"MyFirstModule.Snippet_new_assumption_local.actionButton1","caption":{"$type":"textTemplate","text":"","friendlyId":"MyFirstModule.Snippet_new_assumption_local.actionButton1"},"iconUrl":"img/MyFirstModule$edit_on.png?636468842603385563","title":"Edit Assumption value","renderType":"link","action":{"type":"openPage","hasParameter":true,"params":{"path":"MyFirstModule/Assumption_New_Edit_Local.page.xml","title":"Edit Assumption Detail","location":"modal","resizable":true,"allowedRoles":["Administrator","User"]}}' data-mendix-roles='Administrator,User' class='mx-name-actionButton1 imgCls-small' style='margin-left:20px;' tabindex='0'></div><div data-mendix-id='7_293_305' data-mendix-type='mxui.widget.ActionButton' data-mendix-props='"friendlyId":"MyFirstModule.Snippet_new_assumption_local.actionButton2","caption":{"$type":"textTemplate","text":"","friendlyId":"MyFirstModule.Snippet_new_assumption_local.actionButton2"},"iconUrl":"img/MyFirstModule$delete_on.png?636468842603385563","title":"Delete Assumption value","renderType":"link","action":{"type":"callMicroflow","hasParameter":true,"params":{"name":"MyFirstModule.Microflow_assumption_local_delete","validate":"view","confirmation":{"question":"Are you sure you want to delete this?","proceed":"Delete","cancel":"Cancel"},"applyTo":"selection","allowedRoles":["Administrator","User"]}}' data-mendix-roles='Administrator,User' class='mx-name-actionButton2 imgCls-small' style='margin-left:20px;' tabindex='0'></div></div></td></tr></tbody></table></m:template><m:template widget-id='7_311' name='content'><table class='mx-table mx-name-table2'><colgroup><col style='width:13%'></col><col style='width:12%'></col><col style='width:13%'></col><col style='width:13%'></col><col style='width:14%'></col><col style='width:13%'></col><col style='width:12%'></col><col style='width:10%'></col></colgroup><tbody><tr><td><div data-mendix-id='7_312_315' data-mendix-type='mxui.widget.ReactWidgetWrapper' data-mendix-props='"widgetTree":{"widget":"com.mendix.widget.core.Text","widgetId":"7_312_315","props":{"name":"text1","class":"mx-name-text1","style":{},"caption":{"$type":"textTemplate","text":"{1}","friendlyId":"MyFirstModule.Snippet_new_consolidated_Local.text1","parameters":{"1":"MyFirstModule.Consolidated_Estimate_Local/Contingency"}},"renderMode":"span"},"children":[]}'></div></td><td><div data-mendix-id='7_312_317' data-mendix-type='mxui.widget.ReactWidgetWrapper' data-mendix-props='"widgetTree":{"widget":"com.mendix.widget.core.Text","widgetId":"7_312_317","props":{"name":"text4","class":"mx-name-text4","style":{},"caption":{"$type":"textTemplate","text":"{1}","friendlyId":"MyFirstModule.Snippet_new_consolidated_Local.text4","parameters":{"1":"MyFirstModule.Consolidated_Estimate_Local/Performance_Engineering"}},"renderMode":"span"},"children":[]}'></div></td><td><div data-mendix-id='7_312_319' data-mendix-type='mxui.widget.ReactWidgetWrapper' data-mendix-props='"widgetTree":{"widget":"com.mendix.widget.core.Text","widgetId":"7_312_319","props":{"name":"text2","class":"mx-name-text2","style":{},"caption":{"$type":"textTemplate","text":"{1}","friendlyId":"MyFirstModule.Snippet_new_consolidated_Local.text2","parameters":{"1":"MyFirstModule.Consolidated_Estimate_Local/Project_Management"}},"renderMode":"span"},"children":[]}'></div></td><td><div data-mendix-id='7_312_321' data-mendix-type='mxui.widget.ReactWidgetWrapper' data-mendix-props='"widgetTree":{"widget":"com.mendix.widget.core.Text","widgetId":"7_312_321","props":{"name":"text5","class":"mx-name-text5","style":{},"caption":{"$type":"textTemplate","text":"  {1}","friendlyId":"MyFirstModule.Snippet_new_consolidated_Local.text5","parameters":{"1":"MyFirstModule.Consolidated_Estimate_Local/Infrastructure"}},"renderMode":"span"},"children":[]}'></div></td><td><div data-mendix-id='7_312_323' data-mendix-type='mxui.widget.ReactWidgetWrapper' data-mendix-props='"widgetTree":{"widget":"com.mendix.widget.core.Text","widgetId":"7_312_323","props":{"name":"text3","class":"mx-name-text3","style":{},"caption":{"$type":"textTemplate","text":"{1}","friendlyId":"MyFirstModule.Snippet_new_consolidated_Local.text3","parameters":{"1":"MyFirstModule.Consolidated_Estimate_Local/UAT_Effort"}},"renderMode":"span"},"children":[]}'></div></td><td><div data-mendix-id='7_312_325' data-mendix-type='mxui.widget.ReactWidgetWrapper' data-mendix-props='"widgetTree":{"widget":"com.mendix.widget.core.Text","widgetId":"7_312_325","props":{"name":"text6","class":"mx-name-text6","style":{},"caption":{"$type":"textTemplate","text":"{1}","friendlyId":"MyFirstModule.Snippet_new_consolidated_Local.text6","parameters":{"1":"MyFirstModule.Consolidated_Estimate_Local/Post_Prod_Support"}},"renderMode":"span"},"children":[]}'></div></td><td><div data-mendix-id='7_312_327' data-mendix-type='mxui.widget.ReactWidgetWrapper' data-mendix-props='"widgetTree":{"widget":"com.mendix.widget.core.Text","widgetId":"7_312_327","props":{"name":"text7","class":"mx-name-text7","style":{},"caption":{"$type":"textTemplate","text":"{1}","friendlyId":"MyFirstModule.Snippet_new_consolidated_Local.text7","parameters":{"1":"MyFirstModule.Consolidated_Estimate_Local/With_QA"}},"renderMode":"span"},"children":[]}'></div></td><td><div class='mx-name-container1'><div data-mendix-id='7_312_330' data-mendix-type='mxui.widget.ActionButton' data-mendix-props='"friendlyId":"MyFirstModule.Snippet_new_consolidated_Local.actionButton1","caption":{"$type":"textTemplate","text":"","friendlyId":"MyFirstModule.Snippet_new_consolidated_Local.actionButton1"},"iconUrl":"img/MyFirstModule$edit_on.png?636468842603385563","title":"Edit Value","renderType":"link","action":{"type":"openPage","hasParameter":true,"params":{"path":"MyFirstModule/Consolidated_Local_New_Edit.page.xml","title":"Edit Consolidated Estimate","location":"modal","resizable":true,"allowedRoles":["Administrator","User"]}}' data-mendix-roles='Administrator,User' class='mx-name-actionButton1 imgCls-small' style='margin-left:20px;' tabindex='0'></div></div></td></tr></tbody></table></m:template><m:template widget-id='7_54' name='content'><div data-mendix-id='7_340' data-mendix-type='mxui.widget.DataView' data-mendix-props='"friendlyId":"MyFirstModule.Template_Specific_Data_overview_2_2.templateGrid1","entity":"MyFirstModule.Orch_SAV","schema":"316e0835-ef89-412c-b1cd-d0eda323a3eb","readOnly":true,"datasource":{"friendlyId":"MyFirstModule.Template_Specific_Data_overview_2_2.templateGrid1","type":"direct","path":"MyFirstModule.Orch_SAV"}' tabindex='0'></div></m:template><m:template widget-id='7_77' name='content'><div data-mendix-id='7_362' data-mendix-type='mxui.widget.DataView' data-mendix-props='"friendlyId":"MyFirstModule.Template_Specific_Data_overview_2_2.templateGrid2","entity":"MyFirstModule.Data_Based_SAV","schema":"e6a90c42-d250-48cf-a0bb-efede603b33c","readOnly":true,"datasource":{"friendlyId":"MyFirstModule.Template_Specific_Data_overview_2_2.templateGrid2","type":"direct","path":"MyFirstModule.Data_Based_SAV"}' tabindex='0'></div></m:template><m:template widget-id='7_100' name='content'><div data-mendix-id='7_384' data-mendix-type='mxui.widget.DataView' data-mendix-props='"friendlyId":"MyFirstModule.Template_Specific_Data_overview_2_2.templateGrid3","entity":"MyFirstModule.Patterns_Practices_SAV","schema":"59762225-164c-48b6-a9ce-4ba73514aaa9","readOnly":true,"datasource":{"friendlyId":"MyFirstModule.Template_Specific_Data_overview_2_2.templateGrid3","type":"direct","path":"MyFirstModule.Patterns_Practices_SAV"}' tabindex='0'></div></m:template><m:template widget-id='7_123' name='content'><div data-mendix-id='7_406' data-mendix-type='mxui.widget.DataView' data-mendix-props='"friendlyId":"MyFirstModule.Template_Specific_Data_overview_2_2.templateGrid4","entity":"MyFirstModule.Common_Effort_SAV","schema":"8156954a-9366-405d-a8ad-c9cd0ec886ab","readOnly":true,"datasource":{"friendlyId":"MyFirstModule.Template_Specific_Data_overview_2_2.templateGrid4","type":"direct","path":"MyFirstModule.Common_Effort_SAV"}' tabindex='0'></div></m:template><m:template widget-id='7_146' name='content'><div data-mendix-id='7_428' data-mendix-type='mxui.widget.DataView' data-mendix-props='"friendlyId":"MyFirstModule.Template_Specific_Data_overview_2_2.templateGrid5","entity":"MyFirstModule.Tech_Stack_SAV","schema":"a2206894-6d98-47ca-853c-cb49a7f96f6a","readOnly":true,"datasource":{"friendlyId":"MyFirstModule.Template_Specific_Data_overview_2_2.templateGrid5","type":"direct","path":"MyFirstModule.Tech_Stack_SAV"}' tabindex='0'></div></m:template><m:template widget-id='7_169' name='content'><div data-mendix-id='7_450' data-mendix-type='mxui.widget.DataView' data-mendix-props='"friendlyId":"MyFirstModule.Template_Specific_Data_overview_2_2.templateGrid6","entity":"MyFirstModule.Dev_process_SAV","schema":"c1d38ebf-6e83-4299-85db-543f41a75c7d","readOnly":true,"datasource":{"friendlyId":"MyFirstModule.Template_Specific_Data_overview_2_2.templateGrid6","type":"direct","path":"MyFirstModule.Dev_process_SAV"}' tabindex='0'></div></m:template><m:template widget-id='7_192' name='content'><div data-mendix-id='7_472' data-mendix-type='mxui.widget.DataView' data-mendix-props='"friendlyId":"MyFirstModule.Template_Specific_Data_overview_2_2.templateGrid7","entity":"MyFirstModule.Policy_SAV","schema":"d8b170d2-cfb8-4b67-be11-007a183b62d5","readOnly":true,"datasource":{"friendlyId":"MyFirstModule.Template_Specific_Data_overview_2_2.templateGrid7","type":"direct","path":"MyFirstModule.Policy_SAV"}' tabindex='0'></div></m:template><m:template widget-id='7_215' name='content'><div data-mendix-id='7_494' data-mendix-type='mxui.widget.DataView' data-mendix-props='"friendlyId":"MyFirstModule.Template_Specific_Data_overview_2_2.templateGrid8","entity":"MyFirstModule.Infrastructure_SAV","schema":"ebaafe0d-4591-4c3c-83cf-7aa2aecb925e","readOnly":true,"datasource":{"friendlyId":"MyFirstModule.Template_Specific_Data_overview_2_2.templateGrid8","type":"direct","path":"MyFirstModule.Infrastructure_SAV"}' tabindex='0'></div></m:template><m:template widget-id='7_340' name='content'><table class='mx-table mx-name-table2'><colgroup><col style='width:20%'></col><col style='width:20%'></col><col style='width:20%'></col><col style='width:19%'></col><col style='width:21%'></col></colgroup><tbody><tr><td><div data-mendix-id='7_341_344' data-mendix-type='mxui.widget.ReactWidgetWrapper' data-mendix-props='"widgetTree":{"widget":"com.mendix.widget.core.Text","widgetId":"7_341_344","props":{"name":"text1","class":"mx-name-text1","style":{},"caption":{"$type":"textTemplate","text":"{1}","friendlyId":"MyFirstModule.Snippet_orches_sav.text1","parameters":{"1":"MyFirstModule.Orch_SAV/Service_Name"}},"renderMode":"span"},"children":[]}'></div></td><td><div data-mendix-id='7_341_346' data-mendix-type='mxui.widget.ReactWidgetWrapper' data-mendix-props='"widgetTree":{"widget":"com.mendix.widget.core.Text","widgetId":"7_341_346","props":{"name":"text2","class":"mx-name-text2","style":{},"caption":{"$type":"textTemplate","text":"{1}","friendlyId":"MyFirstModule.Snippet_orches_sav.text2","parameters":{"1":"MyFirstModule.Orch_SAV/Service_Attribute"}},"renderMode":"span"},"children":[]}'></div></td><td><div data-mendix-id='7_341_348' data-mendix-type='mxui.widget.ReactWidgetWrapper' data-mendix-props='"widgetTree":{"widget":"com.mendix.widget.core.Text","widgetId":"7_341_348","props":{"name":"text6","class":"mx-name-text6","style":{},"caption":{"$type":"textTemplate","text":"{1}","friendlyId":"MyFirstModule.Snippet_orches_sav.text6","parameters":{"1":"MyFirstModule.Orch_SAV/Value_Name"}},"renderMode":"span"},"children":[]}'></div></td><td><div data-mendix-id='7_341_350' data-mendix-type='mxui.widget.ReactWidgetWrapper' data-mendix-props='"widgetTree":{"widget":"com.mendix.widget.core.Text","widgetId":"7_341_350","props":{"name":"text3","class":"mx-name-text3","style":{},"caption":{"$type":"textTemplate","text":"{1}","friendlyId":"MyFirstModule.Snippet_orches_sav.text3","parameters":{"1":"MyFirstModule.Orch_SAV/Value_Point"}},"renderMode":"span"},"children":[]}'></div></td><td><div class='mx-name-container2'><div data-mendix-id='7_341_354' data-mendix-type='mxui.widget.ActionButton' data-mendix-props='"friendlyId":"MyFirstModule.Snippet_orches_sav.actionButton1","caption":{"$type":"textTemplate","text":"","friendlyId":"MyFirstModule.Snippet_orches_sav.actionButton1"},"iconUrl":"img/MyFirstModule$edit_on.png?636468842603385563","title":"Edit Service Attribute Value","renderType":"link","action":{"type":"openPage","hasParameter":true,"params":{"path":"MyFirstModule/Orch_SAV_NewEdit.page.xml","title":"Edit Values for Orchestration Service","location":"modal","resizable":true,"allowedRoles":["Administrator","User"]}}' data-mendix-roles='Administrator,User' class='mx-name-actionButton1 imgCls-small' style='margin-left:-10px;' tabindex='0'></div><div data-mendix-id='7_341_355' data-mendix-type='mxui.widget.ActionButton' data-mendix-props='"friendlyId":"MyFirstModule.Snippet_orches_sav.actionButton4","caption":{"$type":"textTemplate","text":"","friendlyId":"MyFirstModule.Snippet_orches_sav.actionButton4"},"iconUrl":"img/MyFirstModule$delete_on.png?636468842603385563","title":"Delete Service Attribute Value","renderType":"link","action":{"type":"callMicroflow","hasParameter":true,"params":{"name":"MyFirstModule.Microflow_delet_orches_sav","validate":"view","confirmation":{"question":"Are you sure you want to delete this?","proceed":"Delete","cancel":"Cancel"},"applyTo":"selection","allowedRoles":["Administrator","User"]}}' data-mendix-roles='Administrator,User' class='mx-name-actionButton4 imgCls-small' style='margin-left:20px;' tabindex='0'></div></div></td></tr></tbody></table></m:template><m:template widget-id='7_362' name='content'><table class='mx-table mx-name-table1'><colgroup><col style='width:20%'></col><col style='width:20%'></col><col style='width:20%'></col><col style='width:20%'></col><col style='width:20%'></col></colgroup><tbody><tr><td><div data-mendix-id='7_363_366' data-mendix-type='mxui.widget.ReactWidgetWrapper' data-mendix-props='"widgetTree":{"widget":"com.mendix.widget.core.Text","widgetId":"7_363_366","props":{"name":"text1","class":"mx-name-text1","style":{},"caption":{"$type":"textTemplate","text":"{1}","friendlyId":"MyFirstModule.Snippet_Databasesav.text1","parameters":{"1":"MyFirstModule.Data_Based_SAV/Service_Name"}},"renderMode":"span"},"children":[]}'></div></td><td><div data-mendix-id='7_363_368' data-mendix-type='mxui.widget.ReactWidgetWrapper' data-mendix-props='"widgetTree":{"widget":"com.mendix.widget.core.Text","widgetId":"7_363_368","props":{"name":"text2","class":"mx-name-text2","style":{},"caption":{"$type":"textTemplate","text":"{1}","friendlyId":"MyFirstModule.Snippet_Databasesav.text2","parameters":{"1":"MyFirstModule.Data_Based_SAV/Service_Name"}},"renderMode":"span"},"children":[]}'></div></td><td><div data-mendix-id='7_363_370' data-mendix-type='mxui.widget.ReactWidgetWrapper' data-mendix-props='"widgetTree":{"widget":"com.mendix.widget.core.Text","widgetId":"7_363_370","props":{"name":"text3","class":"mx-name-text3","style":{},"caption":{"$type":"textTemplate","text":"{1}","friendlyId":"MyFirstModule.Snippet_Databasesav.text3","parameters":{"1":"MyFirstModule.Data_Based_SAV/Value_Name"}},"renderMode":"span"},"children":[]}'></div></td><td><div data-mendix-id='7_363_372' data-mendix-type='mxui.widget.ReactWidgetWrapper' data-mendix-props='"widgetTree":{"widget":"com.mendix.widget.core.Text","widgetId":"7_363_372","props":{"name":"text4","class":"mx-name-text4","style":{},"caption":{"$type":"textTemplate","text":"{1}","friendlyId":"MyFirstModule.Snippet_Databasesav.text4","parameters":{"1":"MyFirstModule.Data_Based_SAV/Value_Point"}},"renderMode":"span"},"children":[]}'></div></td><td><div class='mx-name-container1'><div data-mendix-id='7_363_376' data-mendix-type='mxui.widget.ActionButton' data-mendix-props='"friendlyId":"MyFirstModule.Snippet_Databasesav.actionButton2","caption":{"$type":"textTemplate","text":"","friendlyId":"MyFirstModule.Snippet_Databasesav.actionButton2"},"iconUrl":"img/MyFirstModule$edit_on.png?636468842603385563","title":"Edit Service Attribute Value","renderType":"link","action":{"type":"openPage","hasParameter":true,"params":{"path":"MyFirstModule/Database_SAV_NewEdit.page.xml","title":"Edit values for Data Based Service","location":"modal","resizable":true,"allowedRoles":["Administrator","User"]}}' data-mendix-roles='Administrator,User' class='mx-name-actionButton2 imgCls-small' style='margin-left:20px;' tabindex='0'></div><div data-mendix-id='7_363_377' data-mendix-type='mxui.widget.ActionButton' data-mendix-props='"friendlyId":"MyFirstModule.Snippet_Databasesav.actionButton3","caption":{"$type":"textTemplate","text":"","friendlyId":"MyFirstModule.Snippet_Databasesav.actionButton3"},"iconUrl":"img/MyFirstModule$delete_on.png?636468842603385563","title":"Delete Service Attribute Value","renderType":"link","action":{"type":"callMicroflow","hasParameter":true,"params":{"name":"MyFirstModule.Microflow_delete_database_sav","validate":"view","confirmation":{"question":"Are you sure you want to delete this?","proceed":"Delete","cancel":"Cancel"},"applyTo":"selection","allowedRoles":["Administrator","User"]}}' data-mendix-roles='Administrator,User' class='mx-name-actionButton3 imgCls-small' style='margin-left:20px;' tabindex='0'></div></div></td></tr></tbody></table></m:template><m:template widget-id='7_384' name='content'><table class='mx-table mx-name-table1'><colgroup><col style='width:20%'></col><col style='width:20%'></col><col style='width:20%'></col><col style='width:20%'></col><col style='width:20%'></col></colgroup><tbody><tr><td><div data-mendix-id='7_385_388' data-mendix-type='mxui.widget.ReactWidgetWrapper' data-mendix-props='"widgetTree":{"widget":"com.mendix.widget.core.Text","widgetId":"7_385_388","props":{"name":"text1","class":"mx-name-text1","style":{},"caption":{"$type":"textTemplate","text":"{1}","friendlyId":"MyFirstModule.Snippet_paternpractice_sav.text1","parameters":{"1":"MyFirstModule.Patterns_Practices_SAV/Service_Name"}},"renderMode":"span"},"children":[]}'></div></td><td><div data-mendix-id='7_385_390' data-mendix-type='mxui.widget.ReactWidgetWrapper' data-mendix-props='"widgetTree":{"widget":"com.mendix.widget.core.Text","widgetId":"7_385_390","props":{"name":"text2","class":"mx-name-text2","style":{},"caption":{"$type":"textTemplate","text":"{1}","friendlyId":"MyFirstModule.Snippet_paternpractice_sav.text2","parameters":{"1":"MyFirstModule.Patterns_Practices_SAV/Service_Attribute"}},"renderMode":"span"},"children":[]}'></div></td><td><div data-mendix-id='7_385_392' data-mendix-type='mxui.widget.ReactWidgetWrapper' data-mendix-props='"widgetTree":{"widget":"com.mendix.widget.core.Text","widgetId":"7_385_392","props":{"name":"text3","class":"mx-name-text3","style":{},"caption":{"$type":"textTemplate","text":"{1}","friendlyId":"MyFirstModule.Snippet_paternpractice_sav.text3","parameters":{"1":"MyFirstModule.Patterns_Practices_SAV/Value_Name"}},"renderMode":"span"},"children":[]}'></div></td><td><div data-mendix-id='7_385_394' data-mendix-type='mxui.widget.ReactWidgetWrapper' data-mendix-props='"widgetTree":{"widget":"com.mendix.widget.core.Text","widgetId":"7_385_394","props":{"name":"text4","class":"mx-name-text4","style":{},"caption":{"$type":"textTemplate","text":"{1}","friendlyId":"MyFirstModule.Snippet_paternpractice_sav.text4","parameters":{"1":"MyFirstModule.Patterns_Practices_SAV/Value_Point"}},"renderMode":"span"},"children":[]}'></div></td><td><div class='mx-name-container1'><div data-mendix-id='7_385_398' data-mendix-type='mxui.widget.ActionButton' data-mendix-props='"friendlyId":"MyFirstModule.Snippet_paternpractice_sav.actionButton2","caption":{"$type":"textTemplate","text":"","friendlyId":"MyFirstModule.Snippet_paternpractice_sav.actionButton2"},"iconUrl":"img/MyFirstModule$edit_on.png?636468842603385563","title":"Edit Service Attribute Value","renderType":"link","action":{"type":"openPage","hasParameter":true,"params":{"path":"MyFirstModule/Patterns_Practices_SAV_NewEdit.page.xml","title":"Edit values for Patterns &amp; Practices","location":"modal","resizable":true,"allowedRoles":["Administrator","User"]}}' data-mendix-roles='Administrator,User' class='mx-name-actionButton2 imgCls-small' style='margin-left:20px;' tabindex='0'></div><div data-mendix-id='7_385_399' data-mendix-type='mxui.widget.ActionButton' data-mendix-props='"friendlyId":"MyFirstModule.Snippet_paternpractice_sav.actionButton3","caption":{"$type":"textTemplate","text":"","friendlyId":"MyFirstModule.Snippet_paternpractice_sav.actionButton3"},"iconUrl":"img/MyFirstModule$delete_on.png?636468842603385563","title":"Delete Service Attribute Value","renderType":"link","action":{"type":"callMicroflow","hasParameter":true,"params":{"name":"MyFirstModule.Microflow_delete_pattern_sav","validate":"view","confirmation":{"question":"Are you sure you want to delete this?","proceed":"Delete","cancel":"Cancel"},"applyTo":"selection","allowedRoles":["Administrator","User"]}}' data-mendix-roles='Administrator,User' class='mx-name-actionButton3 imgCls-small' style='margin-left:20px;' tabindex='0'></div></div></td></tr></tbody></table></m:template><m:template widget-id='7_406' name='content'><table class='mx-table mx-name-table2'><colgroup><col style='width:20%'></col><col style='width:20%'></col><col style='width:20%'></col><col style='width:20%'></col><col style='width:20%'></col></colgroup><tbody><tr><td><div data-mendix-id='7_407_410' data-mendix-type='mxui.widget.ReactWidgetWrapper' data-mendix-props='"widgetTree":{"widget":"com.mendix.widget.core.Text","widgetId":"7_407_410","props":{"name":"text1","class":"mx-name-text1","style":{},"caption":{"$type":"textTemplate","text":"{1}","friendlyId":"MyFirstModule.Snippet_commoneffort_sav.text1","parameters":{"1":"MyFirstModule.Common_Effort_SAV/Service_Name"}},"renderMode":"span"},"children":[]}'></div></td><td><div data-mendix-id='7_407_412' data-mendix-type='mxui.widget.ReactWidgetWrapper' data-mendix-props='"widgetTree":{"widget":"com.mendix.widget.core.Text","widgetId":"7_407_412","props":{"name":"text2","class":"mx-name-text2","style":{},"caption":{"$type":"textTemplate","text":"{1}","friendlyId":"MyFirstModule.Snippet_commoneffort_sav.text2","parameters":{"1":"MyFirstModule.Common_Effort_SAV/Service_Attribute"}},"renderMode":"span"},"children":[]}'></div></td><td><div data-mendix-id='7_407_414' data-mendix-type='mxui.widget.ReactWidgetWrapper' data-mendix-props='"widgetTree":{"widget":"com.mendix.widget.core.Text","widgetId":"7_407_414","props":{"name":"text6","class":"mx-name-text6","style":{},"caption":{"$type":"textTemplate","text":"{1}","friendlyId":"MyFirstModule.Snippet_commoneffort_sav.text6","parameters":{"1":"MyFirstModule.Common_Effort_SAV/Value_Name"}},"renderMode":"span"},"children":[]}'></div></td><td><div data-mendix-id='7_407_416' data-mendix-type='mxui.widget.ReactWidgetWrapper' data-mendix-props='"widgetTree":{"widget":"com.mendix.widget.core.Text","widgetId":"7_407_416","props":{"name":"text3","class":"mx-name-text3","style":{},"caption":{"$type":"textTemplate","text":"{1}","friendlyId":"MyFirstModule.Snippet_commoneffort_sav.text3","parameters":{"1":"MyFirstModule.Common_Effort_SAV/Value_Point"}},"renderMode":"span"},"children":[]}'></div></td><td><div class='mx-name-container1 imgCls-small'><div data-mendix-id='7_407_420' data-mendix-type='mxui.widget.ActionButton' data-mendix-props='"friendlyId":"MyFirstModule.Snippet_commoneffort_sav.actionButton1","caption":{"$type":"textTemplate","text":"","friendlyId":"MyFirstModule.Snippet_commoneffort_sav.actionButton1"},"iconUrl":"img/MyFirstModule$edit_on.png?636468842603385563","title":"Edit Service Attribute Value","renderType":"link","action":{"type":"openPage","hasParameter":true,"params":{"path":"MyFirstModule/Common_Effort_SAV_NewEdit.page.xml","title":"Edit values for Common Effort","location":"modal","resizable":true,"allowedRoles":["Administrator","User"]}}' data-mendix-roles='Administrator,User' class='mx-name-actionButton1 imgCls-small' style='margin-left:20px;' tabindex='0'></div><div data-mendix-id='7_407_421' data-mendix-type='mxui.widget.ActionButton' data-mendix-props='"friendlyId":"MyFirstModule.Snippet_commoneffort_sav.actionButton2","caption":{"$type":"textTemplate","text":"","friendlyId":"MyFirstModule.Snippet_commoneffort_sav.actionButton2"},"iconUrl":"img/MyFirstModule$delete_on.png?636468842603385563","title":"Delete Service Attribute Value","renderType":"link","action":{"type":"callMicroflow","hasParameter":true,"params":{"name":"MyFirstModule.Microflow_delete_common_sav","validate":"view","confirmation":{"question":"Are you sure you want to delete this?","proceed":"Delete","cancel":"Cancel"},"applyTo":"selection","allowedRoles":["Administrator","User"]}}' data-mendix-roles='Administrator,User' class='mx-name-actionButton2 imgCls-small' style='margin-left:20px;' tabindex='0'></div></div></td></tr></tbody></table></m:template><m:template widget-id='7_428' name='content'><table class='mx-table mx-name-table2'><colgroup><col style='width:20%'></col><col style='width:20%'></col><col style='width:20%'></col><col style='width:20%'></col><col style='width:20%'></col></colgroup><tbody><tr><td><div data-mendix-id='7_429_432' data-mendix-type='mxui.widget.ReactWidgetWrapper' data-mendix-props='"widgetTree":{"widget":"com.mendix.widget.core.Text","widgetId":"7_429_432","props":{"name":"text1","class":"mx-name-text1","style":{},"caption":{"$type":"textTemplate","text":"{1}","friendlyId":"MyFirstModule.Snippet_techstack_sav.text1","parameters":{"1":"MyFirstModule.Tech_Stack_SAV/Service_Name"}},"renderMode":"span"},"children":[]}'></div></td><td><div data-mendix-id='7_429_434' data-mendix-type='mxui.widget.ReactWidgetWrapper' data-mendix-props='"widgetTree":{"widget":"com.mendix.widget.core.Text","widgetId":"7_429_434","props":{"name":"text2","class":"mx-name-text2","style":{},"caption":{"$type":"textTemplate","text":"{1}","friendlyId":"MyFirstModule.Snippet_techstack_sav.text2","parameters":{"1":"MyFirstModule.Tech_Stack_SAV/Service_Attribute"}},"renderMode":"span"},"children":[]}'></div></td><td><div data-mendix-id='7_429_436' data-mendix-type='mxui.widget.ReactWidgetWrapper' data-mendix-props='"widgetTree":{"widget":"com.mendix.widget.core.Text","widgetId":"7_429_436","props":{"name":"text6","class":"mx-name-text6","style":{},"caption":{"$type":"textTemplate","text":"{1}","friendlyId":"MyFirstModule.Snippet_techstack_sav.text6","parameters":{"1":"MyFirstModule.Tech_Stack_SAV/Value_Name"}},"renderMode":"span"},"children":[]}'></div></td><td><div data-mendix-id='7_429_438' data-mendix-type='mxui.widget.ReactWidgetWrapper' data-mendix-props='"widgetTree":{"widget":"com.mendix.widget.core.Text","widgetId":"7_429_438","props":{"name":"text3","class":"mx-name-text3","style":{},"caption":{"$type":"textTemplate","text":"{1}","friendlyId":"MyFirstModule.Snippet_techstack_sav.text3","parameters":{"1":"MyFirstModule.Tech_Stack_SAV/Value_Point"}},"renderMode":"span"},"children":[]}'></div></td><td><div class='mx-name-container1'><div data-mendix-id='7_429_442' data-mendix-type='mxui.widget.ActionButton' data-mendix-props='"friendlyId":"MyFirstModule.Snippet_techstack_sav.actionButton1","caption":{"$type":"textTemplate","text":"","friendlyId":"MyFirstModule.Snippet_techstack_sav.actionButton1"},"iconUrl":"img/MyFirstModule$edit_on.png?636468842603385563","title":"Edit Service Attribute Value","renderType":"link","action":{"type":"openPage","hasParameter":true,"params":{"path":"MyFirstModule/Tech_Stack_SAV_NewEdit.page.xml","title":"Edit values for Tech Stack","location":"modal","resizable":true,"allowedRoles":["Administrator","User"]}}' data-mendix-roles='Administrator,User' class='mx-name-actionButton1 imgCls-small' style='margin-left:20px;' tabindex='0'></div><div data-mendix-id='7_429_443' data-mendix-type='mxui.widget.ActionButton' data-mendix-props='"friendlyId":"MyFirstModule.Snippet_techstack_sav.actionButton2","caption":{"$type":"textTemplate","text":"","friendlyId":"MyFirstModule.Snippet_techstack_sav.actionButton2"},"iconUrl":"img/MyFirstModule$delete_on.png?636468842603385563","title":"Delete Service Attribute Value","renderType":"link","action":{"type":"callMicroflow","hasParameter":true,"params":{"name":"MyFirstModule.Microflow_delete_sav_teckstack","validate":"view","confirmation":{"question":"Are you sure you want to delete this?","proceed":"Delete","cancel":"Cancel"},"applyTo":"selection","allowedRoles":["Administrator","User"]}}' data-mendix-roles='Administrator,User' class='mx-name-actionButton2 imgCls-small' style='margin-left:20px;' tabindex='0'></div></div></td></tr></tbody></table></m:template><m:template widget-id='7_450' name='content'><table class='mx-table mx-name-table2'><colgroup><col style='width:20%'></col><col style='width:20%'></col><col style='width:20%'></col><col style='width:20%'></col><col style='width:20%'></col></colgroup><tbody><tr><td><div data-mendix-id='7_451_454' data-mendix-type='mxui.widget.ReactWidgetWrapper' data-mendix-props='"widgetTree":{"widget":"com.mendix.widget.core.Text","widgetId":"7_451_454","props":{"name":"text1","class":"mx-name-text1","style":{},"caption":{"$type":"textTemplate","text":"{1}","friendlyId":"MyFirstModule.Snippet_development_sav.text1","parameters":{"1":"MyFirstModule.Dev_process_SAV/Service_Name"}},"renderMode":"span"},"children":[]}'></div></td><td><div data-mendix-id='7_451_456' data-mendix-type='mxui.widget.ReactWidgetWrapper' data-mendix-props='"widgetTree":{"widget":"com.mendix.widget.core.Text","widgetId":"7_451_456","props":{"name":"text2","class":"mx-name-text2","style":{},"caption":{"$type":"textTemplate","text":"{1}","friendlyId":"MyFirstModule.Snippet_development_sav.text2","parameters":{"1":"MyFirstModule.Dev_process_SAV/Service_Attribute"}},"renderMode":"span"},"children":[]}'></div></td><td><div data-mendix-id='7_451_458' data-mendix-type='mxui.widget.ReactWidgetWrapper' data-mendix-props='"widgetTree":{"widget":"com.mendix.widget.core.Text","widgetId":"7_451_458","props":{"name":"text6","class":"mx-name-text6","style":{},"caption":{"$type":"textTemplate","text":"{1}","friendlyId":"MyFirstModule.Snippet_development_sav.text6","parameters":{"1":"MyFirstModule.Dev_process_SAV/Value_Name"}},"renderMode":"span"},"children":[]}'></div></td><td><div data-mendix-id='7_451_460' data-mendix-type='mxui.widget.ReactWidgetWrapper' data-mendix-props='"widgetTree":{"widget":"com.mendix.widget.core.Text","widgetId":"7_451_460","props":{"name":"text3","class":"mx-name-text3","style":{},"caption":{"$type":"textTemplate","text":"{1}","friendlyId":"MyFirstModule.Snippet_development_sav.text3","parameters":{"1":"MyFirstModule.Dev_process_SAV/Value_Point"}},"renderMode":"span"},"children":[]}'></div></td><td><div class='mx-name-container1'><div data-mendix-id='7_451_464' data-mendix-type='mxui.widget.ActionButton' data-mendix-props='"friendlyId":"MyFirstModule.Snippet_development_sav.actionButton1","caption":{"$type":"textTemplate","text":"","friendlyId":"MyFirstModule.Snippet_development_sav.actionButton1"},"iconUrl":"img/MyFirstModule$edit_on.png?636468842603385563","title":"Edit Service Attribute Value","renderType":"link","action":{"type":"openPage","hasParameter":true,"params":{"path":"MyFirstModule/Dev_process_SAV_NewEdit.page.xml","title":"Edit values for development Process","location":"modal","resizable":true,"allowedRoles":["Administrator","User"]}}' data-mendix-roles='Administrator,User' class='mx-name-actionButton1 imgCls-small' style='margin-left:20px;' tabindex='0'></div><div data-mendix-id='7_451_465' data-mendix-type='mxui.widget.ActionButton' data-mendix-props='"friendlyId":"MyFirstModule.Snippet_development_sav.actionButton2","caption":{"$type":"textTemplate","text":"","friendlyId":"MyFirstModule.Snippet_development_sav.actionButton2"},"iconUrl":"img/MyFirstModule$delete_on.png?636468842603385563","title":"Delete Service Attribute Value","renderType":"link","action":{"type":"callMicroflow","hasParameter":true,"params":{"name":"MyFirstModule.Microflow_delete_deve_process_sav","validate":"view","confirmation":{"question":"Are you sure you want to delete this?","proceed":"Delete","cancel":"Cancel"},"applyTo":"selection","allowedRoles":["Administrator","User"]}}' data-mendix-roles='Administrator,User' class='mx-name-actionButton2 imgCls-small' style='margin-left:20px;' tabindex='0'></div></div></td></tr></tbody></table></m:template><m:template widget-id='7_472' name='content'><table class='mx-table mx-name-table2'><colgroup><col style='width:20%'></col><col style='width:20%'></col><col style='width:20%'></col><col style='width:20%'></col><col style='width:20%'></col></colgroup><tbody><tr><td><div data-mendix-id='7_473_476' data-mendix-type='mxui.widget.ReactWidgetWrapper' data-mendix-props='"widgetTree":{"widget":"com.mendix.widget.core.Text","widgetId":"7_473_476","props":{"name":"text1","class":"mx-name-text1","style":{},"caption":{"$type":"textTemplate","text":"{1}","friendlyId":"MyFirstModule.Snippet_policy_sav.text1","parameters":{"1":"MyFirstModule.Policy_SAV/Service_Name"}},"renderMode":"span"},"children":[]}'></div></td><td><div data-mendix-id='7_473_478' data-mendix-type='mxui.widget.ReactWidgetWrapper' data-mendix-props='"widgetTree":{"widget":"com.mendix.widget.core.Text","widgetId":"7_473_478","props":{"name":"text2","class":"mx-name-text2","style":{},"caption":{"$type":"textTemplate","text":"{1}","friendlyId":"MyFirstModule.Snippet_policy_sav.text2","parameters":{"1":"MyFirstModule.Policy_SAV/Service_Attribute"}},"renderMode":"span"},"children":[]}'></div></td><td><div data-mendix-id='7_473_480' data-mendix-type='mxui.widget.ReactWidgetWrapper' data-mendix-props='"widgetTree":{"widget":"com.mendix.widget.core.Text","widgetId":"7_473_480","props":{"name":"text6","class":"mx-name-text6","style":{},"caption":{"$type":"textTemplate","text":"{1}","friendlyId":"MyFirstModule.Snippet_policy_sav.text6","parameters":{"1":"MyFirstModule.Policy_SAV/Value_Name"}},"renderMode":"span"},"children":[]}'></div></td><td><div data-mendix-id='7_473_482' data-mendix-type='mxui.widget.ReactWidgetWrapper' data-mendix-props='"widgetTree":{"widget":"com.mendix.widget.core.Text","widgetId":"7_473_482","props":{"name":"text3","class":"mx-name-text3","style":{},"caption":{"$type":"textTemplate","text":"{1}","friendlyId":"MyFirstModule.Snippet_policy_sav.text3","parameters":{"1":"MyFirstModule.Policy_SAV/Value_Point"}},"renderMode":"span"},"children":[]}'></div></td><td><div class='mx-name-container1'><div data-mendix-id='7_473_486' data-mendix-type='mxui.widget.ActionButton' data-mendix-props='"friendlyId":"MyFirstModule.Snippet_policy_sav.actionButton1","caption":{"$type":"textTemplate","text":"","friendlyId":"MyFirstModule.Snippet_policy_sav.actionButton1"},"iconUrl":"img/MyFirstModule$edit_on.png?636468842603385563","title":"Edit Service Attribute Value","renderType":"link","action":{"type":"openPage","hasParameter":true,"params":{"path":"MyFirstModule/Policy_SAV_NewEdit.page.xml","title":"Edit values for Policy","location":"modal","resizable":true,"allowedRoles":["Administrator","User"]}}' data-mendix-roles='Administrator,User' class='mx-name-actionButton1 imgCls-small' style='margin-left:20px;' tabindex='0'></div><div data-mendix-id='7_473_487' data-mendix-type='mxui.widget.ActionButton' data-mendix-props='"friendlyId":"MyFirstModule.Snippet_policy_sav.actionButton2","caption":{"$type":"textTemplate","text":"","friendlyId":"MyFirstModule.Snippet_policy_sav.actionButton2"},"iconUrl":"img/MyFirstModule$delete_on.png?636468842603385563","title":"Delete Service Attribute Value","renderType":"link","action":{"type":"callMicroflow","hasParameter":true,"params":{"name":"MyFirstModule.Microflow_delete_policy_sav","validate":"view","confirmation":{"question":"Are you sure you want to delete this?","proceed":"Delete","cancel":"Cancel"},"applyTo":"selection","allowedRoles":["Administrator","User"]}}' data-mendix-roles='Administrator,User' class='mx-name-actionButton2 imgCls-small' style='margin-left:20px;' tabindex='0'></div></div></td></tr></tbody></table></m:template><m:template widget-id='7_494' name='content'><table class='mx-table mx-name-table2'><colgroup><col style='width:20%'></col><col style='width:20%'></col><col style='width:20%'></col><col style='width:22%'></col><col style='width:18%'></col></colgroup><tbody><tr><td><div data-mendix-id='7_495_498' data-mendix-type='mxui.widget.ReactWidgetWrapper' data-mendix-props='"widgetTree":{"widget":"com.mendix.widget.core.Text","widgetId":"7_495_498","props":{"name":"text1","class":"mx-name-text1","style":{},"caption":{"$type":"textTemplate","text":"{1}","friendlyId":"MyFirstModule.Snippet_Infrastructure_sav.text1","parameters":{"1":"MyFirstModule.Infrastructure_SAV/Service_Name"}},"renderMode":"span"},"children":[]}'></div></td><td><div data-mendix-id='7_495_500' data-mendix-type='mxui.widget.ReactWidgetWrapper' data-mendix-props='"widgetTree":{"widget":"com.mendix.widget.core.Text","widgetId":"7_495_500","props":{"name":"text2","class":"mx-name-text2","style":{},"caption":{"$type":"textTemplate","text":"{1}","friendlyId":"MyFirstModule.Snippet_Infrastructure_sav.text2","parameters":{"1":"MyFirstModule.Infrastructure_SAV/Service_Attribute"}},"renderMode":"span"},"children":[]}'></div></td><td><div data-mendix-id='7_495_502' data-mendix-type='mxui.widget.ReactWidgetWrapper' data-mendix-props='"widgetTree":{"widget":"com.mendix.widget.core.Text","widgetId":"7_495_502","props":{"name":"text6","class":"mx-name-text6","style":{},"caption":{"$type":"textTemplate","text":"{1}","friendlyId":"MyFirstModule.Snippet_Infrastructure_sav.text6","parameters":{"1":"MyFirstModule.Infrastructure_SAV/Value_Name"}},"renderMode":"span"},"children":[]}'></div></td><td><div data-mendix-id='7_495_504' data-mendix-type='mxui.widget.ReactWidgetWrapper' data-mendix-props='"widgetTree":{"widget":"com.mendix.widget.core.Text","widgetId":"7_495_504","props":{"name":"text3","class":"mx-name-text3","style":{},"caption":{"$type":"textTemplate","text":"{1}","friendlyId":"MyFirstModule.Snippet_Infrastructure_sav.text3","parameters":{"1":"MyFirstModule.Infrastructure_SAV/Value_Point"}},"renderMode":"span"},"children":[]}'></div></td><td><div class='mx-name-container2'><div data-mendix-id='7_495_508' data-mendix-type='mxui.widget.ActionButton' data-mendix-props='"friendlyId":"MyFirstModule.Snippet_Infrastructure_sav.actionButton1","caption":{"$type":"textTemplate","text":"","friendlyId":"MyFirstModule.Snippet_Infrastructure_sav.actionButton1"},"iconUrl":"img/MyFirstModule$edit_on.png?636468842603385563","title":"Edit Service Attribute Value","renderType":"link","action":{"type":"openPage","hasParameter":true,"params":{"path":"MyFirstModule/Infrastructure_SAV_NewEdit.page.xml","title":"Edit values for Policy","location":"modal","resizable":true,"allowedRoles":["Administrator","User"]}}' data-mendix-roles='Administrator,User' class='mx-name-actionButton1 imgCls-small' style='margin-left:20px;' tabindex='0'></div><div data-mendix-id='7_495_509' data-mendix-type='mxui.widget.ActionButton' data-mendix-props='"friendlyId":"MyFirstModule.Snippet_Infrastructure_sav.actionButton2","caption":{"$type":"textTemplate","text":"","friendlyId":"MyFirstModule.Snippet_Infrastructure_sav.actionButton2"},"iconUrl":"img/MyFirstModule$delete_on.png?636468842603385563","title":"Delete Service Attribute Value","renderType":"link","action":{"type":"callMicroflow","hasParameter":true,"params":{"name":"MyFirstModule.Microflow_delete_infrastructure_sav","validate":"view","confirmation":{"question":"Are you sure you want to delete this?","proceed":"Delete","cancel":"Cancel"},"applyTo":"selection","allowedRoles":["Administrator","User"]}}' data-mendix-roles='Administrator,User' class='mx-name-actionButton2 imgCls-small' style='margin-left:20px;' tabindex='0'></div></div></td></tr></tbody></table></m:template></m:templates></m:page>