﻿<?xml version='1.0' encoding='utf-8'?><m:page id='533518d1-7d47-4f09-b7f6-bc5fc8f9cc35' xmlns='http://www.w3.org/1999/xhtml' title='Select an enumeration value' xmlns:m='http://schemas.mendix.com/forms/1.0'><m:layouts><m:layout path='MxModelReflection/ModelReflectionPopup.layout.xml'></m:layout><m:layout path='MxModelReflection/PopupLayout.layout.xml'></m:layout></m:layouts><m:arguments><m:argument parameterName='c14cdd50-4425-4547-b1d9-ca29fae66694'><div data-mendix-id='71_1' data-mendix-type='mxui.widget.DataGrid' data-mendix-props='"friendlyId":"MxModelReflection.EnumValue_Select.grid1","entity":"MxModelReflection.MxObjectEnumValue","schema":"5c60cf19-63d5-4af5-9463-68063229be8f","config":{"locale":"fr_BE","gridType":"Standalone","gridpresentation":{"rows":20,"columns":1,"controlbar":true,"pagingbar":true,"sortparams":[["Name","asc"]],"searchbar":false,"waitforsearch":false,"selectionmode":"single","editable":false,"sortable":true,"refresh":0,"selectfirst":false,"showemptyrows":false},"datasource":{"friendlyId":"MxModelReflection.EnumValue_Select.grid1","type":"xpath","path":"MxModelReflection.MxObjectEnumValue"},"controlBar":{"gridTools":[{"mxid":"71_0","friendlyId":"MxModelReflection.EnumValue_Select.selectButton1","name":"selectButton1","caption":{"$type":"textTemplate","text":"Select","friendlyId":"MxModelReflection.EnumValue_Select.selectButton1"},"title":"","iconUrl":"img/System$Select.png?636468842603385563","cssClass":"btn-default"}],"gridActions":[{"keyValue":"71_0","gridFunction":"ReturnSelection"}]},"defaultButton":{"clickType":"double","mxid":"71_0"},"griddata":[{"tag":"Name","name":"column1","editable":false,"render":"String","display":{"width":"20%","string":"Name"}},{"tag":"MxModelReflection.Captions/MxModelReflection.MxObjectEnumCaptions/Caption","name":"column2","editable":false,"render":"String","display":{"width":"40%","string":"Captions"}},{"tag":"MxModelReflection.Captions/MxModelReflection.MxObjectEnumCaptions/LanguageCode","name":"column3","editable":false,"render":"String","display":{"width":"40%","string":"Languages"}}],"plugins":{}}' class='mx-datagrid mx-name-grid1' tabindex='0'></div></m:argument></m:arguments></m:page>