﻿<?xml version='1.0' encoding='utf-8'?><m:page id='4d22c268-c24c-4ce2-aca4-dd4afd2644c3' xmlns='http://www.w3.org/1999/xhtml' title='View enum member' closeButton='62_0' xmlns:m='http://schemas.mendix.com/forms/1.0'><m:layouts><m:layout path='MxModelReflection/ModelReflectionPopup.layout.xml'></m:layout><m:layout path='MxModelReflection/PopupLayout.layout.xml'></m:layout></m:layouts><m:arguments><m:argument parameterName='c14cdd50-4425-4547-b1d9-ca29fae66694'><div data-mendix-id='62_1' data-mendix-type='mxui.widget.DataView' data-mendix-props='"friendlyId":"MxModelReflection.MemberEnum_View.dataView1","entity":"MxModelReflection.MxObjectEnum","schema":"0cae98af-d088-45bb-8a6c-7de07f7b5bbc","readOnly":true,"datasource":{"friendlyId":"MxModelReflection.MemberEnum_View.dataView1","type":"direct","path":"MxModelReflection.MxObjectEnum"}' class='mx-name-dataView1' tabindex='0'></div></m:argument></m:arguments><m:templates><m:template widget-id='62_1' name='content'><table class='mx-table mx-name-table1'><colgroup><col style='width:22%'></col><col style='width:78%'></col></colgroup><tbody><tr><th><label class='mx-name-label1' data-mendix-id='62_2_5'>Name</label></th><td><div data-mendix-id='62_2_7' data-mendix-type='mxui.widget.TextInput' data-mendix-props='"friendlyId":"MxModelReflection.MemberEnum.textBox1","insideFormGroup":false,"attributePath":"MxModelReflection.MxObjectEnum/AttributeName","readOnlyStyle":"text","validation":null,"placeholder":"","maxLength":200' class='mx-name-textBox1' tabindex='0'></div></td></tr><tr><th><label class='mx-name-label2' data-mendix-id='62_2_9'>Type</label></th><td class='nopadding '><table class='mx-table mx-name-table2'><colgroup><col style='width:32%'></col><col style='width:2%'></col><col style='width:32%'></col><col style='width:2%'></col><col style='width:32%'></col></colgroup><tbody><tr><td><div data-mendix-id='62_2_13' data-mendix-type='mxui.widget.EnumSelect' data-mendix-props='"friendlyId":"MxModelReflection.MemberEnum.dropDown","insideFormGroup":false,"attributePath":"MxModelReflection.MxObjectEnum/AttributeTypeEnum","readOnlyStyle":"text","validation":null,"emptyOptionCaption":""' class='mx-name-dropDown' tabindex='0'></div></td><td><label class='mx-name-label4' data-mendix-id='62_2_15'>/</label></td><td><div data-mendix-id='62_2_17' data-mendix-type='mxui.widget.ReferenceSelector' data-mendix-props='"friendlyId":"MxModelReflection.MemberEnum.referenceSelector1","insideFormGroup":false,"attributePath":"MxModelReflection.MxObjectEnum/MxModelReflection.MxObjectMember_Type/MxModelReflection.ValueType/Name","readOnlyStyle":"text","attributePath":"MxModelReflection.MxObjectEnum/MxModelReflection.MxObjectMember_Type/MxModelReflection.ValueType/Name","datasource":{"friendlyId":"MxModelReflection.MemberEnum.referenceSelector1","type":"xpath","path":"MxModelReflection.ValueType","constrainedBy":[],"sort":[["Name","asc"]]},"validation":null,"emptyOptionCaption":""' class='mx-name-referenceSelector1' tabindex='0'></div></td><td><label class='mx-name-label3' data-mendix-id='62_2_19'>/</label></td><td><div data-mendix-id='62_2_21' data-mendix-type='mxui.widget.ReferenceSelector' data-mendix-props='"friendlyId":"MxModelReflection.MemberEnum.referenceSelector2","insideFormGroup":false,"attributePath":"MxModelReflection.MxObjectEnum/MxModelReflection.MxObjectMember_Type/MxModelReflection.ValueType/TypeEnum","readOnlyStyle":"text","attributePath":"MxModelReflection.MxObjectEnum/MxModelReflection.MxObjectMember_Type/MxModelReflection.ValueType/TypeEnum","datasource":{"friendlyId":"MxModelReflection.MemberEnum.referenceSelector2","type":"xpath","path":"MxModelReflection.ValueType","constrainedBy":[],"sort":[["TypeEnum","asc"]]},"validation":null,"emptyOptionCaption":""' class='mx-name-referenceSelector2' tabindex='0'></div></td></tr></tbody></table></td></tr><tr><td colspan='2'><div data-mendix-id='62_2_29' data-mendix-type='mxui.widget.DataGrid' data-mendix-props='"friendlyId":"MxModelReflection.MemberEnum.grid1","entity":"MxModelReflection.MxObjectEnumValue","schema":"182d7ddd-982b-4d9a-b964-20bcf0a70eea","config":{"locale":"fr_BE","gridType":"Standalone","gridpresentation":{"rows":20,"columns":1,"controlbar":false,"pagingbar":true,"sortparams":[["Name","asc"]],"searchbar":false,"waitforsearch":false,"selectionmode":"single","editable":false,"sortable":true,"refresh":0,"selectfirst":false,"showemptyrows":false},"datasource":{"friendlyId":"MxModelReflection.MemberEnum.grid1","type":"xpath","path":"MxModelReflection.MxObjectEnumValue","constraint":"[MxModelReflection.Values=&apos;[%CurrentObject%]&apos;]"},"controlBar":{"gridTools":[],"gridActions":[]},"griddata":[{"tag":"Name","name":"column1","editable":false,"render":"String","display":{"width":"20%","string":"Name"}},{"tag":"MxModelReflection.Captions/MxModelReflection.MxObjectEnumCaptions/Caption","name":"column2","editable":false,"render":"String","display":{"width":"40%","string":"Captions"}},{"tag":"MxModelReflection.Captions/MxModelReflection.MxObjectEnumCaptions/LanguageCode","name":"column3","editable":false,"render":"String","display":{"width":"40%","string":"Languages"}}],"plugins":{}}' class='mx-datagrid mx-name-grid1' tabindex='0'></div></td></tr></tbody></table></m:template><m:template widget-id='62_1' name='footer'><div data-mendix-id='62_0' data-mendix-type='mxui.widget.ActionButton' data-mendix-props='"friendlyId":"MxModelReflection.MemberEnum_View.closeButton1","caption":{"$type":"textTemplate","text":"Close","friendlyId":"MxModelReflection.MemberEnum_View.closeButton1"},"iconUrl":"img/MxModelReflection$Close.png?636468842603385563","renderType":"button","action":{"type":"closePage","hasParameter":false,"params":{}}' class='mx-name-closeButton1 btn-default' tabindex='0'></div></m:template></m:templates></m:page>