﻿<?xml version='1.0' encoding='utf-8'?><m:page id='fa4d38f1-6430-442e-9780-1749b7947585' xmlns='http://www.w3.org/1999/xhtml' title='Select a microflow' xmlns:m='http://schemas.mendix.com/forms/1.0'><m:layouts><m:layout path='MxModelReflection/ModelReflectionPopup.layout.xml'></m:layout><m:layout path='MxModelReflection/PopupLayout.layout.xml'></m:layout></m:layouts><m:arguments><m:argument parameterName='c14cdd50-4425-4547-b1d9-ca29fae66694'><div data-mendix-id='72_1' data-mendix-type='mxui.widget.DataGrid' data-mendix-props='"friendlyId":"MxModelReflection.Microflow_Select.grid2","entity":"MxModelReflection.Microflows","schema":"4666e9f9-e86b-4ad7-ae4a-fd89a8f48427","config":{"locale":"fr_BE","gridType":"Standalone","gridpresentation":{"rows":20,"columns":1,"controlbar":true,"pagingbar":true,"sortparams":[["Module","asc"],["Name","asc"]],"searchbar":true,"waitforsearch":false,"selectionmode":"single","editable":false,"sortable":true,"refresh":0,"selectfirst":false,"showemptyrows":false},"datasource":{"friendlyId":"MxModelReflection.Microflow_Select.grid2","type":"xpath","path":"MxModelReflection.Microflows"},"searchOptions":{"searchBar":true,"toggleable":false,"toggledByDefault":false},"searchElements":[{"searchInputName":"searchField1","defaults":null,"defaultsParser":"Simple","caption":"Module","path":"Module","operator":"contains"},{"searchInputName":"searchField2","defaults":null,"defaultsParser":"Simple","caption":"Name","path":"Name","operator":"contains"}],"controlBar":{"gridTools":[{"mxid":"72_0","friendlyId":"MxModelReflection.Microflow_Select.selectButton1","name":"selectButton1","caption":{"$type":"textTemplate","text":"Select","friendlyId":"MxModelReflection.Microflow_Select.selectButton1"},"title":"","iconUrl":"img/System$Select.png?636468842603385563","cssClass":"btn-default"}],"gridActions":[{"keyValue":"72_0","gridFunction":"ReturnSelection"}]},"defaultButton":{"clickType":"double","mxid":"72_0"},"griddata":[{"tag":"Module","name":"column1","editable":false,"render":"String","display":{"width":"12%","string":"Module"}},{"tag":"Name","name":"column2","editable":false,"render":"String","display":{"width":"35%","string":"Name"}},{"tag":"MxModelReflection.Microflows_InputParameter/MxModelReflection.Parameter/Name","name":"column3","editable":false,"render":"String","display":{"width":"36%","string":"Parameter(s)"}},{"tag":"MxModelReflection.Microflows_Output_Type/MxModelReflection.ValueType/Name","name":"column4","editable":false,"render":"String","display":{"width":"17%","string":"Return type"}}],"plugins":{}}' class='mx-datagrid mx-name-grid2' tabindex='0'></div></m:argument></m:arguments></m:page>