﻿<?xml version='1.0' encoding='utf-8'?><m:page id='0dec6ec7-41cc-40ef-831d-f5b9afb39add' xmlns='http://www.w3.org/1999/xhtml' title='Microflow details' closeButton='66_0' xmlns:m='http://schemas.mendix.com/forms/1.0'><m:layouts><m:layout path='MxModelReflection/ModelReflectionPopup.layout.xml'></m:layout><m:layout path='MxModelReflection/PopupLayout.layout.xml'></m:layout></m:layouts><m:arguments><m:argument parameterName='c14cdd50-4425-4547-b1d9-ca29fae66694'><div data-mendix-id='66_1' data-mendix-type='mxui.widget.DataView' data-mendix-props='"friendlyId":"MxModelReflection.Microflow_View.dataView1","entity":"MxModelReflection.Microflows","schema":"75d71009-2442-46a1-9adb-d5074870e0ac","readOnly":true,"datasource":{"friendlyId":"MxModelReflection.Microflow_View.dataView1","type":"direct","path":"MxModelReflection.Microflows"}' class='mx-name-dataView1' tabindex='0'></div></m:argument></m:arguments><m:templates><m:template widget-id='66_1' name='content'><table class='mx-table mx-name-table1'><colgroup><col style='width:13%'></col><col style='width:87%'></col></colgroup><tbody><tr><th><label class='mx-name-label1' data-mendix-id='66_2_5'>Microflow name</label></th><td><div data-mendix-id='66_2_7' data-mendix-type='mxui.widget.TextInput' data-mendix-props='"friendlyId":"MxModelReflection.Microflow.textBox1","insideFormGroup":false,"attributePath":"MxModelReflection.Microflows/CompleteName","readOnlyStyle":"text","validation":null,"placeholder":"","maxLength":200' class='mx-name-textBox1' tabindex='0'></div></td></tr><tr><th><label class='mx-name-label2' data-mendix-id='66_2_9'>Input parameter(s)</label></th><td><div data-mendix-id='66_2_11' data-mendix-type='mxui.widget.ReferenceSetSelector' data-mendix-props='"friendlyId":"MxModelReflection.Microflow.referenceSetSelector1","entity":"MxModelReflection.Parameter","schema":"635cdfa4-bb74-4474-81de-8b72bc014621","config":{"locale":"fr_BE","gridType":"Standalone","gridpresentation":{"rows":5,"columns":1,"controlbar":true,"pagingbar":true,"sortparams":[["Name","asc"]],"searchbar":false,"waitforsearch":false,"selectionmode":"single","editable":false,"sortable":true,"selectfirst":false,"showemptyrows":false},"datasource":{"friendlyId":"MxModelReflection.Microflow.referenceSetSelector1","type":"referenceSet","entity":"MxModelReflection.Parameter","reference":"MxModelReflection.Microflows_InputParameter"},"controlBar":{"gridTools":[],"gridActions":[]},"griddata":[{"tag":"Name","name":"column1","editable":false,"render":"String","display":{"width":"32%","string":"Name"}},{"tag":"MxModelReflection.Parameter_ValueType/MxModelReflection.ValueType/Name","name":"column2","editable":false,"render":"String","display":{"width":"34%","string":"Primitive type"}},{"tag":"MxModelReflection.Parameter_MxObjectType/MxModelReflection.MxObjectType/CompleteName","name":"column3","editable":false,"render":"String","display":{"width":"34%","string":"Objecttype"}}],"plugins":{}},"constrainedBy":[]' class='mx-referencesetselector mx-name-referenceSetSelector1' tabindex='0'></div></td></tr><tr><th><label class='mx-name-label3' data-mendix-id='66_2_20'>Output</label></th><td><div data-mendix-id='66_2_22' data-mendix-type='mxui.widget.ReferenceSelector' data-mendix-props='"friendlyId":"MxModelReflection.Microflow.referenceSelector1","insideFormGroup":false,"attributePath":"MxModelReflection.Microflows/MxModelReflection.Microflows_Output_Type/MxModelReflection.ValueType/Name","readOnlyStyle":"text","attributePath":"MxModelReflection.Microflows/MxModelReflection.Microflows_Output_Type/MxModelReflection.ValueType/Name","datasource":{"friendlyId":"MxModelReflection.Microflow.referenceSelector1","type":"xpath","path":"MxModelReflection.ValueType","constrainedBy":[],"sort":[["Name","asc"]]},"validation":null,"emptyOptionCaption":"","gotoPageSettings":{"path":"MxModelReflection/ValueType_View.page.xml","location":"popup","resizable":true}' class='mx-name-referenceSelector1' tabindex='0'></div></td></tr></tbody></table></m:template><m:template widget-id='66_1' name='footer'><div data-mendix-id='66_0' data-mendix-type='mxui.widget.ActionButton' data-mendix-props='"friendlyId":"MxModelReflection.Microflow_View.closeButton1","caption":{"$type":"textTemplate","text":"Close","friendlyId":"MxModelReflection.Microflow_View.closeButton1"},"iconUrl":"img/System$Close.png?636468842603385563","renderType":"button","action":{"type":"closePage","hasParameter":false,"params":{}}' class='mx-name-closeButton1 btn-default' tabindex='0'></div></m:template></m:templates></m:page>