﻿<?xml version='1.0' encoding='utf-8'?><m:page id='2aaba58b-a034-45a3-945e-de3075cd07ef' xmlns='http://www.w3.org/1999/xhtml' title='Page Title' class='layout-sidebar-responsive' xmlns:m='http://schemas.mendix.com/forms/1.0'><m:layouts><m:layout path='NavigationLayouts/Sidebar_Full_Responsive.layout.xml'></m:layout></m:layouts><m:arguments><m:argument parameterName='90307765-bc1b-483c-818f-821454fe380b'><div data-mendix-id='61_0' class='mx-layoutgrid mx-layoutgrid-fluid mx-name-layoutGrid1'><div class='row'><div class='col-md-12'><div class='mx-name-container1' style='margin-left:15px;'><div data-mendix-id='61_1' data-mendix-type='mxui.widget.ReactWidgetWrapper' data-mendix-props='"widgetTree":{"widget":"com.mendix.widget.core.Text","widgetId":"61_1","props":{"name":"text1","class":"mx-name-text1","style":{"fontFamily":"segoe !important","fontSize":"20px ! important"},"caption":{"$type":"textTemplate","text":"Overview\r\n","friendlyId":"MxModelReflection.MxModel_Overview.text1"},"renderMode":"h2"},"children":[]}'></div><div data-mendix-id='61_2' data-mendix-type='mxui.widget.ReactWidgetWrapper' data-mendix-props='"widgetTree":{"widget":"com.mendix.widget.core.Text","widgetId":"61_2","props":{"name":"text2","class":"mx-name-text2","style":{"fontSize":"18px ! important"},"caption":{"$type":"textTemplate","text":"A request for proposal (RFP) is a document that solicits proposal, often made through a bidding process, by an agency or company interested in procurement of a commodity, service or valuable asset, to potential suppliers to submit business proposals. It is submitted early in the procurement cycle, either at the preliminary study, or procurement stage.","friendlyId":"MxModelReflection.MxModel_Overview.text2"},"renderMode":"span"},"children":[]}'></div></div></div></div></div><label class='mx-name-label1' data-mendix-id='61_3'></label><div data-mendix-id='61_4' data-mendix-type='mxui.widget.TabContainer' data-mendix-props='"friendlyId":"MxModelReflection.MxModel_Overview.tabControl1"' class='mx-name-tabControl1 tab-lined' style='margin-left:70px; margin-right:50px;' tabindex='0'></div></m:argument></m:arguments><m:templates><m:template widget-id='61_4' name='pages'><div data-mendix-id='61_5' data-mendix-type='mxui.widget.TabContent' data-mendix-props='"title":"Entity","delayLoading":false,"tabName":"tabPage1"'></div><div data-mendix-id='61_6' data-mendix-type='mxui.widget.TabContent' data-mendix-props='"title":"Microflow","delayLoading":true,"tabName":"Microflow"'></div></m:template><m:template widget-id='61_5' name='content'><div data-mendix-id='61_7' class='mx-layoutgrid mx-layoutgrid-fluid mx-name-layoutGrid2' style='background-color:white;'><div class='row'><div class='col-md-3'><div data-mendix-id='61_8' data-mendix-type='mxui.widget.ListView' data-mendix-props='"friendlyId":"MxModelReflection.MxModel_Overview.listView1","datasource":{"friendlyId":"MxModelReflection.MxModel_Overview.listView1","type":"microflow","microflow":"MxModelReflection.DSL_Modules","path":"MxModelReflection.Module","parameters":[]},"page":0,"selectable":"","action":{"type":"doNothing","hasParameter":false,"params":{}},"templateMap":{"MxModelReflection.Module":"MxModelReflection.Module"}' class='mx-name-listView1'></div></div><div class='col-md-9'><div data-mendix-id='61_9' data-mendix-type='mxui.widget.DataView' data-mendix-props='"friendlyId":"MxModelReflection.MxModel_Overview.dataView4","entity":"MxModelReflection.SearchEntity","schema":"4f24e9e8-9a69-4a6d-9615-19eb9e16cfda","datasource":{"friendlyId":"MxModelReflection.MxModel_Overview.dataView4","type":"microflow","microflow":"MxModelReflection.getSearchEntity","path":"MxModelReflection.SearchEntity","parameters":[]}' class='mx-name-dataView4 form-horizontal' tabindex='0'></div><label class='mx-name-label2' data-mendix-id='61_21'></label></div></div></div></m:template><m:template widget-id='61_8' name='MxModelReflection.Module'><div data-mendix-id='61_22' data-mendix-type='mxui.widget.DataView' data-mendix-props='"friendlyId":"MxModelReflection.MxModel_Overview.listView1","entity":"MxModelReflection.Module","schema":"1a4ea4dc-d393-44f4-808a-ba9312bdf2ec","datasource":{"friendlyId":"MxModelReflection.MxModel_Overview.listView1","type":"direct","path":"MxModelReflection.Module"}' tabindex='0'></div></m:template><m:template widget-id='61_9' name='content'><div class='mx-name-container5 input-group' style='width:40%; box-shadow: 0px 2px 10px 5px rgba(244, 246, 250, 0.2), 0 6px 20px 0px rgba(0, 0, 0, 0.19); vertical-align:middle; border-radius: 5px 5px 5px 5px; float:right; margin-top:20px;'><div data-mendix-id='61_12' data-mendix-type='mxui.widget.TextInput' data-mendix-props='"friendlyId":"MxModelReflection.MxModel_Overview.textBox4","insideFormGroup":false,"attributePath":"MxModelReflection.SearchEntity/SearchText","readOnlyStyle":"control","validation":null,"events":{"change":{"name":"MxModelReflection.CommitSearchText","validate":"view","applyTo":"selection","allowedRoles":["Administrator","User"]},"focus":{"name":"MxModelReflection.CommitSearchText","validate":"view","applyTo":"selection","allowedRoles":["Administrator","User"]}},"placeholder":"Search by company, template title, description","maxLength":200' class='mx-name-textBox4' style='border:none; background:white; width:85%; height: 100%; padding-top: 12px;' tabindex='0'></div><div data-mendix-id='61_13' data-mendix-type='mxui.widget.ActionButton' data-mendix-props='"friendlyId":"MxModelReflection.MxModel_Overview.actionButton2","caption":{"$type":"textTemplate","text":"","friendlyId":"MxModelReflection.MxModel_Overview.actionButton2"},"iconClass":"glyphicon-search","renderType":"button","action":{"type":"callMicroflow","hasParameter":true,"params":{"name":"MxModelReflection.CommitSearchText","validate":"view","applyTo":"selection","allowedRoles":["Administrator","User"]}}' data-mendix-roles='Administrator,User' class='mx-name-actionButton2 btn-default' style='border: none; background: white; height: 100%; padding-top: 12px; width: 15%; padding-left: 20px;' tabindex='0'></div></div></m:template><m:template widget-id='61_9' name='footer'><div data-mendix-id='61_15' data-mendix-type='mxui.widget.TemplateGrid' data-mendix-props='"friendlyId":"MxModelReflection.MxModel_Overview.templateGrid1","contextname":"61_15","entity":"MxModelReflection.MxObjectType","schema":"0e845c19-3f0f-4b10-8cc7-d6c217312744","config":{"locale":"fr_BE","gridType":"Standalone","gridpresentation":{"rows":1,"columns":3,"controlbar":false,"pagingbar":true,"selectionmode":"single","editable":false,"sortable":false,"refresh":0,"selectfirst":false},"datasource":{"friendlyId":"MxModelReflection.MxModel_Overview.templateGrid1","type":"microflow","microflow":"MxModelReflection.getMxModelEntities","path":"MxModelReflection.MxObjectType","parameters":["MxModelReflection.SearchEntity"]},"controlBar":{"gridTools":[],"gridActions":[]},"plugins":{}}' class='mx-templategrid mx-name-templateGrid1' tabindex='0'></div><div data-mendix-id='61_19' data-mendix-type='mxui.widget.GroupBox' data-mendix-props='"friendlyId":"MxModelReflection.MxModel_Overview.groupBox1","collapsable":true,"collapsed":false' class='mx-groupbox mx-groupbox-collapsible mx-name-groupBox1 formCls'><h2 class='mx-groupbox-header'><i class='glyphicon mx-groupbox-collapse-icon'></i>Entity Details</h2><div class='mx-groupbox-body'><div data-mendix-id='61_20' data-mendix-type='mxui.widget.DataView' data-mendix-props='"friendlyId":"MxModelReflection.MxModel_Overview.dataView1","entity":"MxModelReflection.MxObjectType","schema":"baa3cc14-a943-4682-a664-71aedd995271","hideFooter":true,"noEntityMessage":"Please select an entity to view it&apos;s details","datasource":{"friendlyId":"MxModelReflection.MxModel_Overview.dataView1","type":"listen","contextsource":"61_15"}' class='mx-name-dataView1 formCls form-horizontal' tabindex='0'></div></div></div></m:template><m:template widget-id='61_22' name='content'><div data-mendix-id='61_24' data-mendix-type='mxui.widget.BoolSelect' data-mendix-props='"friendlyId":"MxModelReflection.MxModel_Overview.checkBox1","insideFormGroup":false,"attributePath":"MxModelReflection.Module/SynchronizeObjectsWithinModule","readOnlyStyle":"text","validation":null,"events":{"change":{"name":"MxModelReflection.IVK_ToggleModule","validate":"view","applyTo":"selection","allowedRoles":["Administrator","User"]}}' class='mx-name-checkBox1' style='display: inline-block; margin-left:5px;' tabindex='0'></div><div data-mendix-id='61_25' data-mendix-type='mxui.widget.TextInput' data-mendix-props='"friendlyId":"MxModelReflection.MxModel_Overview.textBox1","readOnly":true,"insideFormGroup":false,"attributePath":"MxModelReflection.Module/ModuleName","readOnlyStyle":"text","validation":null,"placeholder":"","maxLength":200' class='mx-name-textBox1' style='margin-left: 10px;display: inline-block;padding-top: 8px;' tabindex='0'></div></m:template><m:template widget-id='61_15' name='content'><div data-mendix-id='61_70' data-mendix-type='mxui.widget.DataView' data-mendix-props='"friendlyId":"MxModelReflection.MxModel_Overview.templateGrid1","entity":"MxModelReflection.MxObjectType","schema":"c35ab950-13f5-4184-b9d8-762fc2b65efb","readOnly":true,"datasource":{"friendlyId":"MxModelReflection.MxModel_Overview.templateGrid1","type":"direct","path":"MxModelReflection.MxObjectType"}' tabindex='0'></div></m:template><m:template widget-id='61_20' name='content'><table class='mx-table mx-name-table1'><colgroup><col style='width:50%'></col><col style='width:50%'></col></colgroup><tbody><tr><td><div class='mx-name-container4'><label class='mx-name-label4' data-mendix-id='61_31'>Friendly Name</label><div data-mendix-id='61_32' data-mendix-type='mxui.widget.TextInput' data-mendix-props='"friendlyId":"MxModelReflection.MxModel_Overview.textBox2","insideFormGroup":false,"attributePath":"MxModelReflection.MxObjectType/ReadableName","readOnlyStyle":"text","validation":null,"placeholder":"","maxLength":400' class='mx-name-textBox2' tabindex='0'></div><label class='mx-name-label5' data-mendix-id='61_33'>Name</label><div data-mendix-id='61_34' data-mendix-type='mxui.widget.TextInput' data-mendix-props='"friendlyId":"MxModelReflection.MxModel_Overview.textBox10","readOnly":true,"insideFormGroup":false,"attributePath":"MxModelReflection.MxObjectType/Name","readOnlyStyle":"text","validation":null,"placeholder":"","maxLength":200' class='mx-name-textBox10 formCls' tabindex='0'></div><label class='mx-name-label6' data-mendix-id='61_35'>Persistence</label><div data-mendix-id='61_36' data-mendix-type='mxui.widget.EnumSelect' data-mendix-props='"friendlyId":"MxModelReflection.MxModel_Overview.dropDown2","readOnly":true,"insideFormGroup":false,"attributePath":"MxModelReflection.MxObjectType/PersistenceType","readOnlyStyle":"text","validation":null,"emptyOptionCaption":""' class='mx-name-dropDown2' style='padding-top:5px; padding-left:20px;' tabindex='0'></div></div></td><td><div class='mx-name-container9 form-group'><div class='mx-name-container3'><div data-mendix-id='61_41' data-mendix-type='mxui.widget.ActionButton' data-mendix-props='"friendlyId":"MxModelReflection.MxModel_Overview.microflowButton1","caption":{"$type":"textTemplate","text":"Save","friendlyId":"MxModelReflection.MxModel_Overview.microflowButton1"},"renderType":"button","action":{"type":"callMicroflow","hasParameter":true,"params":{"name":"MxModelReflection.IVK_MxObjectTypeCommit","async":true,"progress":"popup","progressMsg":"Saving...","validate":"view","applyTo":"selection","allowedRoles":["Administrator","User"]}}' data-mendix-roles='Administrator,User' class='mx-name-microflowButton1 btn-success' style='float:right;' tabindex='0'></div></div><div class='mx-name-container6' style='margin-to:80px;'><label class='mx-name-label3 control-label col-sm-3' data-mendix-id='61_44'>Inherits from</label><div data-mendix-id='61_45' data-mendix-type='mxui.widget.DataView' data-mendix-props='"friendlyId":"MxModelReflection.MxModel_Overview.dataView2","entity":"MxModelReflection.InheritsFromContainer","schema":"c5ab999a-2c25-497a-ab57-b3a75cead283","hideFooter":true,"datasource":{"friendlyId":"MxModelReflection.MxModel_Overview.dataView2","type":"microflow","microflow":"MxModelReflection.DSO_InheritsFromContainer","path":"MxModelReflection.InheritsFromContainer","parameters":["MxModelReflection.MxObjectType"]}' class='mx-name-dataView2 col-sm-9' tabindex='0'></div></div></div></td></tr></tbody></table><div data-mendix-id='61_49' data-mendix-type='mxui.widget.TabContainer' data-mendix-props='"friendlyId":"MxModelReflection.MxModel_Overview.tabControl2"' class='mx-name-tabControl2 tab-lined' tabindex='0'></div></m:template><m:template widget-id='61_70' name='content'><div class='mx-name-container2'><div data-mendix-id='61_73' data-mendix-type='mxui.widget.ReactWidgetWrapper' data-mendix-props='"widgetTree":{"widget":"com.mendix.widget.core.Text","widgetId":"61_73","props":{"name":"text3","class":"mx-name-text3","style":{"display":"block"},"caption":{"$type":"textTemplate","text":"{1}","friendlyId":"MxModelReflection.MxModel_Overview.text3","parameters":{"1":"MxModelReflection.MxObjectType/Module"}},"renderMode":"span"},"children":[]}'></div><div data-mendix-id='61_74' data-mendix-type='mxui.widget.ReactWidgetWrapper' data-mendix-props='"widgetTree":{"widget":"com.mendix.widget.core.Text","widgetId":"61_74","props":{"name":"text4","class":"mx-name-text4","style":{},"caption":{"$type":"textTemplate","text":"{1}","friendlyId":"MxModelReflection.MxModel_Overview.text4","parameters":{"1":"MxModelReflection.MxObjectType/Name"}},"renderMode":"span"},"children":[]}'></div></div></m:template><m:template widget-id='61_45' name='content'><div data-mendix-id='61_75' data-mendix-type='mxui.widget.TextInput' data-mendix-props='"friendlyId":"MxModelReflection.MxModel_Overview.textBox6","readOnly":true,"insideFormGroup":false,"attributePath":"MxModelReflection.InheritsFromContainer/Summary","readOnlyStyle":"text","validation":null,"placeholder":""' class='mx-name-textBox6' tabindex='0'></div></m:template><m:template widget-id='61_49' name='pages'><div data-mendix-id='61_50' data-mendix-type='mxui.widget.TabContent' data-mendix-props='"title":"Attributes","delayLoading":false,"tabName":"tabPage3"'></div><div data-mendix-id='61_61' data-mendix-type='mxui.widget.TabContent' data-mendix-props='"title":"References","delayLoading":true,"tabName":"tabPage4"'></div></m:template><m:template widget-id='61_50' name='content'><div data-mendix-id='61_51' data-mendix-type='mxui.widget.DataGrid' data-mendix-props='"friendlyId":"MxModelReflection.MxModel_Overview.grid1","entity":"MxModelReflection.MxObjectMember","schema":"c16fdd74-30be-4df8-9f22-79f7b85294d9","config":{"locale":"fr_BE","gridType":"Standalone","gridpresentation":{"rows":10,"columns":1,"controlbar":true,"pagingbar":true,"sortparams":[["AttributeName","asc"]],"searchbar":true,"waitforsearch":false,"selectionmode":"single","editable":false,"sortable":true,"refresh":0,"selectfirst":false,"showemptyrows":false},"datasource":{"friendlyId":"MxModelReflection.MxModel_Overview.grid1","type":"xpath","path":"MxModelReflection.MxObjectMember_MxObjectType/MxModelReflection.MxObjectMember"},"searchOptions":{"searchBar":true,"toggleable":false,"toggledByDefault":false},"searchElements":[{"searchInputName":"searchField1","defaults":null,"defaultsParser":"Simple","caption":"Member name","path":"AttributeName","operator":"contains"},{"searchInputName":"searchField4","defaults":null,"defaultsParser":"Simple","caption":"Type","path":"AttributeTypeEnum","operator":"=","retriever":"Enum"}],"controlBar":{"gridTools":[{"mxid":"61_56","friendlyId":"MxModelReflection.MxModel_Overview.editButton1","name":"editButton1","caption":{"$type":"textTemplate","text":"","friendlyId":"MxModelReflection.MxModel_Overview.editButton1"},"title":"","iconClass":"glyphicon-eye-open","cssClass":"btn-primary","visibleForRoles":["Administrator","User"]}],"gridActions":[{"keyValue":"61_56","gridFunction":"EditSelection","params":{"MxModelReflection.MxObjectMember":{"pageSettings":{"path":"MxModelReflection/Member_View.page.xml","title":"View the attribute","location":"popup","resizable":true,"allowedRoles":["Administrator","User"]}},"MxModelReflection.MxObjectEnum":{"pageSettings":{"path":"MxModelReflection/MemberEnum_View.page.xml","title":"View the enum details","location":"popup","resizable":true}}}}]},"defaultButton":{"clickType":"double","mxid":"61_56"},"griddata":[{"tag":"AttributeName","name":"column2","editable":false,"render":"String","display":{"width":"25%","string":"Member name","cssClass":"tableHeaderCls"}},{"tag":"AttributeTypeEnum","name":"column3","editable":false,"render":"Enum","display":{"width":"75%","string":"Type","cssClass":"tableHeaderCls"}}],"plugins":{}}' class='mx-datagrid mx-name-grid1' tabindex='0'></div></m:template><m:template widget-id='61_61' name='content'><div data-mendix-id='61_62' data-mendix-type='mxui.widget.DataGrid' data-mendix-props='"friendlyId":"MxModelReflection.MxModel_Overview.grid2","entity":"MxModelReflection.MxObjectReference","schema":"a1fc686d-ce30-4695-a253-ed9ea5255a80","config":{"locale":"fr_BE","gridType":"Standalone","gridpresentation":{"rows":20,"columns":1,"controlbar":true,"pagingbar":true,"sortparams":[["CompleteName","asc"]],"searchbar":false,"waitforsearch":false,"selectionmode":"single","editable":false,"sortable":true,"refresh":0,"selectfirst":false,"showemptyrows":false},"datasource":{"friendlyId":"MxModelReflection.MxModel_Overview.grid2","type":"xpath","path":"MxModelReflection.MxObjectReference","constraint":"[MxModelReflection.MxObjectReference_MxObjectType = &apos;[%CurrentObject%]&apos;]"},"controlBar":{"gridTools":[{"mxid":"61_67","friendlyId":"MxModelReflection.MxModel_Overview.editButton3","name":"editButton3","caption":{"$type":"textTemplate","text":"","friendlyId":"MxModelReflection.MxModel_Overview.editButton3"},"title":"","iconClass":"glyphicon-eye-open","cssClass":"btn-primary","visibleForRoles":["Administrator","User"]}],"gridActions":[{"keyValue":"61_67","gridFunction":"EditSelection","params":{"MxModelReflection.MxObjectReference":{"pageSettings":{"path":"MxModelReflection/MxObjectReference_View.page.xml","location":"popup","resizable":true,"allowedRoles":["Administrator","User"]}}}}]},"griddata":[{"tag":"CompleteName","name":"column1","editable":false,"render":"String","display":{"width":"50%","string":"Entity"}},{"tag":"MxModelReflection.MxObjectReference_MxObjectType/MxModelReflection.MxObjectType/CompleteName","name":"column4","editable":false,"render":"String","display":{"width":"50%","string":"Path"}}],"plugins":{}}' class='mx-datagrid mx-name-grid2' tabindex='0'></div></m:template></m:templates></m:page>