﻿<?xml version='1.0' encoding='utf-8'?><m:page id='93d5b330-8df9-4b9c-974f-8c86f73291a5' xmlns='http://www.w3.org/1999/xhtml' title='Select an objecttype' xmlns:m='http://schemas.mendix.com/forms/1.0'><m:layouts><m:layout path='MxModelReflection/ModelReflectionPopup.layout.xml'></m:layout><m:layout path='MxModelReflection/PopupLayout.layout.xml'></m:layout></m:layouts><m:arguments><m:argument parameterName='c14cdd50-4425-4547-b1d9-ca29fae66694'><div data-mendix-id='68_2' data-mendix-type='mxui.widget.DataGrid' data-mendix-props='"friendlyId":"MxModelReflection.MxObjectType_Select.grid1","entity":"MxModelReflection.MxObjectType","schema":"9efb23e8-de88-4d6b-b382-33c48c03575f","config":{"locale":"fr_BE","gridType":"Standalone","gridpresentation":{"rows":20,"columns":1,"controlbar":true,"pagingbar":true,"sortparams":[["Module","asc"],["Name","asc"]],"searchbar":true,"waitforsearch":false,"selectionmode":"single","editable":false,"sortable":true,"refresh":0,"selectfirst":false,"showemptyrows":false},"datasource":{"friendlyId":"MxModelReflection.MxObjectType_Select.grid1","type":"xpath","path":"MxModelReflection.MxObjectType"},"searchOptions":{"searchBar":true,"toggleable":false,"toggledByDefault":false},"searchElements":[{"searchInputName":"searchField1","defaults":null,"defaultsParser":"Simple","caption":"Module","path":"Module","operator":"contains"},{"searchInputName":"searchField2","defaults":null,"defaultsParser":"Simple","caption":"Object name","path":"Name","operator":"contains"},{"searchInputName":"searchField3","defaults":null,"defaultsParser":"Simple","caption":"Persistence","path":"PersistenceType","operator":"=","retriever":"Enum"}],"controlBar":{"gridTools":[{"mxid":"68_0","friendlyId":"MxModelReflection.MxObjectType_Select.selectButton1","name":"selectButton1","caption":{"$type":"textTemplate","text":"Select","friendlyId":"MxModelReflection.MxObjectType_Select.selectButton1"},"title":"","iconUrl":"img/System$Select.png?636468842603385563","cssClass":"btn-default"},{"mxid":"68_1","friendlyId":"MxModelReflection.MxObjectType_Select.editButton1","name":"editButton1","caption":{"$type":"textTemplate","text":"View","friendlyId":"MxModelReflection.MxObjectType_Select.editButton1"},"title":"","iconUrl":"img/MxModelReflection$Edit.png?636468842603385563","cssClass":"btn-default","visibleForRoles":["Administrator","User"]}],"gridActions":[{"keyValue":"68_0","gridFunction":"ReturnSelection"},{"keyValue":"68_1","gridFunction":"EditSelection","params":{"MxModelReflection.MxObjectType":{"pageSettings":{"path":"MxModelReflection/MxObject_Details.page.xml","title":"View details","location":"popup","width":1000,"resizable":true,"allowedRoles":["Administrator","User"]}}}}]},"defaultButton":{"clickType":"double","mxid":"68_0"},"griddata":[{"tag":"Module","name":"column1","editable":false,"render":"String","display":{"width":"25%","string":"Module"}},{"tag":"Name","name":"column2","editable":false,"render":"String","display":{"width":"46%","string":"Object name"}},{"tag":"PersistenceType","name":"column3","editable":false,"render":"Enum","display":{"width":"29%","string":"Persistence"}}],"plugins":{}}' class='mx-datagrid mx-name-grid1' tabindex='0'></div></m:argument></m:arguments></m:page>