﻿<?xml version='1.0' encoding='utf-8'?><m:page id='81338669-e381-4e2e-97ca-89041a22e286' xmlns='http://www.w3.org/1999/xhtml' title='Association details' closeButton='63_0' xmlns:m='http://schemas.mendix.com/forms/1.0'><m:layouts><m:layout path='MxModelReflection/ModelReflectionPopup.layout.xml'></m:layout><m:layout path='MxModelReflection/PopupLayout.layout.xml'></m:layout></m:layouts><m:arguments><m:argument parameterName='c14cdd50-4425-4547-b1d9-ca29fae66694'><div data-mendix-id='63_1' data-mendix-type='mxui.widget.DataView' data-mendix-props='"friendlyId":"MxModelReflection.MxObjectReference_View.dataView1","entity":"MxModelReflection.MxObjectReference","schema":"ecd433d8-9eeb-4ce5-9d00-23e893f31b84","readOnly":true,"datasource":{"friendlyId":"MxModelReflection.MxObjectReference_View.dataView1","type":"direct","path":"MxModelReflection.MxObjectReference"}' class='mx-name-dataView1' tabindex='0'></div></m:argument></m:arguments><m:templates><m:template widget-id='63_1' name='content'><table class='mx-table mx-name-table1'><colgroup><col style='width:15%'></col><col style='width:35%'></col><col style='width:15%'></col><col style='width:35%'></col></colgroup><tbody><tr><th><label class='mx-name-label3' data-mendix-id='63_2_5'>Name</label></th><td><div data-mendix-id='63_2_7' data-mendix-type='mxui.widget.TextInput' data-mendix-props='"friendlyId":"MxModelReflection.MxObjectReference.textBox3","insideFormGroup":false,"attributePath":"MxModelReflection.MxObjectReference/Module","readOnlyStyle":"text","validation":null,"placeholder":"","maxLength":200' class='mx-name-textBox3' tabindex='0'></div></td><td colspan='2'><div data-mendix-id='63_2_9' data-mendix-type='mxui.widget.TextInput' data-mendix-props='"friendlyId":"MxModelReflection.MxObjectReference.textBox4","insideFormGroup":false,"attributePath":"MxModelReflection.MxObjectReference/Name","readOnlyStyle":"text","validation":null,"placeholder":"","maxLength":200' class='mx-name-textBox4' tabindex='0'></div></td></tr><tr><th><label class='mx-name-label6' data-mendix-id='63_2_11'>Type</label></th><td><div data-mendix-id='63_2_13' data-mendix-type='mxui.widget.EnumSelect' data-mendix-props='"friendlyId":"MxModelReflection.MxObjectReference.dropDown2","insideFormGroup":false,"attributePath":"MxModelReflection.MxObjectReference/ReferenceType","readOnlyStyle":"text","validation":null,"emptyOptionCaption":""' class='mx-name-dropDown2' tabindex='0'></div></td><th><label class='mx-name-label1' data-mendix-id='63_2_15'>Owner</label></th><td><div data-mendix-id='63_2_17' data-mendix-type='mxui.widget.EnumSelect' data-mendix-props='"friendlyId":"MxModelReflection.MxObjectReference.dropDown1","insideFormGroup":false,"attributePath":"MxModelReflection.MxObjectReference/AssociationOwner","readOnlyStyle":"text","validation":null,"emptyOptionCaption":""' class='mx-name-dropDown1' tabindex='0'></div></td></tr><tr><th><label class='mx-name-label2' data-mendix-id='63_2_19'>Parent objects</label></th><td><div data-mendix-id='63_2_21' data-mendix-type='mxui.widget.ReferenceSetSelector' data-mendix-props='"friendlyId":"MxModelReflection.MxObjectReference.referenceSetSelector1","entity":"MxModelReflection.MxObjectType","schema":"1f7eddbc-c557-4ca4-8c05-cd8e0cf710d2","config":{"locale":"fr_BE","gridType":"Standalone","gridpresentation":{"rows":15,"columns":1,"controlbar":false,"pagingbar":false,"sortparams":[["Module","asc"],["Name","asc"]],"searchbar":false,"waitforsearch":false,"selectionmode":"single","editable":false,"sortable":true,"selectfirst":false,"showemptyrows":false},"datasource":{"friendlyId":"MxModelReflection.MxObjectReference.referenceSetSelector1","type":"referenceSet","entity":"MxModelReflection.MxObjectType","reference":"MxModelReflection.MxObjectReference_MxObjectType_Parent"},"controlBar":{"gridTools":[{"mxid":"63_2_26","friendlyId":"MxModelReflection.MxObjectReference.editButton1","name":"editButton1","caption":{"$type":"textTemplate","text":"View","friendlyId":"MxModelReflection.MxObjectReference.editButton1"},"title":"","iconUrl":"img/System$Edit.png?636468842603385563","cssClass":"btn-default","visibleForRoles":["Administrator","User"]}],"gridActions":[{"keyValue":"63_2_26","gridFunction":"EditSelection","params":{"MxModelReflection.MxObjectType":{"pageSettings":{"path":"MxModelReflection/MxObject_Details.page.xml","location":"popup","width":1000,"resizable":true,"allowedRoles":["Administrator","User"]}}}}]},"defaultButton":{"clickType":"double","mxid":"63_2_26"},"griddata":[{"tag":"Module","name":"column1","editable":false,"render":"String","display":{"width":"50%","string":"Module"}},{"tag":"Name","name":"column2","editable":false,"render":"String","display":{"width":"50%","string":"Name"}}],"plugins":{}},"constrainedBy":[]' class='mx-referencesetselector mx-name-referenceSetSelector1' tabindex='0'></div></td><th><label class='mx-name-label4' data-mendix-id='63_2_30'>Child objects</label></th><td><div data-mendix-id='63_2_32' data-mendix-type='mxui.widget.ReferenceSetSelector' data-mendix-props='"friendlyId":"MxModelReflection.MxObjectReference.referenceSetSelector2","entity":"MxModelReflection.MxObjectType","schema":"51e31c2d-1d57-469c-b151-be639ca8eaa0","config":{"locale":"fr_BE","gridType":"Standalone","gridpresentation":{"rows":15,"columns":1,"controlbar":false,"pagingbar":false,"sortparams":[["Module","asc"],["Name","asc"]],"searchbar":false,"waitforsearch":false,"selectionmode":"single","editable":false,"sortable":true,"selectfirst":false,"showemptyrows":false},"datasource":{"friendlyId":"MxModelReflection.MxObjectReference.referenceSetSelector2","type":"referenceSet","entity":"MxModelReflection.MxObjectType","reference":"MxModelReflection.MxObjectReference_MxObjectType_Child"},"controlBar":{"gridTools":[{"mxid":"63_2_37","friendlyId":"MxModelReflection.MxObjectReference.editButton2","name":"editButton2","caption":{"$type":"textTemplate","text":"View","friendlyId":"MxModelReflection.MxObjectReference.editButton2"},"title":"","iconUrl":"img/System$Edit.png?636468842603385563","cssClass":"btn-default","visibleForRoles":["Administrator","User"]}],"gridActions":[{"keyValue":"63_2_37","gridFunction":"EditSelection","params":{"MxModelReflection.MxObjectType":{"pageSettings":{"path":"MxModelReflection/MxObject_Details.page.xml","location":"popup","width":1000,"resizable":true,"allowedRoles":["Administrator","User"]}}}}]},"defaultButton":{"clickType":"double","mxid":"63_2_37"},"griddata":[{"tag":"Module","name":"column3","editable":false,"render":"String","display":{"width":"50%","string":"Module"}},{"tag":"Name","name":"column4","editable":false,"render":"String","display":{"width":"50%","string":"Name"}}],"plugins":{}},"constrainedBy":[]' class='mx-referencesetselector mx-name-referenceSetSelector2' tabindex='0'></div></td></tr></tbody></table></m:template><m:template widget-id='63_1' name='footer'><div data-mendix-id='63_0' data-mendix-type='mxui.widget.ActionButton' data-mendix-props='"friendlyId":"MxModelReflection.MxObjectReference_View.closeButton1","caption":{"$type":"textTemplate","text":"Close","friendlyId":"MxModelReflection.MxObjectReference_View.closeButton1"},"iconUrl":"img/System$Close.png?636468842603385563","renderType":"button","action":{"type":"closePage","hasParameter":false,"params":{}}' class='mx-name-closeButton1 btn-default' tabindex='0'></div></m:template></m:templates></m:page>