﻿<?xml version='1.0' encoding='utf-8'?><m:page id='5d7860e0-f8f0-49f2-bbd8-380a27de0d79' xmlns='http://www.w3.org/1999/xhtml' title='Object details' closeButton='67_0' xmlns:m='http://schemas.mendix.com/forms/1.0'><m:layouts><m:layout path='MxModelReflection/ModelReflectionPopup.layout.xml'></m:layout><m:layout path='MxModelReflection/PopupLayout.layout.xml'></m:layout></m:layouts><m:arguments><m:argument parameterName='c14cdd50-4425-4547-b1d9-ca29fae66694'><div data-mendix-id='67_1' data-mendix-type='mxui.widget.DataView' data-mendix-props='"friendlyId":"MxModelReflection.MxObject_Details.dataView1","entity":"MxModelReflection.MxObjectType","schema":"07249fee-20e8-4151-aee1-a9ddfe800c27","datasource":{"friendlyId":"MxModelReflection.MxObject_Details.dataView1","type":"direct","path":"MxModelReflection.MxObjectType"}' class='mx-name-dataView1' tabindex='0'></div></m:argument></m:arguments><m:templates><m:template widget-id='67_1' name='content'><table class='mx-table mx-name-table1'><colgroup><col style='width:15%'></col><col style='width:35%'></col><col style='width:15%'></col><col style='width:35%'></col></colgroup><tbody><tr><th><label class='mx-name-label1' data-mendix-id='67_2_5'>Mendix object</label></th><td><div data-mendix-id='67_2_7' data-mendix-type='mxui.widget.TextInput' data-mendix-props='"friendlyId":"MxModelReflection.MxObject.textBox1","readOnly":true,"insideFormGroup":false,"attributePath":"MxModelReflection.MxObjectType/CompleteName","readOnlyStyle":"text","validation":null,"placeholder":"","maxLength":200' class='mx-name-textBox1' tabindex='0'></div></td><th><label class='mx-name-label5' data-mendix-id='67_2_9'>Inherits from</label></th><td rowspan='3'><div data-mendix-id='67_2_11' data-mendix-type='mxui.widget.ReferenceSetSelector' data-mendix-props='"friendlyId":"MxModelReflection.MxObject.referenceSetSelector1","entity":"MxModelReflection.MxObjectType","schema":"8d675b71-53dc-4592-ba1a-73d53b5507c1","config":{"locale":"fr_BE","gridType":"Standalone","gridpresentation":{"rows":5,"columns":1,"controlbar":false,"pagingbar":false,"sortparams":[["CompleteName","asc"]],"searchbar":false,"waitforsearch":false,"selectionmode":"single","editable":false,"sortable":true,"selectfirst":false,"showemptyrows":false},"datasource":{"friendlyId":"MxModelReflection.MxObject.referenceSetSelector1","type":"referenceSet","entity":"MxModelReflection.MxObjectType","reference":"MxModelReflection.MxObjectType_SubClassOf_MxObjectType"},"controlBar":{"gridTools":[],"gridActions":[]},"griddata":[{"tag":"CompleteName","name":"column1","editable":false,"render":"String","display":{"width":"100%","string":"Complete name"}}],"plugins":{}},"constrainedBy":[]' class='mx-referencesetselector mx-name-referenceSetSelector1' tabindex='0'></div></td></tr><tr><th><label class='mx-name-label4' data-mendix-id='67_2_18'>Readable name</label></th><td><div data-mendix-id='67_2_20' data-mendix-type='mxui.widget.TextInput' data-mendix-props='"friendlyId":"MxModelReflection.MxObject.textBox2","insideFormGroup":false,"attributePath":"MxModelReflection.MxObjectType/ReadableName","readOnlyStyle":"text","validation":null,"placeholder":"","maxLength":400' class='mx-name-textBox2' tabindex='0'></div></td><th rowspan='2'></th></tr><tr><th><label class='mx-name-label6' data-mendix-id='67_2_23'>Persistence</label></th><td><div data-mendix-id='67_2_25' data-mendix-type='mxui.widget.EnumSelect' data-mendix-props='"friendlyId":"MxModelReflection.MxObject.dropDown1","insideFormGroup":false,"attributePath":"MxModelReflection.MxObjectType/PersistenceType","readOnlyStyle":"text","validation":null,"emptyOptionCaption":""' class='mx-name-dropDown1' tabindex='0'></div></td></tr><tr><td colspan='4'><div data-mendix-id='67_2_27' data-mendix-type='mxui.widget.ReactWidgetWrapper' data-mendix-props='"widgetTree":{"widget":"com.mendix.widget.core.Text","widgetId":"67_2_27","props":{"name":"label2","class":"mx-name-label2","style":{},"caption":{"$type":"textTemplate","text":"Attributes","friendlyId":"MxModelReflection.MxObject.label2"},"renderMode":"h2"},"children":[]}'></div></td></tr><tr><td colspan='4'><div data-mendix-id='67_2_29' data-mendix-type='mxui.widget.DataGrid' data-mendix-props='"friendlyId":"MxModelReflection.MxObject.grid1","entity":"MxModelReflection.MxObjectMember","schema":"58dd09f8-62cc-4cae-9426-dbea6461bbe8","config":{"locale":"fr_BE","gridType":"Standalone","gridpresentation":{"rows":10,"columns":1,"controlbar":true,"pagingbar":true,"sortparams":[["AttributeName","asc"]],"searchbar":true,"waitforsearch":false,"selectionmode":"single","editable":false,"sortable":true,"refresh":0,"selectfirst":false,"showemptyrows":false},"datasource":{"friendlyId":"MxModelReflection.MxObject.grid1","type":"xpath","path":"MxModelReflection.MxObjectMember_MxObjectType/MxModelReflection.MxObjectMember"},"searchOptions":{"searchBar":true,"toggleable":false,"toggledByDefault":false},"searchElements":[{"searchInputName":"searchField1","defaults":null,"defaultsParser":"Simple","caption":"Member name","path":"AttributeName","operator":"contains"},{"searchInputName":"searchField2","defaults":null,"defaultsParser":"Simple","caption":"Type","path":"AttributeTypeEnum","operator":"=","retriever":"Enum"}],"controlBar":{"gridTools":[{"mxid":"67_2_34","friendlyId":"MxModelReflection.MxObject.editButton1","name":"editButton1","caption":{"$type":"textTemplate","text":"View","friendlyId":"MxModelReflection.MxObject.editButton1"},"title":"","iconUrl":"img/MxModelReflection$Edit.png?636468842603385563","cssClass":"btn-default","visibleForRoles":["Administrator","User"]}],"gridActions":[{"keyValue":"67_2_34","gridFunction":"EditSelection","params":{"MxModelReflection.MxObjectMember":{"pageSettings":{"path":"MxModelReflection/Member_View.page.xml","title":"View the attribute","location":"popup","resizable":true,"allowedRoles":["Administrator","User"]}},"MxModelReflection.MxObjectEnum":{"pageSettings":{"path":"MxModelReflection/MemberEnum_View.page.xml","title":"View the enum details","location":"popup","resizable":true}}}}]},"defaultButton":{"clickType":"double","mxid":"67_2_34"},"griddata":[{"tag":"AttributeName","name":"column2","editable":false,"render":"String","display":{"width":"51%","string":"Member name"}},{"tag":"AttributeTypeEnum","name":"column3","editable":false,"render":"Enum","display":{"width":"49%","string":"Type"}}],"plugins":{}}' class='mx-datagrid mx-name-grid1' tabindex='0'></div></td></tr><tr><td colspan='4'><div data-mendix-id='67_2_40' data-mendix-type='mxui.widget.ReactWidgetWrapper' data-mendix-props='"widgetTree":{"widget":"com.mendix.widget.core.Text","widgetId":"67_2_40","props":{"name":"label3","class":"mx-name-label3","style":{},"caption":{"$type":"textTemplate","text":"References","friendlyId":"MxModelReflection.MxObject.label3"},"renderMode":"h2"},"children":[]}'></div></td></tr><tr data-mendix-roles='Administrator,User'><td colspan='4'><div data-mendix-id='67_2_42' data-mendix-type='mxui.widget.DataGrid' data-mendix-props='"friendlyId":"MxModelReflection.MxObject.grid2","entity":"MxModelReflection.MxObjectReference","schema":"ef7de5a0-5d02-4e97-bd38-905571d65427","config":{"locale":"fr_BE","gridType":"Standalone","gridpresentation":{"rows":10,"columns":1,"controlbar":true,"pagingbar":true,"sortparams":[["CompleteName","asc"]],"searchbar":true,"waitforsearch":false,"selectionmode":"single","editable":true,"sortable":true,"refresh":0,"selectfirst":false,"showemptyrows":false},"datasource":{"friendlyId":"MxModelReflection.MxObject.grid2","type":"xpath","path":"MxModelReflection.MxObjectReference","constraint":"[MxModelReflection.MxObjectReference_MxObjectType=&apos;[%CurrentObject%]&apos;]"},"searchOptions":{"searchBar":true,"toggleable":false,"toggledByDefault":false},"searchElements":[{"searchInputName":"searchField3","defaults":null,"defaultsParser":"Simple","caption":"Name","path":"CompleteName","operator":"contains"},{"searchInputName":"searchField4","defaults":null,"defaultsParser":"Simple","caption":"Mendix object","path":"MxModelReflection.MxObjectReference_MxObjectType/MxModelReflection.MxObjectType/CompleteName","operator":"contains"}],"controlBar":{"gridTools":[{"mxid":"67_2_48","friendlyId":"MxModelReflection.MxObject.editButton2","name":"editButton2","caption":{"$type":"textTemplate","text":"View","friendlyId":"MxModelReflection.MxObject.editButton2"},"title":"","iconUrl":"img/System$Edit.png?636468842603385563","cssClass":"btn-default","visibleForRoles":["Administrator","User"]},{"mxid":"67_2_49","friendlyId":"MxModelReflection.MxObject.microflowButton1","name":"microflowButton1","caption":{"$type":"textTemplate","text":"Open mendix object(s)","friendlyId":"MxModelReflection.MxObject.microflowButton1"},"title":"","iconUrl":"img/MxModelReflection$icnMx.gif?636468842603385563","cssClass":"btn-default","visibleForRoles":["Administrator","User"]}],"gridActions":[{"keyValue":"67_2_48","gridFunction":"EditSelection","params":{"MxModelReflection.MxObjectReference":{"pageSettings":{"path":"MxModelReflection/MxObjectReference_View.page.xml","location":"popup","resizable":true,"allowedRoles":["Administrator","User"]}}}},{"keyValue":"67_2_49","gridFunction":"InvokeAction","params":{"MxModelReflection.MxObjectReference":{"action":{"type":"callMicroflow","hasParameter":true,"params":{"name":"MxModelReflection.IVK_OpenReferencedMendixObject","applyTo":"selection","allowedRoles":["Administrator","User"]}},"maintainSelection":false}}}]},"defaultButton":{"clickType":"double","mxid":"67_2_48"},"griddata":[{"tag":"ReadableName","name":"column4","editable":true,"render":"String","display":{"width":"24%","string":"Readable name"}},{"tag":"CompleteName","name":"column5","editable":false,"render":"String","display":{"width":"29%","string":"Reference name"}},{"tag":"MxModelReflection.MxObjectReference_MxObjectType/MxModelReflection.MxObjectType/CompleteName","name":"column6","editable":false,"render":"String","display":{"width":"47%","string":"Mendix object"}}],"plugins":{}}' class='mx-datagrid mx-name-grid2' tabindex='0'></div></td></tr></tbody></table></m:template><m:template widget-id='67_1' name='footer'><div data-mendix-id='67_66' data-mendix-type='mxui.widget.ActionButton' data-mendix-props='"friendlyId":"MxModelReflection.MxObject_Details.saveButton1","caption":{"$type":"textTemplate","text":"Save","friendlyId":"MxModelReflection.MxObject_Details.saveButton1"},"iconUrl":"img/MxModelReflection$Save.png?636468842603385563","renderType":"button","action":{"type":"saveChanges","hasParameter":true,"params":{"closePage":false}}' class='mx-name-saveButton1 btn-default' tabindex='0'></div><div data-mendix-id='67_0' data-mendix-type='mxui.widget.ActionButton' data-mendix-props='"friendlyId":"MxModelReflection.MxObject_Details.cancelButton1","caption":{"$type":"textTemplate","text":"Cancel","friendlyId":"MxModelReflection.MxObject_Details.cancelButton1"},"iconUrl":"img/MxModelReflection$Close.png?636468842603385563","renderType":"button","action":{"type":"cancelChanges","hasParameter":false,"params":{"closePage":false}}' class='mx-name-cancelButton1 btn-default' tabindex='0'></div></m:template></m:templates></m:page>