﻿<?xml version='1.0' encoding='utf-8'?><m:page id='3834817c-179e-468c-ac7a-6f7dcd2f9a33' xmlns='http://www.w3.org/1999/xhtml' title='Tokens' class='navlayout-topbar' xmlns:m='http://schemas.mendix.com/forms/1.0'><m:layouts><m:layout path='MxModelReflection/ModelReflectionDesktop.layout.xml'></m:layout><m:layout path='MxModelReflection/TopBar.layout.xml'></m:layout></m:layouts><m:arguments><m:argument parameterName='7ef994f6-6ed1-4c93-a821-bcc28001a4aa'><div data-mendix-id='74_0_5' data-mendix-type='mxui.widget.DataGrid' data-mendix-props='"friendlyId":"MxModelReflection.Tokens.grid1","entity":"MxModelReflection.Token","schema":"f0191732-9a54-4eb6-9849-006d59b71bc4","config":{"locale":"fr_BE","gridType":"Standalone","gridpresentation":{"rows":20,"columns":1,"controlbar":true,"pagingbar":true,"sortparams":[["Token","asc"]],"searchbar":true,"waitforsearch":false,"selectionmode":"single","editable":false,"sortable":true,"refresh":0,"selectfirst":false,"showemptyrows":false},"datasource":{"friendlyId":"MxModelReflection.Tokens.grid1","type":"xpath","path":"MxModelReflection.Token"},"searchOptions":{"searchBar":true,"toggleable":true,"toggledByDefault":true},"searchElements":[{"searchInputName":"searchField1","defaults":null,"defaultsParser":"Simple","caption":"Status","path":"Status","operator":"=","retriever":"Enum"},{"searchInputName":"searchField2","defaults":null,"defaultsParser":"Simple","caption":"Token","path":"CombinedToken","operator":"contains"},{"searchInputName":"searchField3","defaults":null,"defaultsParser":"Simple","caption":"Description","path":"Description","operator":"contains"},{"searchInputName":"searchField4","defaults":null,"defaultsParser":"Simple","caption":"Metamodel path","path":"MetaModelPath","operator":"contains"},{"searchInputName":"searchField5","defaults":null,"defaultsParser":"Simple","caption":"Prefix","path":"Prefix","operator":"contains"},{"searchInputName":"searchField6","defaults":null,"defaultsParser":"Simple","caption":"Suffix","path":"Suffix","operator":"contains"}],"controlBar":{"gridTools":[{"mxid":"74_0_1","friendlyId":"MxModelReflection.Tokens.searchButton1","name":"searchButton1","caption":{"$type":"textTemplate","text":"Search","friendlyId":"MxModelReflection.Tokens.searchButton1"},"title":"","iconUrl":"img/MxModelReflection$Search.png?636468842603385563","cssClass":"btn-default"},{"mxid":"74_0_2","friendlyId":"MxModelReflection.Tokens.newButton1","name":"newButton1","caption":{"$type":"textTemplate","text":"New","friendlyId":"MxModelReflection.Tokens.newButton1"},"title":"","iconUrl":"img/MxModelReflection$New.png?636468842603385563","cssClass":"btn-default","visibleForRoles":["Administrator","User"]},{"mxid":"74_0_3","friendlyId":"MxModelReflection.Tokens.editButton1","name":"editButton1","caption":{"$type":"textTemplate","text":"Edit","friendlyId":"MxModelReflection.Tokens.editButton1"},"title":"","iconUrl":"img/MxModelReflection$Edit.png?636468842603385563","cssClass":"btn-default","visibleForRoles":["Administrator","User"]},{"mxid":"74_0_4","friendlyId":"MxModelReflection.Tokens.deleteButton1","name":"deleteButton1","caption":{"$type":"textTemplate","text":"Delete","friendlyId":"MxModelReflection.Tokens.deleteButton1"},"title":"","iconUrl":"img/MxModelReflection$Delete.png?636468842603385563","cssClass":"btn-default"}],"gridActions":[{"keyValue":"74_0_1","gridFunction":"ToggleSearch"},{"keyValue":"74_0_2","gridFunction":"InsertNew","params":{"MxModelReflection.Token":{"pageSettings":{"path":"MxModelReflection/Token_NewEdit.page.xml","title":"New","location":"popup","resizable":true,"allowedRoles":["Administrator","User"]}}}},{"keyValue":"74_0_3","gridFunction":"EditSelection","params":{"MxModelReflection.Token":{"pageSettings":{"path":"MxModelReflection/Token_NewEdit.page.xml","title":"Edit","location":"popup","resizable":true,"allowedRoles":["Administrator","User"]}}}},{"keyValue":"74_0_4","gridFunction":"DeleteSelection"}]},"defaultButton":{"clickType":"double","mxid":"74_0_3"},"griddata":[{"tag":"Status","name":"column1","editable":false,"render":"EnumIcon","display":{"width":"6%","string":"Status","mapping":{"Valid":"img/MxModelReflection$Valid.gif?636468842603385563","Invalid":"img/MxModelReflection$Invalid.gif?636468842603385563"}}},{"tag":"CombinedToken","name":"column2","editable":false,"render":"String","display":{"width":"22%","string":"Token"}},{"tag":"Description","name":"column3","editable":false,"render":"String","display":{"width":"30%","string":"Description"}},{"tag":"MetaModelPath","name":"column4","editable":false,"render":"String","display":{"width":"42%","string":"Metamodel path"}}],"plugins":{}}' class='mx-datagrid mx-name-grid1' tabindex='0'></div></m:argument></m:arguments></m:page>