﻿<?xml version='1.0' encoding='utf-8'?><m:page id='2e22a57d-2963-4f98-93aa-3d84645f99f2' xmlns='http://www.w3.org/1999/xhtml' title='Edit Db Size Estimate' closeButton='80_0' xmlns:m='http://schemas.mendix.com/forms/1.0'><m:layouts><m:layout path='MxModelReflection/ModelReflectionPopup.layout.xml'></m:layout><m:layout path='MxModelReflection/PopupLayout.layout.xml'></m:layout></m:layouts><m:arguments><m:argument parameterName='c14cdd50-4425-4547-b1d9-ca29fae66694'><div data-mendix-id='80_1' data-mendix-type='mxui.widget.DataView' data-mendix-props='"friendlyId":"MxModelReflection.DbSizeEstimate_NewEdit.dataView1","entity":"MxModelReflection.DbSizeEstimate","schema":"74c14a3a-4b21-450f-a27a-a9fd80e38be7","datasource":{"friendlyId":"MxModelReflection.DbSizeEstimate_NewEdit.dataView1","type":"direct","path":"MxModelReflection.DbSizeEstimate"}' class='mx-name-dataView1' tabindex='0'></div></m:argument></m:arguments><m:templates><m:template widget-id='80_1' name='content'><table class='mx-table mx-name-table1'><colgroup><col style='width:18%'></col><col style='width:82%'></col></colgroup><tbody><tr><th><label class='mx-name-label2' data-mendix-id='80_2_5'>Nr of records</label></th><td><div data-mendix-id='80_2_7' data-mendix-type='mxui.widget.NumberInput' data-mendix-props='"friendlyId":"MxModelReflection.DbSizeEstimate.textBox2","insideFormGroup":false,"attributePath":"MxModelReflection.DbSizeEstimate/NrOfRecords","readOnlyStyle":"text","validation":{"message":"This field is required","expression":{"type":"function","name":"!=","parameters":[{"type":"variable","variable":"value","path":null},{"type":"literal","value":null}]}},"placeholder":""' class='mx-name-textBox2' tabindex='0'></div></td></tr><tr><th><label class='mx-name-label4' data-mendix-id='80_2_9'>Mx object</label></th><td class='nopadding '><table class='mx-table mx-name-table2'><colgroup><col style='width:19%'></col><col style='width:81%'></col></colgroup><tbody><tr><td><div data-mendix-id='80_2_13' data-mendix-type='mxui.widget.TextInput' data-mendix-props='"friendlyId":"MxModelReflection.DbSizeEstimate.textBox4","insideFormGroup":false,"attributePath":"MxModelReflection.DbSizeEstimate/FindObjectType","readOnlyStyle":"text","validation":null,"events":{"change":{"name":"MxModelReflection.OC_FindObjectType","validate":"node","applyTo":"selection","allowedRoles":["Administrator","User"]}},"placeholder":"","maxLength":200' class='mx-name-textBox4' tabindex='0'></div></td><td><div data-mendix-id='80_2_15' data-mendix-type='mxui.widget.ReferenceSelector' data-mendix-props='"friendlyId":"MxModelReflection.DbSizeEstimate.referenceSelector1","insideFormGroup":false,"attributePath":"MxModelReflection.DbSizeEstimate/MxModelReflection.DbSizeEstimate_MxObjectType/MxModelReflection.MxObjectType/CompleteName","readOnlyStyle":"text","attributePath":"MxModelReflection.DbSizeEstimate/MxModelReflection.DbSizeEstimate_MxObjectType/MxModelReflection.MxObjectType/CompleteName","datasource":{"friendlyId":"MxModelReflection.DbSizeEstimate.referenceSelector1","type":"xpath","path":"MxModelReflection.MxObjectType","constrainedBy":[],"sort":[["CompleteName","asc"]]},"selectPageSettings":{"path":"MxModelReflection/MxObjectType_Select.page.xml","location":"popup","resizable":true},"validation":{"message":"This field is required","expression":{"type":"function","name":"!=","parameters":[{"type":"variable","variable":"value","path":null},{"type":"literal","value":null}]}},"emptyOptionCaption":""' class='mx-name-referenceSelector1' tabindex='0'></div></td></tr></tbody></table></td></tr><tr><th><label class='mx-name-label3' data-mendix-id='80_2_20'>Calculated size in bytes</label></th><td><div data-mendix-id='80_2_22' data-mendix-type='mxui.widget.NumberInput' data-mendix-props='"friendlyId":"MxModelReflection.DbSizeEstimate.textBox3","readOnly":true,"insideFormGroup":false,"attributePath":"MxModelReflection.DbSizeEstimate/CalculatedSizeInBytes","readOnlyStyle":"text","validation":null,"placeholder":""' class='mx-name-textBox3' tabindex='0'></div></td></tr><tr><th><label class='mx-name-label1' data-mendix-id='80_2_24'>Calculated size in kilo bytes</label></th><td><div data-mendix-id='80_2_26' data-mendix-type='mxui.widget.NumberInput' data-mendix-props='"friendlyId":"MxModelReflection.DbSizeEstimate.textBox1","readOnly":true,"insideFormGroup":false,"attributePath":"MxModelReflection.DbSizeEstimate/CalculatedSizeInKiloBytes","readOnlyStyle":"text","validation":null,"placeholder":""' class='mx-name-textBox1' tabindex='0'></div></td></tr></tbody></table></m:template><m:template widget-id='80_1' name='footer'><div data-mendix-id='80_34' data-mendix-type='mxui.widget.ActionButton' data-mendix-props='"friendlyId":"MxModelReflection.DbSizeEstimate_NewEdit.saveButton1","caption":{"$type":"textTemplate","text":"Save","friendlyId":"MxModelReflection.DbSizeEstimate_NewEdit.saveButton1"},"iconUrl":"img/System$Save.png?636468842603385563","renderType":"button","action":{"type":"saveChanges","hasParameter":true,"params":{"closePage":true}}' class='mx-name-saveButton1 btn-default' tabindex='0'></div><div data-mendix-id='80_0' data-mendix-type='mxui.widget.ActionButton' data-mendix-props='"friendlyId":"MxModelReflection.DbSizeEstimate_NewEdit.cancelButton1","caption":{"$type":"textTemplate","text":"Cancel","friendlyId":"MxModelReflection.DbSizeEstimate_NewEdit.cancelButton1"},"iconUrl":"img/System$Cancel.png?636468842603385563","renderType":"button","action":{"type":"cancelChanges","hasParameter":false,"params":{"closePage":true}}' class='mx-name-cancelButton1 btn-default' tabindex='0'></div></m:template></m:templates></m:page>