﻿<?xml version='1.0' encoding='utf-8'?><m:page id='7fa80cb1-2697-4608-9e92-be9d87af3d77' xmlns='http://www.w3.org/1999/xhtml' title='Select an object member' xmlns:m='http://schemas.mendix.com/forms/1.0'><m:layouts><m:layout path='MxModelReflection/ModelReflectionPopup.layout.xml'></m:layout><m:layout path='MxModelReflection/PopupLayout.layout.xml'></m:layout></m:layouts><m:arguments><m:argument parameterName='c14cdd50-4425-4547-b1d9-ca29fae66694'><div data-mendix-id='70_1' data-mendix-type='mxui.widget.DataGrid' data-mendix-props='"friendlyId":"MxModelReflection.Member_Select.grid1","entity":"MxModelReflection.MxObjectMember","schema":"218728c8-e8ec-4c86-87e2-b2fbac7900c6","config":{"locale":"en_US","gridType":"Standalone","gridpresentation":{"rows":20,"columns":1,"controlbar":true,"pagingbar":true,"sortparams":[["AttributeName","asc"]],"searchbar":true,"waitforsearch":false,"selectionmode":"single","editable":false,"sortable":true,"refresh":0,"selectfirst":false,"showemptyrows":false},"datasource":{"friendlyId":"MxModelReflection.Member_Select.grid1","type":"xpath","path":"MxModelReflection.MxObjectMember"},"searchOptions":{"searchBar":true,"toggleable":false,"toggledByDefault":false},"searchElements":[{"searchInputName":"searchField1","defaults":null,"defaultsParser":"Simple","caption":"Member name","path":"AttributeName","operator":"contains"},{"searchInputName":"searchField2","defaults":null,"defaultsParser":"Simple","caption":"Type","path":"MxModelReflection.MxObjectMember_Type/MxModelReflection.ValueType/Name","operator":"contains"}],"controlBar":{"gridTools":[{"mxid":"70_0","friendlyId":"MxModelReflection.Member_Select.selectButton1","name":"selectButton1","caption":{"$type":"textTemplate","text":"Select","friendlyId":"MxModelReflection.Member_Select.selectButton1"},"title":"","iconUrl":"img/System$Select.png?636468842603385563","cssClass":"btn-default"}],"gridActions":[{"keyValue":"70_0","gridFunction":"ReturnSelection"}]},"defaultButton":{"clickType":"double","mxid":"70_0"},"griddata":[{"tag":"AttributeName","name":"column1","editable":false,"render":"String","display":{"width":"50%","string":"Member name"}},{"tag":"MxModelReflection.MxObjectMember_Type/MxModelReflection.ValueType/Name","name":"column2","editable":false,"render":"String","display":{"width":"50%","string":"Type"}}],"plugins":{}}' class='mx-datagrid mx-name-grid1' tabindex='0'></div></m:argument></m:arguments></m:page>