﻿<?xml version='1.0' encoding='utf-8'?><m:page id='d0522674-96d8-4e66-a08f-b1251ae90467' xmlns='http://www.w3.org/1999/xhtml' title='View member' closeButton='64_0' xmlns:m='http://schemas.mendix.com/forms/1.0'><m:layouts><m:layout path='MxModelReflection/ModelReflectionPopup.layout.xml'></m:layout><m:layout path='MxModelReflection/PopupLayout.layout.xml'></m:layout></m:layouts><m:arguments><m:argument parameterName='c14cdd50-4425-4547-b1d9-ca29fae66694'><div data-mendix-id='64_1' data-mendix-type='mxui.widget.DataView' data-mendix-props='"friendlyId":"MxModelReflection.Member_View.dataView1","entity":"MxModelReflection.MxObjectMember","schema":"05edc942-8bcc-441f-9232-540f3e7dc9b7","readOnly":true,"datasource":{"friendlyId":"MxModelReflection.Member_View.dataView1","type":"direct","path":"MxModelReflection.MxObjectMember"},"conditions":{"64_2_40":{"visible":{"type":"variable","variable":"currentObject","path":"IsVirtual"}},"64_2_41":{"visible":{"type":"function","name":"not","parameters":[{"type":"variable","variable":"currentObject","path":"IsVirtual"}]}}}' class='mx-name-dataView1' tabindex='0'></div></m:argument></m:arguments><m:templates><m:template widget-id='64_1' name='content'><table class='mx-table mx-name-table1'><colgroup><col style='width:22%'></col><col style='width:78%'></col></colgroup><tbody><tr><th><label class='mx-name-label1' data-mendix-id='64_2_5'>Name</label></th><td><div data-mendix-id='64_2_7' data-mendix-type='mxui.widget.TextInput' data-mendix-props='"friendlyId":"MxModelReflection.Member.textBox1","insideFormGroup":false,"attributePath":"MxModelReflection.MxObjectMember/AttributeName","readOnlyStyle":"text","validation":null,"placeholder":"","maxLength":200' class='mx-name-textBox1' tabindex='0'></div></td></tr><tr><th><label class='mx-name-label2' data-mendix-id='64_2_9'>Type</label></th><td class='nopadding '><table class='mx-table mx-name-table2'><colgroup><col style='width:32%'></col><col style='width:2%'></col><col style='width:32%'></col><col style='width:2%'></col><col style='width:32%'></col></colgroup><tbody><tr><td><div data-mendix-id='64_2_13' data-mendix-type='mxui.widget.EnumSelect' data-mendix-props='"friendlyId":"MxModelReflection.Member.dropDown","insideFormGroup":false,"attributePath":"MxModelReflection.MxObjectMember/AttributeTypeEnum","readOnlyStyle":"text","validation":null,"emptyOptionCaption":""' class='mx-name-dropDown' tabindex='0'></div></td><td><label class='mx-name-label4' data-mendix-id='64_2_15'>/</label></td><td><div data-mendix-id='64_2_17' data-mendix-type='mxui.widget.ReferenceSelector' data-mendix-props='"friendlyId":"MxModelReflection.Member.referenceSelector1","insideFormGroup":false,"attributePath":"MxModelReflection.MxObjectMember/MxModelReflection.MxObjectMember_Type/MxModelReflection.ValueType/Name","readOnlyStyle":"text","attributePath":"MxModelReflection.MxObjectMember/MxModelReflection.MxObjectMember_Type/MxModelReflection.ValueType/Name","datasource":{"friendlyId":"MxModelReflection.Member.referenceSelector1","type":"xpath","path":"MxModelReflection.ValueType","constrainedBy":[],"sort":[["Name","asc"]]},"validation":null,"emptyOptionCaption":""' class='mx-name-referenceSelector1' tabindex='0'></div></td><td><label class='mx-name-label3' data-mendix-id='64_2_19'>/</label></td><td><div data-mendix-id='64_2_21' data-mendix-type='mxui.widget.ReferenceSelector' data-mendix-props='"friendlyId":"MxModelReflection.Member.referenceSelector2","insideFormGroup":false,"attributePath":"MxModelReflection.MxObjectMember/MxModelReflection.MxObjectMember_Type/MxModelReflection.ValueType/TypeEnum","readOnlyStyle":"text","attributePath":"MxModelReflection.MxObjectMember/MxModelReflection.MxObjectMember_Type/MxModelReflection.ValueType/TypeEnum","datasource":{"friendlyId":"MxModelReflection.Member.referenceSelector2","type":"xpath","path":"MxModelReflection.ValueType","constrainedBy":[],"sort":[["TypeEnum","asc"]]},"validation":null,"emptyOptionCaption":""' class='mx-name-referenceSelector2' tabindex='0'></div></td></tr></tbody></table></td></tr><tr data-mendix-id='64_2_40'><th><label class='mx-name-label5' data-mendix-id='64_2_29'>Value</label></th><td><label class='mx-name-label6' data-mendix-id='64_2_31'>Calculated</label></td></tr><tr data-mendix-id='64_2_41'><th><label class='mx-name-label7' data-mendix-id='64_2_33'>Value</label></th><td><label class='mx-name-label8' data-mendix-id='64_2_35'>Stored</label></td></tr></tbody></table></m:template><m:template widget-id='64_1' name='footer'><div data-mendix-id='64_0' data-mendix-type='mxui.widget.ActionButton' data-mendix-props='"friendlyId":"MxModelReflection.Member_View.closeButton1","caption":{"$type":"textTemplate","text":"Close","friendlyId":"MxModelReflection.Member_View.closeButton1"},"iconUrl":"img/MxModelReflection$Close.png?636468842603385563","renderType":"button","action":{"type":"closePage","hasParameter":false,"params":{}}' class='mx-name-closeButton1 btn-default' tabindex='0'></div></m:template></m:templates></m:page>