﻿<?xml version='1.0' encoding='utf-8'?><m:page id='6e60114d-c37c-4bdd-b78b-43afa37d1172' xmlns='http://www.w3.org/1999/xhtml' title='Domain model reflection' class='navlayout-topbar' xmlns:m='http://schemas.mendix.com/forms/1.0'><m:layouts><m:layout path='MxModelReflection/ModelReflectionDesktop.layout.xml'></m:layout><m:layout path='MxModelReflection/TopBar.layout.xml'></m:layout></m:layouts><m:arguments><m:argument parameterName='7ef994f6-6ed1-4c93-a821-bcc28001a4aa'><div data-mendix-id='60_0_1' class='mx-layoutgrid mx-layoutgrid-fluid container-fluid mx-name-layoutGrid1'><div class='row'><div class='col-md-2'><div class='mx-name-container2' style='margin-bottom: 20px;'><div data-mendix-id='60_0_2' data-mendix-type='mxui.widget.ReactWidgetWrapper' data-mendix-props='"widgetTree":{"widget":"com.mendix.widget.core.Text","widgetId":"60_0_2","props":{"name":"label12","class":"mx-name-label12","style":{},"caption":{"$type":"textTemplate","text":"Modules","friendlyId":"MxModelReflection.MxObjects.label12"},"renderMode":"h3"},"children":[]}'></div><div data-mendix-id='60_0_3' data-mendix-type='mxui.widget.ActionButton' data-mendix-props='"friendlyId":"MxModelReflection.MxObjects.microflowButton7","caption":{"$type":"textTemplate","text":"Click to refresh","friendlyId":"MxModelReflection.MxObjects.microflowButton7"},"iconClass":"glyphicon-refresh","renderType":"button","action":{"type":"callMicroflow","hasParameter":false,"params":{"name":"MxModelReflection.IVK_SyncObjects","async":true,"progress":"modal","progressMsg":"Synchronizing entities and microflows...","validate":"view","allowedRoles":["Administrator","User"]}}' data-mendix-roles='Administrator,User' class='mx-name-microflowButton7 btn-primary' tabindex='0'></div></div><div data-mendix-id='60_0_4' data-mendix-type='mxui.widget.ListView' data-mendix-props='"friendlyId":"MxModelReflection.MxObjects.listView1","datasource":{"friendlyId":"MxModelReflection.MxObjects.listView1","type":"microflow","microflow":"MxModelReflection.DSL_Modules","path":"MxModelReflection.Module","parameters":[]},"page":0,"selectable":"","action":{"type":"doNothing","hasParameter":false,"params":{}},"templateMap":{"MxModelReflection.Module":"MxModelReflection.Module"}' class='mx-name-listView1 listview-lined'></div></div><div class='col-md-10'><div class='mx-name-container3' style='margin-bottom: 20px;'><div data-mendix-id='60_0_5' data-mendix-type='mxui.widget.ReactWidgetWrapper' data-mendix-props='"widgetTree":{"widget":"com.mendix.widget.core.Text","widgetId":"60_0_5","props":{"name":"label1","class":"mx-name-label1","style":{},"caption":{"$type":"textTemplate","text":"Synchronize all entities and microflows of checked modules on the left","friendlyId":"MxModelReflection.MxObjects.label1"},"renderMode":"h3"},"children":[]}'></div><div data-mendix-id='60_0_6' data-mendix-type='mxui.widget.ActionButton' data-mendix-props='"friendlyId":"MxModelReflection.MxObjects.microflowButton8","caption":{"$type":"textTemplate","text":"Click to refresh","friendlyId":"MxModelReflection.MxObjects.microflowButton8"},"iconClass":"glyphicon-refresh","renderType":"button","action":{"type":"callMicroflow","hasParameter":false,"params":{"name":"MxModelReflection.IVK_SyncObjects","async":true,"progress":"modal","progressMsg":"Synchronizing entities and microflows...","validate":"view","allowedRoles":["Administrator","User"]}}' data-mendix-roles='Administrator,User' class='mx-name-microflowButton8 btn-primary' tabindex='0'></div></div><div data-mendix-id='60_0_7' data-mendix-type='mxui.widget.TabContainer' data-mendix-props='"friendlyId":"MxModelReflection.MxObjects.tabControl1"' class='mx-name-tabControl1' style='margin-top: 10px;' tabindex='0'></div></div></div></div></m:argument></m:arguments><m:templates><m:template widget-id='60_0_4' name='MxModelReflection.Module'><div data-mendix-id='60_0_8' data-mendix-type='mxui.widget.DataView' data-mendix-props='"friendlyId":"MxModelReflection.MxObjects.listView1","entity":"MxModelReflection.Module","schema":"9efcb30f-86b3-4b29-81fd-80317b00bc3d","datasource":{"friendlyId":"MxModelReflection.MxObjects.listView1","type":"direct","path":"MxModelReflection.Module"}' tabindex='0'></div></m:template><m:template widget-id='60_0_7' name='pages'><div data-mendix-id='60_0_12' data-mendix-type='mxui.widget.TabContent' data-mendix-props='"title":"Entities","delayLoading":false,"tabName":"tabPage1"'></div><div data-mendix-id='60_0_13' data-mendix-type='mxui.widget.TabContent' data-mendix-props='"title":"Microflows","delayLoading":true,"tabName":"tabPage2"'></div></m:template><m:template widget-id='60_0_8' name='content'><div data-mendix-id='60_0_10' data-mendix-type='mxui.widget.BoolSelect' data-mendix-props='"friendlyId":"MxModelReflection.MxObjects.checkBox1","insideFormGroup":false,"attributePath":"MxModelReflection.Module/SynchronizeObjectsWithinModule","readOnlyStyle":"text","validation":null,"events":{"change":{"name":"MxModelReflection.IVK_ToggleModule","validate":"view","applyTo":"selection","allowedRoles":["Administrator","User"]}}' class='mx-name-checkBox1' style='display: inline-block;' tabindex='0'></div><div data-mendix-id='60_0_11' data-mendix-type='mxui.widget.TextInput' data-mendix-props='"friendlyId":"MxModelReflection.MxObjects.textBox1","readOnly":true,"insideFormGroup":false,"attributePath":"MxModelReflection.Module/ModuleName","readOnlyStyle":"text","validation":null,"placeholder":"","maxLength":200' class='mx-name-textBox1' style='margin-left: 10px;display: inline-block;padding-top: 8px;' tabindex='0'></div></m:template><m:template widget-id='60_0_12' name='content'><div data-mendix-id='60_0_14' class='mx-layoutgrid mx-layoutgrid-fluid mx-name-layoutGrid2'><div class='row'><div class='col-md-1'><div data-mendix-id='60_0_15' data-mendix-type='mxui.widget.TemplateGrid' data-mendix-props='"friendlyId":"MxModelReflection.MxObjects.templateGrid1","contextname":"60_0_15","entity":"MxModelReflection.MxObjectType","schema":"66c226ac-58c9-4e2e-b3c3-80d1ee47046c","config":{"locale":"en_US","gridType":"Standalone","gridpresentation":{"rows":1,"columns":3,"controlbar":true,"pagingbar":true,"sortparams":[["CompleteName","asc"]],"searchbar":true,"waitforsearch":false,"selectionmode":"single","editable":false,"sortable":true,"refresh":0,"selectfirst":true},"datasource":{"friendlyId":"MxModelReflection.MxObjects.templateGrid1","type":"xpath","path":"MxModelReflection.MxObjectType"},"searchOptions":{"searchBar":true,"toggleable":false,"toggledByDefault":false},"searchElements":[{"searchInputName":"searchField10","defaults":null,"defaultsParser":"Simple","caption":"Module","path":"Module","operator":"contains"},{"searchInputName":"searchField9","defaults":null,"defaultsParser":"Simple","caption":"Entity","path":"Name","operator":"contains"},{"searchInputName":"searchField12","defaults":null,"defaultsParser":"Simple","caption":"Persistence type","path":"PersistenceType","operator":"=","retriever":"Enum"}],"controlBar":{"gridTools":[],"gridActions":[]},"plugins":{}}' class='mx-templategrid mx-name-templateGrid1' tabindex='0'></div></div><div class='col-md-11'><div data-mendix-id='60_0_16' data-mendix-type='mxui.widget.GroupBox' data-mendix-props='"friendlyId":"MxModelReflection.MxObjects.groupBox1","collapsable":true,"collapsed":false' class='mx-groupbox mx-groupbox-collapsible mx-name-groupBox1'><h2 class='mx-groupbox-header'><i class='glyphicon mx-groupbox-collapse-icon'></i>Entity details</h2><div class='mx-groupbox-body'><div data-mendix-id='60_0_17' data-mendix-type='mxui.widget.DataView' data-mendix-props='"friendlyId":"MxModelReflection.MxObjects.dataView1","entity":"MxModelReflection.MxObjectType","schema":"6f38878a-e4aa-49c3-aa24-b6af2af30042","noEntityMessage":"Please select an entity to view it&apos;s details","datasource":{"friendlyId":"MxModelReflection.MxObjects.dataView1","type":"listen","contextsource":"60_0_15"}' class='mx-name-dataView1 form-horizontal' tabindex='0'></div></div></div></div></div></div></m:template><m:template widget-id='60_0_13' name='content'><div data-mendix-id='60_0_57' class='mx-layoutgrid mx-layoutgrid-fluid mx-name-layoutGrid4'><div class='row'><div class='col-md-3'><div data-mendix-id='60_0_58' data-mendix-type='mxui.widget.TemplateGrid' data-mendix-props='"friendlyId":"MxModelReflection.MxObjects.templateGrid2","contextname":"60_0_58","entity":"MxModelReflection.Microflows","schema":"bb808bca-d776-4d67-b51f-386e065e9387","config":{"locale":"en_US","gridType":"Standalone","gridpresentation":{"rows":10,"columns":1,"controlbar":true,"pagingbar":true,"sortparams":[["CompleteName","asc"]],"searchbar":true,"waitforsearch":false,"selectionmode":"single","editable":false,"sortable":true,"refresh":0,"selectfirst":true},"datasource":{"friendlyId":"MxModelReflection.MxObjects.templateGrid2","type":"xpath","path":"MxModelReflection.Microflows"},"searchOptions":{"searchBar":true,"toggleable":false,"toggledByDefault":false},"searchElements":[{"searchInputName":"searchField11","defaults":null,"defaultsParser":"Simple","caption":"Module","path":"MxModelReflection.Microflows_Module/MxModelReflection.Module/ModuleName","operator":"=","datasource":{"type":"xpath","params":{"sortparams":[["ModuleName","asc"]]}}},{"searchInputName":"searchField13","defaults":null,"defaultsParser":"Simple","caption":"Name","path":"Name","operator":"contains"}],"controlBar":{"gridTools":[],"gridActions":[]},"plugins":{}}' class='mx-templategrid mx-name-templateGrid2' tabindex='0'></div></div><div class='col-md-9'><div data-mendix-id='60_0_59' data-mendix-type='mxui.widget.GroupBox' data-mendix-props='"friendlyId":"MxModelReflection.MxObjects.groupBox2","collapsable":true,"collapsed":false' class='mx-groupbox mx-groupbox-collapsible mx-name-groupBox2'><h2 class='mx-groupbox-header'><i class='glyphicon mx-groupbox-collapse-icon'></i>Entity details</h2><div class='mx-groupbox-body'><div data-mendix-id='60_0_60' data-mendix-type='mxui.widget.DataView' data-mendix-props='"friendlyId":"MxModelReflection.MxObjects.dataView3","entity":"MxModelReflection.Microflows","schema":"9d28a92a-bbcd-48e5-a884-83373835541f","noEntityMessage":"Please select an entity to view it&apos;s details","datasource":{"friendlyId":"MxModelReflection.MxObjects.dataView3","type":"listen","contextsource":"60_0_58"}' class='mx-name-dataView3 form-horizontal' tabindex='0'></div></div></div></div></div></div></m:template><m:template widget-id='60_0_15' name='content'><div data-mendix-id='60_0_81' data-mendix-type='mxui.widget.DataView' data-mendix-props='"friendlyId":"MxModelReflection.MxObjects.templateGrid1","entity":"MxModelReflection.MxObjectType","schema":"e66ff664-f834-4fa5-834e-b18f0a575610","readOnly":true,"datasource":{"friendlyId":"MxModelReflection.MxObjects.templateGrid1","type":"direct","path":"MxModelReflection.MxObjectType"}' tabindex='0'></div></m:template><m:template widget-id='60_0_17' name='content'><div class='mx-name-container1 form-group'><label class='mx-name-label4 control-label col-sm-3' data-mendix-id='60_0_21'>Friendly name</label><div data-mendix-id='60_0_22' data-mendix-type='mxui.widget.TextInput' data-mendix-props='"friendlyId":"MxModelReflection.MxObjects.textBox2","insideFormGroup":false,"attributePath":"MxModelReflection.MxObjectType/ReadableName","readOnlyStyle":"text","validation":null,"placeholder":"","maxLength":400' class='mx-name-textBox2 col-sm-6' tabindex='0'></div><div class='mx-name-container4 col-sm-3'><div data-mendix-id='60_0_24' data-mendix-type='mxui.widget.ActionButton' data-mendix-props='"friendlyId":"MxModelReflection.MxObjects.microflowButton1","caption":{"$type":"textTemplate","text":"Save","friendlyId":"MxModelReflection.MxObjects.microflowButton1"},"renderType":"button","action":{"type":"callMicroflow","hasParameter":true,"params":{"name":"MxModelReflection.IVK_MxObjectTypeCommit","async":true,"progress":"popup","progressMsg":"Saving...","validate":"view","applyTo":"selection","allowedRoles":["Administrator","User"]}}' data-mendix-roles='Administrator,User' class='mx-name-microflowButton1 btn-primary' tabindex='0'></div></div></div><div data-mendix-id='60_0_25' class='mx-layoutgrid mx-layoutgrid-fluid mx-name-layoutGrid3'><div class='row'><div class='col-md-6'><div data-mendix-id='60_0_29' class='form-group mx-name-textBox10'><label class='control-label col-sm-3'>Name</label><div data-mendix-id='60_0_87' data-mendix-type='mxui.widget.TextInput' data-mendix-props='"friendlyId":"MxModelReflection.MxObjects.textBox10","readOnly":true,"insideFormGroup":true,"attributePath":"MxModelReflection.MxObjectType/Name","readOnlyStyle":"text","validation":null,"placeholder":"","maxLength":200' class='col-sm-9' tabindex='0'></div></div><div data-mendix-id='60_0_30' class='form-group mx-name-dropDown2'><label class='control-label col-sm-3'>Persistence</label><div data-mendix-id='60_0_88' data-mendix-type='mxui.widget.EnumSelect' data-mendix-props='"friendlyId":"MxModelReflection.MxObjects.dropDown2","readOnly":true,"insideFormGroup":true,"attributePath":"MxModelReflection.MxObjectType/PersistenceType","readOnlyStyle":"text","validation":null,"emptyOptionCaption":""' class='col-sm-9' tabindex='0'></div></div></div><div class='col-md-6'><div class='mx-name-container9 form-group'><label class='mx-name-label3 control-label col-sm-3' data-mendix-id='60_0_34'>Inherits from</label><div data-mendix-id='60_0_35' data-mendix-type='mxui.widget.DataView' data-mendix-props='"friendlyId":"MxModelReflection.MxObjects.dataView2","entity":"MxModelReflection.InheritsFromContainer","schema":"b6f1b1f3-3c91-4bec-9107-9779e4659c1e","datasource":{"friendlyId":"MxModelReflection.MxObjects.dataView2","type":"microflow","microflow":"MxModelReflection.DSO_InheritsFromContainer","path":"MxModelReflection.InheritsFromContainer","parameters":["MxModelReflection.MxObjectType"]}' class='mx-name-dataView2 col-sm-9' tabindex='0'></div></div></div></div></div><div data-mendix-id='60_0_36' data-mendix-type='mxui.widget.TabContainer' data-mendix-props='"friendlyId":"MxModelReflection.MxObjects.tabControl2"' class='mx-name-tabControl2' tabindex='0'></div></m:template><m:template widget-id='60_0_58' name='content'><div data-mendix-id='60_0_90' data-mendix-type='mxui.widget.DataView' data-mendix-props='"friendlyId":"MxModelReflection.MxObjects.templateGrid2","entity":"MxModelReflection.Microflows","schema":"4c109622-35c2-4cb8-97fa-b701615e34b5","readOnly":true,"datasource":{"friendlyId":"MxModelReflection.MxObjects.templateGrid2","type":"direct","path":"MxModelReflection.Microflows"}' tabindex='0'></div></m:template><m:template widget-id='60_0_60' name='content'><div data-mendix-id='60_0_62' class='form-group mx-name-textBox9'><label class='control-label col-sm-3'>Microflow name</label><div data-mendix-id='60_0_96' data-mendix-type='mxui.widget.TextInput' data-mendix-props='"friendlyId":"MxModelReflection.MxObjects.textBox9","readOnly":true,"insideFormGroup":true,"attributePath":"MxModelReflection.Microflows/CompleteName","readOnlyStyle":"text","validation":null,"placeholder":"","maxLength":200' class='col-sm-9' tabindex='0'></div></div><div class='mx-name-container7 form-group'><label class='mx-name-label6 control-label col-sm-3' data-mendix-id='60_0_65'>Input parameters</label><div data-mendix-id='60_0_66' data-mendix-type='mxui.widget.ReferenceSetSelector' data-mendix-props='"friendlyId":"MxModelReflection.MxObjects.referenceSetSelector1","entity":"MxModelReflection.Parameter","schema":"e5ee3663-3a3f-4fc5-abdc-8d00452e602d","config":{"locale":"en_US","gridType":"Standalone","gridpresentation":{"rows":5,"columns":1,"controlbar":true,"pagingbar":true,"sortparams":[["Name","asc"]],"searchbar":false,"waitforsearch":false,"selectionmode":"none","editable":false,"sortable":true,"selectfirst":false,"showemptyrows":false},"datasource":{"friendlyId":"MxModelReflection.MxObjects.referenceSetSelector1","type":"referenceSet","entity":"MxModelReflection.Parameter","reference":"MxModelReflection.Microflows_InputParameter"},"controlBar":{"gridTools":[],"gridActions":[]},"griddata":[{"tag":"Name","name":"column5","editable":false,"render":"String","display":{"width":"32%","string":"Name"}},{"tag":"MxModelReflection.Parameter_ValueType/MxModelReflection.ValueType/Name","name":"column6","editable":false,"render":"String","display":{"width":"34%","string":"Primitive type"}},{"tag":"MxModelReflection.Parameter_MxObjectType/MxModelReflection.MxObjectType/CompleteName","name":"column11","editable":false,"render":"String","display":{"width":"34%","string":"Objecttype"}}],"plugins":{}},"constrainedBy":[]' class='mx-referencesetselector mx-name-referenceSetSelector1 col-sm-9' tabindex='0'></div></div><div class='mx-name-container8 form-group'><label class='mx-name-label7 control-label col-sm-3' data-mendix-id='60_0_76'>Output</label><div class='mx-name-container10 col-sm-9'><div data-mendix-id='60_0_79' data-mendix-type='mxui.widget.ReferenceSelector' data-mendix-props='"friendlyId":"MxModelReflection.MxObjects.referenceSelector1","readOnly":true,"insideFormGroup":false,"attributePath":"MxModelReflection.Microflows/MxModelReflection.Microflows_Output_Type/MxModelReflection.ValueType/Name","readOnlyStyle":"text","attributePath":"MxModelReflection.Microflows/MxModelReflection.Microflows_Output_Type/MxModelReflection.ValueType/Name","datasource":{"friendlyId":"MxModelReflection.MxObjects.referenceSelector1","type":"xpath","path":"MxModelReflection.ValueType","constrainedBy":[],"sort":[["Name","asc"]]},"validation":null,"emptyOptionCaption":""' class='mx-name-referenceSelector1' tabindex='0'></div><div data-mendix-id='60_0_80' data-mendix-type='mxui.widget.ReferenceSelector' data-mendix-props='"friendlyId":"MxModelReflection.MxObjects.referenceSelector2","readOnly":true,"insideFormGroup":false,"attributePath":"MxModelReflection.Microflows/MxModelReflection.Microflows_Output_Type/MxModelReflection.ValueType/TypeEnum","readOnlyStyle":"text","attributePath":"MxModelReflection.Microflows/MxModelReflection.Microflows_Output_Type/MxModelReflection.ValueType/TypeEnum","datasource":{"friendlyId":"MxModelReflection.MxObjects.referenceSelector2","type":"xpath","path":"MxModelReflection.ValueType","constrainedBy":[],"sort":[["TypeEnum","asc"]]},"validation":null,"emptyOptionCaption":""' class='mx-name-referenceSelector2' tabindex='0'></div></div></div></m:template><m:template widget-id='60_0_81' name='content'><div class='mx-name-container5'><div data-mendix-id='60_0_84' data-mendix-type='mxui.widget.TextInput' data-mendix-props='"friendlyId":"MxModelReflection.MxObjects.textBox4","insideFormGroup":false,"attributePath":"MxModelReflection.MxObjectType/Module","readOnlyStyle":"text","validation":null,"placeholder":"","maxLength":200' class='mx-name-textBox4' style='display:inline;' tabindex='0'></div><label class='mx-name-label2' data-mendix-id='60_0_85'>.</label><div data-mendix-id='60_0_86' data-mendix-type='mxui.widget.TextInput' data-mendix-props='"friendlyId":"MxModelReflection.MxObjects.textBox3","insideFormGroup":false,"attributePath":"MxModelReflection.MxObjectType/Name","readOnlyStyle":"text","validation":null,"placeholder":"","maxLength":200' class='mx-name-textBox3' style='display:inline; font-weight: bold;' tabindex='0'></div></div></m:template><m:template widget-id='60_0_35' name='content'><div data-mendix-id='60_0_89' data-mendix-type='mxui.widget.TextInput' data-mendix-props='"friendlyId":"MxModelReflection.MxObjects.textBox6","readOnly":true,"insideFormGroup":false,"attributePath":"MxModelReflection.InheritsFromContainer/Summary","readOnlyStyle":"text","validation":null,"placeholder":""' class='mx-name-textBox6' tabindex='0'></div></m:template><m:template widget-id='60_0_36' name='pages'><div data-mendix-id='60_0_37' data-mendix-type='mxui.widget.TabContent' data-mendix-props='"title":"Attributes","delayLoading":false,"tabName":"tabPage3"'></div><div data-mendix-id='60_0_48' data-mendix-type='mxui.widget.TabContent' data-mendix-props='"title":"References","delayLoading":true,"tabName":"tabPage4"'></div></m:template><m:template widget-id='60_0_90' name='content'><div class='mx-name-container6'><div data-mendix-id='60_0_93' data-mendix-type='mxui.widget.TextInput' data-mendix-props='"friendlyId":"MxModelReflection.MxObjects.textBox5","insideFormGroup":false,"attributePath":"MxModelReflection.Microflows/Module","readOnlyStyle":"text","validation":null,"placeholder":"","maxLength":200' class='mx-name-textBox5' style='display:inline;' tabindex='0'></div><label class='mx-name-label5' data-mendix-id='60_0_94'>.</label><div data-mendix-id='60_0_95' data-mendix-type='mxui.widget.TextInput' data-mendix-props='"friendlyId":"MxModelReflection.MxObjects.textBox7","insideFormGroup":false,"attributePath":"MxModelReflection.Microflows/Name","readOnlyStyle":"text","validation":null,"placeholder":"","maxLength":200' class='mx-name-textBox7' style='display:inline; font-weight: bold;' tabindex='0'></div></div></m:template><m:template widget-id='60_0_37' name='content'><div data-mendix-id='60_0_38' data-mendix-type='mxui.widget.DataGrid' data-mendix-props='"friendlyId":"MxModelReflection.MxObjects.grid1","entity":"MxModelReflection.MxObjectMember","schema":"9367d22c-e908-4060-95e1-9682444fba58","config":{"locale":"en_US","gridType":"Standalone","gridpresentation":{"rows":10,"columns":1,"controlbar":true,"pagingbar":true,"sortparams":[["AttributeName","asc"]],"searchbar":true,"waitforsearch":false,"selectionmode":"single","editable":false,"sortable":true,"refresh":0,"selectfirst":false,"showemptyrows":false},"datasource":{"friendlyId":"MxModelReflection.MxObjects.grid1","type":"xpath","path":"MxModelReflection.MxObjectMember_MxObjectType/MxModelReflection.MxObjectMember"},"searchOptions":{"searchBar":true,"toggleable":false,"toggledByDefault":false},"searchElements":[{"searchInputName":"searchField1","defaults":null,"defaultsParser":"Simple","caption":"Member name","path":"AttributeName","operator":"contains"},{"searchInputName":"searchField2","defaults":null,"defaultsParser":"Simple","caption":"Type","path":"AttributeTypeEnum","operator":"=","retriever":"Enum"}],"controlBar":{"gridTools":[{"mxid":"60_0_43","friendlyId":"MxModelReflection.MxObjects.editButton1","name":"editButton1","caption":{"$type":"textTemplate","text":"View","friendlyId":"MxModelReflection.MxObjects.editButton1"},"title":"","cssClass":"btn-primary","visibleForRoles":["Administrator","User"]}],"gridActions":[{"keyValue":"60_0_43","gridFunction":"EditSelection","params":{"MxModelReflection.MxObjectMember":{"pageSettings":{"path":"MxModelReflection/Member_View.page.xml","title":"View the attribute","location":"popup","resizable":true,"allowedRoles":["Administrator","User"]}},"MxModelReflection.MxObjectEnum":{"pageSettings":{"path":"MxModelReflection/MemberEnum_View.page.xml","title":"View the enum details","location":"popup","resizable":true}}}}]},"defaultButton":{"clickType":"double","mxid":"60_0_43"},"griddata":[{"tag":"AttributeName","name":"column2","editable":false,"render":"String","display":{"width":"25%","string":"Member name"}},{"tag":"AttributeTypeEnum","name":"column3","editable":false,"render":"Enum","display":{"width":"75%","string":"Type"}}],"plugins":{}}' class='mx-datagrid mx-name-grid1' tabindex='0'></div></m:template><m:template widget-id='60_0_48' name='content'><div data-mendix-id='60_0_49' data-mendix-type='mxui.widget.DataGrid' data-mendix-props='"friendlyId":"MxModelReflection.MxObjects.grid2","entity":"MxModelReflection.MxObjectReference","schema":"94e92171-ce04-42ba-9011-5350df1309bc","config":{"locale":"en_US","gridType":"Standalone","gridpresentation":{"rows":20,"columns":1,"controlbar":true,"pagingbar":true,"sortparams":[["CompleteName","asc"]],"searchbar":false,"waitforsearch":false,"selectionmode":"single","editable":false,"sortable":true,"refresh":0,"selectfirst":false,"showemptyrows":false},"datasource":{"friendlyId":"MxModelReflection.MxObjects.grid2","type":"xpath","path":"MxModelReflection.MxObjectReference","constraint":"[MxModelReflection.MxObjectReference_MxObjectType = &apos;[%CurrentObject%]&apos;]"},"controlBar":{"gridTools":[{"mxid":"60_0_54","friendlyId":"MxModelReflection.MxObjects.editButton3","name":"editButton3","caption":{"$type":"textTemplate","text":"View","friendlyId":"MxModelReflection.MxObjects.editButton3"},"title":"","cssClass":"btn-primary","visibleForRoles":["Administrator","User"]}],"gridActions":[{"keyValue":"60_0_54","gridFunction":"EditSelection","params":{"MxModelReflection.MxObjectReference":{"pageSettings":{"path":"MxModelReflection/MxObjectReference_View.page.xml","location":"popup","resizable":true,"allowedRoles":["Administrator","User"]}}}}]},"griddata":[{"tag":"CompleteName","name":"column1","editable":false,"render":"String","display":{"width":"50%","string":"Entity"}},{"tag":"MxModelReflection.MxObjectReference_MxObjectType/MxModelReflection.MxObjectType/CompleteName","name":"column4","editable":false,"render":"String","display":{"width":"50%","string":"Path"}}],"plugins":{}}' class='mx-datagrid mx-name-grid2' tabindex='0'></div></m:template></m:templates></m:page>