﻿<?xml version='1.0' encoding='utf-8'?><m:page id='34a22ab0-16d0-4fa8-bf71-e4c7d5f6e9aa' xmlns='http://www.w3.org/1999/xhtml' title='Select an object reference' xmlns:m='http://schemas.mendix.com/forms/1.0'><m:layouts><m:layout path='MxModelReflection/ModelReflectionPopup.layout.xml'></m:layout><m:layout path='MxModelReflection/PopupLayout.layout.xml'></m:layout></m:layouts><m:arguments><m:argument parameterName='c14cdd50-4425-4547-b1d9-ca29fae66694'><div data-mendix-id='69_1' data-mendix-type='mxui.widget.DataGrid' data-mendix-props='"friendlyId":"MxModelReflection.MxObjectReference_Select.grid1","entity":"MxModelReflection.MxObjectReference","schema":"ceec6555-00b5-4711-8cf8-e3f5a541e2cc","config":{"locale":"en_US","gridType":"Standalone","gridpresentation":{"rows":20,"columns":1,"controlbar":true,"pagingbar":true,"sortparams":[["CompleteName","asc"]],"searchbar":true,"waitforsearch":false,"selectionmode":"single","editable":false,"sortable":true,"refresh":0,"selectfirst":false,"showemptyrows":false},"datasource":{"friendlyId":"MxModelReflection.MxObjectReference_Select.grid1","type":"xpath","path":"MxModelReflection.MxObjectReference"},"searchOptions":{"searchBar":true,"toggleable":false,"toggledByDefault":false},"searchElements":[{"searchInputName":"searchField1","defaults":null,"defaultsParser":"Simple","caption":"MxObject reference","path":"CompleteName","operator":"contains"}],"controlBar":{"gridTools":[{"mxid":"69_0","friendlyId":"MxModelReflection.MxObjectReference_Select.selectButton1","name":"selectButton1","caption":{"$type":"textTemplate","text":"Select","friendlyId":"MxModelReflection.MxObjectReference_Select.selectButton1"},"title":"","iconUrl":"img/System$Select.png?636468842603385563","cssClass":"btn-default"}],"gridActions":[{"keyValue":"69_0","gridFunction":"ReturnSelection"}]},"defaultButton":{"clickType":"double","mxid":"69_0"},"griddata":[{"tag":"CompleteName","name":"column1","editable":false,"render":"String","display":{"width":"100%","string":"MxObject reference"}}],"plugins":{}}' class='mx-datagrid mx-name-grid1' tabindex='0'></div></m:argument></m:arguments></m:page>