﻿<?xml version='1.0' encoding='utf-8'?><m:page id='8e17a590-90c5-4449-b81e-bde224de1534' xmlns='http://www.w3.org/1999/xhtml' title='Size estimate' class='navlayout-topbar' xmlns:m='http://schemas.mendix.com/forms/1.0'><m:layouts><m:layout path='MxModelReflection/ModelReflectionDesktop.layout.xml'></m:layout><m:layout path='MxModelReflection/TopBar.layout.xml'></m:layout></m:layouts><m:arguments><m:argument parameterName='7ef994f6-6ed1-4c93-a821-bcc28001a4aa'><div data-mendix-id='81_0_6' data-mendix-type='mxui.widget.DataGrid' data-mendix-props='"friendlyId":"MxModelReflection.SizeEstimate.grid1","entity":"MxModelReflection.DbSizeEstimate","schema":"1feb1bed-0e93-403f-ac9e-b6c2c477f11c","config":{"locale":"en_US","gridType":"Standalone","gridpresentation":{"rows":20,"columns":1,"controlbar":true,"pagingbar":true,"sortparams":[["NrOfRecords","asc"]],"searchbar":true,"waitforsearch":false,"selectionmode":"single","editable":false,"sortable":true,"refresh":0,"selectfirst":false,"showemptyrows":false},"datasource":{"friendlyId":"MxModelReflection.SizeEstimate.grid1","type":"xpath","path":"MxModelReflection.DbSizeEstimate"},"searchOptions":{"searchBar":true,"toggleable":true,"toggledByDefault":true},"searchElements":[{"searchInputName":"searchField1","defaults":null,"defaultsParser":"Simple","caption":"Nr of records","path":"NrOfRecords","operator":"="},{"searchInputName":"searchField2","defaults":null,"defaultsParser":"Simple","caption":"Module","path":"MxModelReflection.DbSizeEstimate_MxObjectType/MxModelReflection.MxObjectType/Module","operator":"=","datasource":{"type":"xpath","params":{"sortparams":[["Module","asc"]]}}},{"searchInputName":"searchField3","defaults":null,"defaultsParser":"Simple","caption":"Mx object","path":"MxModelReflection.DbSizeEstimate_MxObjectType/MxModelReflection.MxObjectType/Name","operator":"contains"},{"searchInputName":"searchField4","defaults":null,"defaultsParser":"Simple","caption":"Calculated size in bytes","path":"CalculatedSizeInBytes","operator":"="},{"searchInputName":"searchField5","defaults":null,"defaultsParser":"Simple","caption":"Calculated size in kilo bytes","path":"CalculatedSizeInKiloBytes","operator":"="}],"controlBar":{"gridTools":[{"mxid":"81_0_1","friendlyId":"MxModelReflection.SizeEstimate.searchButton1","name":"searchButton1","caption":{"$type":"textTemplate","text":"Search","friendlyId":"MxModelReflection.SizeEstimate.searchButton1"},"title":"","iconUrl":"img/System$Search.png?636468842603385563","cssClass":"btn-default"},{"mxid":"81_0_2","friendlyId":"MxModelReflection.SizeEstimate.newButton1","name":"newButton1","caption":{"$type":"textTemplate","text":"New","friendlyId":"MxModelReflection.SizeEstimate.newButton1"},"title":"","iconUrl":"img/System$New.png?636468842603385563","cssClass":"btn-default","visibleForRoles":["Administrator","User"]},{"mxid":"81_0_3","friendlyId":"MxModelReflection.SizeEstimate.editButton1","name":"editButton1","caption":{"$type":"textTemplate","text":"Edit","friendlyId":"MxModelReflection.SizeEstimate.editButton1"},"title":"","iconUrl":"img/System$Edit.png?636468842603385563","cssClass":"btn-default","visibleForRoles":["Administrator","User"]},{"mxid":"81_0_4","friendlyId":"MxModelReflection.SizeEstimate.deleteButton1","name":"deleteButton1","caption":{"$type":"textTemplate","text":"Delete","friendlyId":"MxModelReflection.SizeEstimate.deleteButton1"},"title":"","iconUrl":"img/System$Delete.png?636468842603385563","cssClass":"btn-default"},{"mxid":"81_0_5","friendlyId":"MxModelReflection.SizeEstimate.microflowButton1","name":"microflowButton1","caption":{"$type":"textTemplate","text":"Recalculate all","friendlyId":"MxModelReflection.SizeEstimate.microflowButton1"},"title":"","iconUrl":"img/System$Microflow.png?636468842603385563","cssClass":"btn-default","visibleForRoles":["Administrator","User"]}],"gridActions":[{"keyValue":"81_0_1","gridFunction":"ToggleSearch"},{"keyValue":"81_0_2","gridFunction":"InsertNew","params":{"MxModelReflection.DbSizeEstimate":{"pageSettings":{"path":"MxModelReflection/DbSizeEstimate_NewEdit.page.xml","location":"popup","resizable":true,"allowedRoles":["Administrator","User"]}}}},{"keyValue":"81_0_3","gridFunction":"EditSelection","params":{"MxModelReflection.DbSizeEstimate":{"pageSettings":{"path":"MxModelReflection/DbSizeEstimate_NewEdit.page.xml","location":"popup","resizable":true,"allowedRoles":["Administrator","User"]}}}},{"keyValue":"81_0_4","gridFunction":"DeleteSelection"},{"keyValue":"81_0_5","gridFunction":"InvokeAction","params":{"MxModelReflection.DbSizeEstimate":{"action":{"type":"callMicroflow","hasParameter":false,"params":{"name":"MxModelReflection.IVK_RecalculateSize","validate":"view","allowedRoles":["Administrator","User"]}},"maintainSelection":false}}}]},"defaultButton":{"clickType":"double","mxid":"81_0_3"},"griddata":[{"tag":"NrOfRecords","name":"column1","editable":false,"render":"Integer","display":{"width":"25%","string":"Nr of records","align":"right","formatted":false}},{"tag":"MxModelReflection.DbSizeEstimate_MxObjectType/MxModelReflection.MxObjectType/Module","name":"column2","editable":false,"render":"String","display":{"width":"13%","string":"Module"}},{"tag":"MxModelReflection.DbSizeEstimate_MxObjectType/MxModelReflection.MxObjectType/Name","name":"column3","editable":false,"render":"String","display":{"width":"12%","string":"Mx object"}},{"tag":"CalculatedSizeInBytes","name":"column4","editable":false,"render":"Long","display":{"width":"25%","string":"Calculated size in bytes","align":"right","formatted":false}},{"tag":"CalculatedSizeInKiloBytes","name":"column5","editable":false,"render":"Long","display":{"width":"25%","string":"Calculated size in kilo bytes","align":"right","formatted":false}}],"plugins":{"Calculations":{"CalculatedSizeInBytes":{"type":"sum","title":"Total","formatted":false},"CalculatedSizeInKiloBytes":{"type":"sum","title":"Total","formatted":false}}}}' class='mx-datagrid mx-name-grid1' tabindex='0'></div></m:argument></m:arguments></m:page>