﻿<?xml version='1.0' encoding='utf-8'?><m:page id='884c74af-40ba-4bc3-b09f-c9576ba3cfbb' xmlns='http://www.w3.org/1999/xhtml' title='Test a Pattern' class='page-form page-form-default' closeButton='75_0' xmlns:m='http://schemas.mendix.com/forms/1.0'><m:layouts><m:layout path='MxModelReflection/PopupLayout.layout.xml'></m:layout></m:layouts><m:arguments><m:argument parameterName='511a1542-45c1-4230-9a0d-956ddce7c3d2'><div data-mendix-id='75_1' class='mx-layoutgrid mx-layoutgrid-fluid container-fluid mx-name-layoutGrid1'><div class='row'><div class='col-md-12'><div data-mendix-id='75_2' data-mendix-type='mxui.widget.DataView' data-mendix-props='"friendlyId":"MxModelReflection.TestPattern_Edit.dataView1","entity":"MxModelReflection.TestPattern","schema":"4f64fd9b-391e-4215-9851-1aab5e15e7a4","datasource":{"friendlyId":"MxModelReflection.TestPattern_Edit.dataView1","type":"direct","path":"MxModelReflection.TestPattern"},"conditions":{"75_12":{"visible":{"type":"function","name":"=","parameters":[{"type":"variable","variable":"currentObject","path":"AttributeTypeEnum"},{"type":"literal","value":"BooleanType"}]}},"75_13":{"visible":{"type":"function","name":"=","parameters":[{"type":"variable","variable":"currentObject","path":"AttributeTypeEnum"},{"type":"literal","value":"FloatType"}]}},"75_14":{"visible":{"type":"function","name":"=","parameters":[{"type":"variable","variable":"currentObject","path":"AttributeTypeEnum"},{"type":"literal","value":"Decimal"}]}},"75_15":{"visible":{"type":"function","name":"=","parameters":[{"type":"variable","variable":"currentObject","path":"AttributeTypeEnum"},{"type":"literal","value":"DateTime"}]}},"75_16":{"visible":{"type":"function","name":"=","parameters":[{"type":"variable","variable":"currentObject","path":"AttributeTypeEnum"},{"type":"literal","value":"IntegerType"}]}},"75_17":{"visible":{"type":"conditional","condition":{"type":"function","name":"=","parameters":[{"type":"variable","variable":"currentObject","path":"AttributeTypeEnum"},{"type":"literal","value":"AutoNumber"}]},"then":{"type":"literal","value":true},"else":{"type":"function","name":"=","parameters":[{"type":"variable","variable":"currentObject","path":"AttributeTypeEnum"},{"type":"literal","value":"LongType"}]}}},"75_18":{"visible":{"type":"conditional","condition":{"type":"function","name":"=","parameters":[{"type":"variable","variable":"currentObject","path":"AttributeTypeEnum"},{"type":"literal","value":"HashString"}]},"then":{"type":"literal","value":true},"else":{"type":"function","name":"=","parameters":[{"type":"variable","variable":"currentObject","path":"AttributeTypeEnum"},{"type":"literal","value":"StringType"}]}}}}' class='mx-name-dataView1 form-horizontal' tabindex='0'></div></div></div></div></m:argument></m:arguments><m:templates><m:template widget-id='75_2' name='content'><div data-mendix-id='75_4' class='form-group mx-name-textBox6'><label class='control-label col-sm-4'>Display pattern</label><div data-mendix-id='75_22' data-mendix-type='mxui.widget.TextInput' data-mendix-props='"friendlyId":"MxModelReflection.TestPattern_Edit.textBox6","insideFormGroup":true,"attributePath":"MxModelReflection.TestPattern/DisplayPattern","readOnlyStyle":"text","validation":null,"placeholder":"","maxLength":50' class='col-sm-8' tabindex='0'></div></div><div data-mendix-id='75_5' class='mx-layoutgrid mx-layoutgrid-fluid mx-name-layoutGrid2'><div class='row'><div class='col-md-4'><label class='mx-name-label2' data-mendix-id='75_8'></label></div><div class='col-md-8'><label class='mx-name-label1' style='font-size: 80%; font-style: italic;' data-mendix-id='75_10'>* Don't forget to copy your pattern before closing this popup. This page is just for testing the potential outcome of the pattern you try to use. </label></div></div></div><div data-mendix-id='75_11' class='form-group mx-name-dropDown1'><label class='control-label col-sm-4'>Attribute type enum</label><div data-mendix-id='75_23' data-mendix-type='mxui.widget.EnumSelect' data-mendix-props='"friendlyId":"MxModelReflection.TestPattern_Edit.dropDown1","insideFormGroup":true,"attributePath":"MxModelReflection.TestPattern/AttributeTypeEnum","readOnlyStyle":"text","validation":{"message":"This field is required","expression":{"type":"function","name":"!=","parameters":[{"type":"variable","variable":"value","path":null},{"type":"literal","value":null}]}},"emptyOptionCaption":""' class='col-sm-8' tabindex='0'></div></div><div data-mendix-id='75_12' class='form-group mx-name-checkBox1'><label class='control-label col-sm-4'>Boolean attribute</label><div data-mendix-id='75_24' data-mendix-type='mxui.widget.BoolSelect' data-mendix-props='"friendlyId":"MxModelReflection.TestPattern_Edit.checkBox1","insideFormGroup":true,"attributePath":"MxModelReflection.TestPattern/BooleanAttribute","readOnlyStyle":"text","validation":null' class='col-sm-8' tabindex='0'></div></div><div data-mendix-id='75_13' class='form-group mx-name-textBox7'><label class='control-label col-sm-4'>Float attribute</label><div data-mendix-id='75_25' data-mendix-type='mxui.widget.NumberInput' data-mendix-props='"friendlyId":"MxModelReflection.TestPattern_Edit.textBox7","insideFormGroup":true,"attributePath":"MxModelReflection.TestPattern/FloatAttribute","readOnlyStyle":"text","validation":null,"placeholder":"","precision":2' class='col-sm-8' tabindex='0'></div></div><div data-mendix-id='75_14' class='form-group mx-name-textBox8'><label class='control-label col-sm-4'>Decimal attribute</label><div data-mendix-id='75_26' data-mendix-type='mxui.widget.NumberInput' data-mendix-props='"friendlyId":"MxModelReflection.TestPattern_Edit.textBox8","insideFormGroup":true,"attributePath":"MxModelReflection.TestPattern/DecimalAttribute","readOnlyStyle":"text","validation":null,"placeholder":"","precision":2' class='col-sm-8' tabindex='0'></div></div><div data-mendix-id='75_15' class='form-group mx-name-datePicker2'><label class='control-label col-sm-4'>Date time attribute</label><div data-mendix-id='75_27' data-mendix-type='mxui.widget.DateInput' data-mendix-props='"friendlyId":"MxModelReflection.TestPattern_Edit.datePicker2","insideFormGroup":true,"attributePath":"MxModelReflection.TestPattern/DateTimeAttribute","readOnlyStyle":"text","validation":null,"placeholder":"","selector":"date"' class='col-sm-8' tabindex='0'></div></div><div data-mendix-id='75_16' class='form-group mx-name-textBox9'><label class='control-label col-sm-4'>Integer attribute</label><div data-mendix-id='75_28' data-mendix-type='mxui.widget.NumberInput' data-mendix-props='"friendlyId":"MxModelReflection.TestPattern_Edit.textBox9","insideFormGroup":true,"attributePath":"MxModelReflection.TestPattern/IntegerAttribute","readOnlyStyle":"text","validation":null,"placeholder":""' class='col-sm-8' tabindex='0'></div></div><div data-mendix-id='75_17' class='form-group mx-name-textBox10'><label class='control-label col-sm-4'>Long attribute</label><div data-mendix-id='75_29' data-mendix-type='mxui.widget.NumberInput' data-mendix-props='"friendlyId":"MxModelReflection.TestPattern_Edit.textBox10","insideFormGroup":true,"attributePath":"MxModelReflection.TestPattern/LongAttribute","readOnlyStyle":"text","validation":null,"placeholder":""' class='col-sm-8' tabindex='0'></div></div><div data-mendix-id='75_18' class='form-group mx-name-textBox11'><label class='control-label col-sm-4'>String attribute</label><div data-mendix-id='75_30' data-mendix-type='mxui.widget.TextInput' data-mendix-props='"friendlyId":"MxModelReflection.TestPattern_Edit.textBox11","insideFormGroup":true,"attributePath":"MxModelReflection.TestPattern/StringAttribute","readOnlyStyle":"text","validation":null,"placeholder":"","maxLength":200' class='col-sm-8' tabindex='0'></div></div><div data-mendix-id='75_19' class='form-group mx-name-textBox5'><label class='control-label col-sm-4'>Result</label><div data-mendix-id='75_31' data-mendix-type='mxui.widget.TextInput' data-mendix-props='"friendlyId":"MxModelReflection.TestPattern_Edit.textBox5","readOnly":true,"insideFormGroup":true,"attributePath":"MxModelReflection.TestPattern/Result","readOnlyStyle":"text","validation":null,"placeholder":"","maxLength":500' class='col-sm-8' tabindex='0'></div></div></m:template><m:template widget-id='75_2' name='footer'><div data-mendix-id='75_21' data-mendix-type='mxui.widget.ActionButton' data-mendix-props='"friendlyId":"MxModelReflection.TestPattern_Edit.actionButton1","caption":{"$type":"textTemplate","text":"Test the pattern","friendlyId":"MxModelReflection.TestPattern_Edit.actionButton1"},"renderType":"button","action":{"type":"callMicroflow","hasParameter":true,"params":{"name":"MxModelReflection.MB_TestThePattern","validate":"view","applyTo":"selection","allowedRoles":["Administrator","User"]}}' data-mendix-roles='Administrator,User' class='mx-name-actionButton1 btn-primary' tabindex='0'></div><div data-mendix-id='75_0' data-mendix-type='mxui.widget.ActionButton' data-mendix-props='"friendlyId":"MxModelReflection.TestPattern_Edit.cancelButton1","caption":{"$type":"textTemplate","text":"Cancel","friendlyId":"MxModelReflection.TestPattern_Edit.cancelButton1"},"renderType":"button","action":{"type":"cancelChanges","hasParameter":false,"params":{"closePage":true}}' class='mx-name-cancelButton1 btn-default' tabindex='0'></div></m:template></m:templates></m:page>