﻿<?xml version='1.0' encoding='utf-8'?><m:page id='fdfefc55-4d41-4dc7-984a-bbdf50b4977d' xmlns='http://www.w3.org/1999/xhtml' title='Token details' closeButton='73_0' xmlns:m='http://schemas.mendix.com/forms/1.0'><m:layouts><m:layout path='MxModelReflection/ModelReflectionPopup.layout.xml'></m:layout><m:layout path='MxModelReflection/PopupLayout.layout.xml'></m:layout></m:layouts><m:arguments><m:argument parameterName='c14cdd50-4425-4547-b1d9-ca29fae66694'><div data-mendix-id='73_1' data-mendix-type='mxui.widget.DataView' data-mendix-props='"friendlyId":"MxModelReflection.Token_NewEdit.dataView1","entity":"MxModelReflection.Token","schema":"b152c404-905e-47db-be38-83e502e66832","datasource":{"friendlyId":"MxModelReflection.Token_NewEdit.dataView1","type":"direct","path":"MxModelReflection.Token"},"conditions":{"73_2_72":{"visible":{"type":"conditional","condition":{"type":"function","name":"=","parameters":[{"type":"variable","variable":"currentObject","path":"TokenType"},{"type":"literal","value":"Attribute"}]},"then":{"type":"literal","value":true},"else":{"type":"function","name":"=","parameters":[{"type":"variable","variable":"currentObject","path":"TokenType"},{"type":"literal","value":"Reference"}]}}},"73_2_73":{"visible":{"type":"function","name":"=","parameters":[{"type":"variable","variable":"currentObject","path":"TokenType"},{"type":"literal","value":"Reference"}]}},"73_2_74":{"visible":{"type":"function","name":"=","parameters":[{"type":"variable","variable":"currentObject","path":"TokenType"},{"type":"literal","value":"Reference"}]}},"73_2_75":{"visible":{"type":"function","name":"=","parameters":[{"type":"variable","variable":"currentObject","path":"TokenType"},{"type":"literal","value":"Reference"}]}},"73_2_76":{"visible":{"type":"function","name":"=","parameters":[{"type":"variable","variable":"currentObject","path":"TokenType"},{"type":"literal","value":"Attribute"}]}}}' class='mx-name-dataView1' tabindex='0'></div></m:argument></m:arguments><m:templates><m:template widget-id='73_1' name='content'><table class='mx-table mx-name-table1'><colgroup><col style='width:20%'></col><col style='width:10%'></col><col style='width:10%'></col><col style='width:50%'></col><col style='width:10%'></col></colgroup><tbody><tr><th><label class='mx-name-label1' data-mendix-id='73_2_5'>Token</label></th><td><div data-mendix-id='73_2_7' data-mendix-type='mxui.widget.TextInput' data-mendix-props='"friendlyId":"MxModelReflection.Token.textBox1","insideFormGroup":false,"attributePath":"MxModelReflection.Token/Prefix","readOnlyStyle":"text","validation":{"message":"This field is required","expression":{"type":"function","name":"!=","parameters":[{"type":"variable","variable":"value","path":null},{"type":"literal","value":null}]}},"placeholder":"","maxLength":3' class='mx-name-textBox1' tabindex='0'></div></td><td colspan='2'><div data-mendix-id='73_2_9' data-mendix-type='mxui.widget.TextInput' data-mendix-props='"friendlyId":"MxModelReflection.Token.textBox3","insideFormGroup":false,"attributePath":"MxModelReflection.Token/Token","readOnlyStyle":"text","validation":{"message":"This field is required","expression":{"type":"function","name":"!=","parameters":[{"type":"variable","variable":"value","path":null},{"type":"literal","value":null}]}},"placeholder":"","maxLength":50' class='mx-name-textBox3' tabindex='0'></div></td><td><div data-mendix-id='73_2_11' data-mendix-type='mxui.widget.TextInput' data-mendix-props='"friendlyId":"MxModelReflection.Token.textBox2","insideFormGroup":false,"attributePath":"MxModelReflection.Token/Suffix","readOnlyStyle":"text","validation":{"message":"This field is required","expression":{"type":"function","name":"!=","parameters":[{"type":"variable","variable":"value","path":null},{"type":"literal","value":null}]}},"placeholder":"","maxLength":3' class='mx-name-textBox2' tabindex='0'></div></td></tr><tr><th><label class='mx-name-label9' data-mendix-id='73_2_13'>Description</label></th><td colspan='4'><div data-mendix-id='73_2_15' data-mendix-type='mxui.widget.TextInput' data-mendix-props='"friendlyId":"MxModelReflection.Token.textBox4","insideFormGroup":false,"attributePath":"MxModelReflection.Token/Description","readOnlyStyle":"text","validation":null,"placeholder":"","maxLength":300' class='mx-name-textBox4' tabindex='0'></div></td></tr><tr><th><label class='mx-name-label2' data-mendix-id='73_2_17'>Type</label></th><td colspan='4'><div data-mendix-id='73_2_19' data-mendix-type='mxui.widget.EnumSelect' data-mendix-props='"friendlyId":"MxModelReflection.Token.dropDown1","insideFormGroup":false,"attributePath":"MxModelReflection.Token/TokenType","readOnlyStyle":"text","validation":{"message":"This field is required","expression":{"type":"function","name":"!=","parameters":[{"type":"variable","variable":"value","path":null},{"type":"literal","value":null}]}},"emptyOptionCaption":""' class='mx-name-dropDown1' tabindex='0'></div></td></tr><tr data-mendix-id='73_2_72'><th><label class='mx-name-label3' data-mendix-id='73_2_21'>Objecttype</label></th><td colspan='4'><div data-mendix-id='73_2_23' data-mendix-type='mxui.widget.ReferenceSelector' data-mendix-props='"friendlyId":"MxModelReflection.Token.referenceSelector1","insideFormGroup":false,"attributePath":"MxModelReflection.Token/MxModelReflection.Token_MxObjectType_Start/MxModelReflection.MxObjectType/CompleteName","readOnlyStyle":"text","attributePath":"MxModelReflection.Token/MxModelReflection.Token_MxObjectType_Start/MxModelReflection.MxObjectType/CompleteName","datasource":{"friendlyId":"MxModelReflection.Token.referenceSelector1","type":"xpath","path":"MxModelReflection.MxObjectType","constrainedBy":[],"sort":[["CompleteName","asc"]]},"selectPageSettings":{"path":"MxModelReflection/MxObjectType_Select.page.xml","location":"popup","resizable":true},"events":{"change":{"name":"MxModelReflection.Ch_ObjectTypeStart","validate":"node","applyTo":"selection","allowedRoles":["Administrator","User"]}},"validation":null,"emptyOptionCaption":""' class='mx-name-referenceSelector1' tabindex='0'></div></td></tr><tr data-mendix-id='73_2_73'><th><label class='mx-name-label4' data-mendix-id='73_2_25'>Reference</label></th><td colspan='2'><div data-mendix-id='73_2_27' data-mendix-type='mxui.widget.TextInput' data-mendix-props='"friendlyId":"MxModelReflection.Token.textBox5","insideFormGroup":false,"attributePath":"MxModelReflection.Token/FindReference","readOnlyStyle":"text","validation":null,"events":{"change":{"name":"MxModelReflection.Ch_FindReference","validate":"node","applyTo":"selection","allowedRoles":["Administrator","User"]}},"placeholder":"","maxLength":200' class='mx-name-textBox5' tabindex='0'></div></td><td colspan='2'><div data-mendix-id='73_2_29' data-mendix-type='mxui.widget.ReferenceSelector' data-mendix-props='"friendlyId":"MxModelReflection.Token.referenceSelector5","insideFormGroup":false,"attributePath":"MxModelReflection.Token/MxModelReflection.Token_MxObjectReference/MxModelReflection.MxObjectReference/CompleteName","readOnlyStyle":"text","attributePath":"MxModelReflection.Token/MxModelReflection.Token_MxObjectReference/MxModelReflection.MxObjectReference/CompleteName","datasource":{"friendlyId":"MxModelReflection.Token.referenceSelector5","type":"xpath","path":"MxModelReflection.MxObjectReference","constrainedBy":["MxModelReflection.Token/MxModelReflection.Token_MxObjectType_Start/MxModelReflection.MxObjectType/MxModelReflection.MxObjectReference_MxObjectType/MxModelReflection.MxObjectReference"],"sort":[["CompleteName","asc"]]},"selectPageSettings":{"path":"MxModelReflection/MxObjectReference_Select.page.xml","location":"popup","resizable":true},"events":{"change":{"name":"MxModelReflection.Ch_Reference","validate":"node","applyTo":"selection","allowedRoles":["Administrator","User"]}},"validation":null,"emptyOptionCaption":""' class='mx-name-referenceSelector5' tabindex='0'></div></td></tr><tr data-mendix-id='73_2_74'><th><label class='mx-name-label7' data-mendix-id='73_2_31'>Objecttype</label></th><td colspan='2'><div data-mendix-id='73_2_33' data-mendix-type='mxui.widget.TextInput' data-mendix-props='"friendlyId":"MxModelReflection.Token.textBox8","insideFormGroup":false,"attributePath":"MxModelReflection.Token/FindObjectReference","readOnlyStyle":"text","validation":null,"events":{"change":{"name":"MxModelReflection.Ch_FindObjectTypeReference","validate":"node","applyTo":"selection","allowedRoles":["Administrator","User"]}},"placeholder":"","maxLength":200' class='mx-name-textBox8' tabindex='0'></div></td><td colspan='2'><div data-mendix-id='73_2_35' data-mendix-type='mxui.widget.ReferenceSelector' data-mendix-props='"friendlyId":"MxModelReflection.Token.referenceSelector2","insideFormGroup":false,"attributePath":"MxModelReflection.Token/MxModelReflection.Token_MxObjectType_Referenced/MxModelReflection.MxObjectType/CompleteName","readOnlyStyle":"text","attributePath":"MxModelReflection.Token/MxModelReflection.Token_MxObjectType_Referenced/MxModelReflection.MxObjectType/CompleteName","datasource":{"friendlyId":"MxModelReflection.Token.referenceSelector2","type":"xpath","path":"MxModelReflection.MxObjectType","constrainedBy":["MxModelReflection.Token/MxModelReflection.Token_MxObjectReference/MxModelReflection.MxObjectReference/MxModelReflection.MxObjectReference_MxObjectType/MxModelReflection.MxObjectType"],"sort":[["CompleteName","asc"]]},"selectPageSettings":{"path":"MxModelReflection/MxObjectType_Select.page.xml","title":"Select the referenced objecttype","location":"popup","resizable":true},"events":{"change":{"name":"MxModelReflection.Ch_ObjecttypeReference","validate":"node","applyTo":"selection","allowedRoles":["Administrator","User"]}},"validation":null,"emptyOptionCaption":""' class='mx-name-referenceSelector2' tabindex='0'></div></td></tr><tr data-mendix-id='73_2_75'><th><label class='mx-name-label5' data-mendix-id='73_2_37'>Attribute</label></th><td colspan='2'><div data-mendix-id='73_2_39' data-mendix-type='mxui.widget.TextInput' data-mendix-props='"friendlyId":"MxModelReflection.Token.textBox6","insideFormGroup":false,"attributePath":"MxModelReflection.Token/FindMemberReference","readOnlyStyle":"text","validation":null,"events":{"change":{"name":"MxModelReflection.Ch_FindMemberReference","validate":"node","applyTo":"selection","allowedRoles":["Administrator","User"]}},"placeholder":"","maxLength":200' class='mx-name-textBox6' tabindex='0'></div></td><td colspan='2'><div data-mendix-id='73_2_41' data-mendix-type='mxui.widget.ReferenceSelector' data-mendix-props='"friendlyId":"MxModelReflection.Token.referenceSelector4","insideFormGroup":false,"attributePath":"MxModelReflection.Token/MxModelReflection.Token_MxObjectMember/MxModelReflection.MxObjectMember/AttributeName","readOnlyStyle":"text","attributePath":"MxModelReflection.Token/MxModelReflection.Token_MxObjectMember/MxModelReflection.MxObjectMember/AttributeName","datasource":{"friendlyId":"MxModelReflection.Token.referenceSelector4","type":"xpath","path":"MxModelReflection.MxObjectMember","constrainedBy":["MxModelReflection.Token/MxModelReflection.Token_MxObjectType_Referenced/MxModelReflection.MxObjectType/MxModelReflection.MxObjectMember_MxObjectType/MxModelReflection.MxObjectMember"],"sort":[["AttributeName","asc"]]},"selectPageSettings":{"path":"MxModelReflection/Member_Select.page.xml","title":"Select the referenced attribute","location":"popup","resizable":true},"events":{"change":{"name":"MxModelReflection.Ch_Member","validate":"node","applyTo":"selection","allowedRoles":["Administrator","User"]}},"validation":null,"emptyOptionCaption":""' class='mx-name-referenceSelector4' tabindex='0'></div></td></tr><tr data-mendix-id='73_2_76'><th><label class='mx-name-label6' data-mendix-id='73_2_43'>Attribute</label></th><td colspan='2'><div data-mendix-id='73_2_45' data-mendix-type='mxui.widget.TextInput' data-mendix-props='"friendlyId":"MxModelReflection.Token.textBox7","insideFormGroup":false,"attributePath":"MxModelReflection.Token/FindMember","readOnlyStyle":"text","validation":null,"events":{"change":{"name":"MxModelReflection.Ch_FindMember","validate":"node","applyTo":"selection","allowedRoles":["Administrator","User"]}},"placeholder":"","maxLength":200' class='mx-name-textBox7' tabindex='0'></div></td><td colspan='2'><div data-mendix-id='73_2_47' data-mendix-type='mxui.widget.ReferenceSelector' data-mendix-props='"friendlyId":"MxModelReflection.Token.referenceSelector3","insideFormGroup":false,"attributePath":"MxModelReflection.Token/MxModelReflection.Token_MxObjectMember/MxModelReflection.MxObjectMember/AttributeName","readOnlyStyle":"text","attributePath":"MxModelReflection.Token/MxModelReflection.Token_MxObjectMember/MxModelReflection.MxObjectMember/AttributeName","datasource":{"friendlyId":"MxModelReflection.Token.referenceSelector3","type":"xpath","path":"MxModelReflection.MxObjectMember","constrainedBy":["MxModelReflection.Token/MxModelReflection.Token_MxObjectType_Start/MxModelReflection.MxObjectType/MxModelReflection.MxObjectMember_MxObjectType/MxModelReflection.MxObjectMember"],"sort":[["AttributeName","asc"]]},"selectPageSettings":{"path":"MxModelReflection/Member_Select.page.xml","location":"popup","resizable":true},"events":{"change":{"name":"MxModelReflection.Ch_Member","validate":"node","applyTo":"selection","allowedRoles":["Administrator","User"]}},"validation":null,"emptyOptionCaption":""' class='mx-name-referenceSelector3' tabindex='0'></div></td></tr><tr><th><label class='mx-name-label10' data-mendix-id='73_2_49'>Display Pattern</label></th><td colspan='4'><div data-mendix-id='73_2_51' data-mendix-type='mxui.widget.TextInput' data-mendix-props='"friendlyId":"MxModelReflection.Token.textBox9","insideFormGroup":false,"attributePath":"MxModelReflection.Token/DisplayPattern","readOnlyStyle":"text","validation":null,"placeholder":"","maxLength":50' class='mx-name-textBox9' tabindex='0'></div></td></tr><tr><td></td><td colspan='3'><label class='mx-name-label11' style='font-style: italic; font-size: 80%;' data-mendix-id='73_2_54'>The pattern is optional to format your values. If specified it uses the java.text.DecimalFormat for formatting Decimal/Float/Currency attributes and the java.util.Formatter  for all other fields. The module does not catch or check the pattern so please make sure that it is correct. Please see the respective JavaDocs for the format of the potential patterns.</label></td><td><div data-mendix-id='73_2_56' data-mendix-type='mxui.widget.ActionButton' data-mendix-props='"friendlyId":"MxModelReflection.Token.actionButton1","caption":{"$type":"textTemplate","text":"Test","friendlyId":"MxModelReflection.Token.actionButton1"},"renderType":"link","action":{"type":"callMicroflow","hasParameter":true,"params":{"name":"MxModelReflection.MB_TestTokenPattern","applyTo":"selection","allowedRoles":["Administrator","User"]}}' data-mendix-roles='Administrator,User' class='mx-name-actionButton1 btn-sm' tabindex='0'></div></td></tr><tr><th><label class='mx-name-label8' data-mendix-id='73_2_58'>Required?</label></th><td><div data-mendix-id='73_2_60' data-mendix-type='mxui.widget.BoolSelect' data-mendix-props='"friendlyId":"MxModelReflection.Token.checkBox1","insideFormGroup":false,"attributePath":"MxModelReflection.Token/IsOptional","readOnlyStyle":"text","validation":null' class='mx-name-checkBox1' tabindex='0'></div></td><td></td><td></td><td></td></tr></tbody></table></m:template><m:template widget-id='73_1' name='footer'><div data-mendix-id='73_81' data-mendix-type='mxui.widget.ActionButton' data-mendix-props='"friendlyId":"MxModelReflection.Token_NewEdit.saveButton1","caption":{"$type":"textTemplate","text":"Save","friendlyId":"MxModelReflection.Token_NewEdit.saveButton1"},"iconUrl":"img/System$Save.png?636468842603385563","renderType":"button","action":{"type":"saveChanges","hasParameter":true,"params":{"closePage":false}}' class='mx-name-saveButton1 btn-default' tabindex='0'></div><div data-mendix-id='73_0' data-mendix-type='mxui.widget.ActionButton' data-mendix-props='"friendlyId":"MxModelReflection.Token_NewEdit.cancelButton1","caption":{"$type":"textTemplate","text":"Cancel","friendlyId":"MxModelReflection.Token_NewEdit.cancelButton1"},"iconUrl":"img/System$Cancel.png?636468842603385563","renderType":"button","action":{"type":"cancelChanges","hasParameter":false,"params":{"closePage":false}}' class='mx-name-cancelButton1 btn-default' tabindex='0'></div></m:template></m:templates></m:page>