﻿<?xml version='1.0' encoding='utf-8'?><m:layout id='9af07cd6-173a-4481-afa0-b57cbd98cdaf' xmlns='http://www.w3.org/1999/xhtml' xmlns:m='http://schemas.mendix.com/forms/1.0'><m:arguments><m:argument><div data-mendix-id='78_0' data-mendix-type='mxui.widget.HorizontalScrollContainer' data-mendix-props='"fixed":false,"config":[{"position":"left","toggleMode":"pushContentAside","initiallyOpen":false},{"position":"center"}]' class='mx-layoutcontainer mx-scrollcontainer mx-layoutcontainer-horizontal mx-scrollcontainer-horizontal'><div class='mx-layoutcontainer-left mx-scrollcontainer-left region-sidebar' style='width:200px;'><div class='mx-layoutcontainer-wrapper mx-scrollcontainer-wrapper'><div data-mendix-id='78_1' data-mendix-type='mxui.widget.NavigationTree' data-mendix-props='"friendlyId":"MxModelReflection.TopBar.navigationTree1","menuID":"159b6aef-dbc3-5b23-a735-cf99f8341771"' class='mx-name-navigationTree1'></div></div></div><div class='mx-layoutcontainer-center mx-scrollcontainer-center '><div class='mx-layoutcontainer-wrapper mx-scrollcontainer-wrapper mx-layoutcontainer-nested mx-scrollcontainer-nested'><div data-mendix-id='78_2' data-mendix-type='mxui.widget.VerticalScrollContainer' data-mendix-props='"fixed":false,"config":[{"position":"top"},{"position":"middle"}]' class='mx-layoutcontainer mx-scrollcontainer mx-layoutcontainer-vertical mx-scrollcontainer-vertical'><div class='mx-layoutcontainer-top mx-scrollcontainer-top region-topbar'><div class='mx-layoutcontainer-wrapper mx-scrollcontainer-wrapper'><div data-mendix-id='78_3' class='mx-layoutgrid mx-layoutgrid-fluid container-fluid mx-name-layoutGrid2'><div class='row'><div class='col-md-12 col-xs-12 col-sm-12'><div class='mx-name-container5 navbar-header'><div data-mendix-id='78_4' data-mendix-type='mxui.widget.SidebarToggleButton' data-mendix-props='"friendlyId":"MxModelReflection.TopBar.sidebarToggle2","caption":{"$type":"textTemplate","text":"","friendlyId":"MxModelReflection.TopBar.sidebarToggle2"},"iconClass":"glyphicon-menu-hamburger","renderType":"button"' class='mx-name-sidebarToggle2 hidden-sm hidden-md hidden-lg btn-bordered toggle-btn btn-inverse' tabindex='-1'></div><div data-mendix-id='78_5' data-mendix-type='mxui.widget.ActionButton' data-mendix-props='"friendlyId":"MxModelReflection.TopBar.microflowButton2","caption":{"$type":"textTemplate","text":"Company Name","friendlyId":"MxModelReflection.TopBar.microflowButton2"},"iconUrl":"img/MxModelReflection$logo.png?636468842603385563","renderType":"link","action":{"type":"callMicroflow","hasParameter":false,"params":{"name":"System.ShowHomePage","validate":"view","allowedRoles":["Administrator","User","Anonymous"]}}' data-mendix-roles='Administrator,User,Anonymous' class='mx-name-microflowButton2 navbar-brand' tabindex='0'></div><div data-mendix-id='78_6' data-mendix-type='mxui.widget.Navbar' data-mendix-props='"friendlyId":"MxModelReflection.TopBar.menuBar1","menuID":"159b6aef-dbc3-5b23-a735-cf99f8341771"' class='mx-name-menuBar1 hidden-xs'></div></div></div></div></div></div></div><div class='mx-layoutcontainer-middle mx-scrollcontainer-middle region-content'><div class='mx-layoutcontainer-wrapper mx-scrollcontainer-wrapper'><div data-mx-placeholder='0d6ea0f9-4acf-4a91-9203-39ab189ec668' class='mx-placeholder'></div></div></div></div></div></div></div></m:argument></m:arguments></m:layout>