﻿<?xml version='1.0' encoding='utf-8'?><m:page id='4c6919a2-b4db-48d5-8caa-457dcbc0a424' xmlns='http://www.w3.org/1999/xhtml' title='Type details' closeButton='65_0' xmlns:m='http://schemas.mendix.com/forms/1.0'><m:layouts><m:layout path='MxModelReflection/ModelReflectionPopup.layout.xml'></m:layout><m:layout path='MxModelReflection/PopupLayout.layout.xml'></m:layout></m:layouts><m:arguments><m:argument parameterName='c14cdd50-4425-4547-b1d9-ca29fae66694'><div data-mendix-id='65_1' data-mendix-type='mxui.widget.DataView' data-mendix-props='"friendlyId":"MxModelReflection.ValueType_View.dataView1","entity":"MxModelReflection.ValueType","schema":"0b4ce3b0-4502-486d-ac4e-5d8286ccbcb5","readOnly":true,"datasource":{"friendlyId":"MxModelReflection.ValueType_View.dataView1","type":"direct","path":"MxModelReflection.ValueType"}' class='mx-name-dataView1' tabindex='0'></div></m:argument></m:arguments><m:templates><m:template widget-id='65_1' name='content'><table class='mx-table mx-name-table1'><colgroup><col style='width:17%'></col><col style='width:83%'></col></colgroup><tbody><tr><th><label class='mx-name-label2' data-mendix-id='65_2_5'>Name</label></th><td><div data-mendix-id='65_2_7' data-mendix-type='mxui.widget.TextInput' data-mendix-props='"friendlyId":"MxModelReflection.ValueType.textBox1","insideFormGroup":false,"attributePath":"MxModelReflection.ValueType/Name","readOnlyStyle":"text","validation":null,"placeholder":"","maxLength":200' class='mx-name-textBox1' tabindex='0'></div></td></tr><tr><th><label class='mx-name-label1' data-mendix-id='65_2_9'>Type enum</label></th><td><div data-mendix-id='65_2_11' data-mendix-type='mxui.widget.EnumSelect' data-mendix-props='"friendlyId":"MxModelReflection.ValueType.dropDown1","insideFormGroup":false,"attributePath":"MxModelReflection.ValueType/TypeEnum","readOnlyStyle":"text","validation":null,"emptyOptionCaption":""' class='mx-name-dropDown1' tabindex='0'></div></td></tr></tbody></table></m:template><m:template widget-id='65_1' name='footer'><div data-mendix-id='65_0' data-mendix-type='mxui.widget.ActionButton' data-mendix-props='"friendlyId":"MxModelReflection.ValueType_View.closeButton1","caption":{"$type":"textTemplate","text":"Close","friendlyId":"MxModelReflection.ValueType_View.closeButton1"},"iconUrl":"img/System$Close.png?636468842603385563","renderType":"button","action":{"type":"closePage","hasParameter":false,"params":{}}' class='mx-name-closeButton1 btn-default' tabindex='0'></div></m:template></m:templates></m:page>