﻿<?xml version='1.0' encoding='utf-8'?><m:page id='38202bde-0b38-403c-9bbb-8e0ddeace848' xmlns='http://www.w3.org/1999/xhtml' title='Accounts' class='layout-sidebar-responsive page-tabs page-tabs-fullwidth' xmlns:m='http://schemas.mendix.com/forms/1.0'><m:layouts><m:layout path='NavigationLayouts/Sidebar_Full_Responsive.layout.xml'></m:layout></m:layouts><m:arguments><m:argument parameterName='90307765-bc1b-483c-818f-821454fe380b'><div data-mendix-id='51_0' class='mx-layoutgrid mx-layoutgrid-fluid mx-name-layoutGrid4'><div class='row'><div class='col-md-12'><div data-mendix-id='51_1' data-mendix-type='mxui.widget.ReactWidgetWrapper' data-mendix-props='"widgetTree":{"widget":"com.mendix.widget.core.Text","widgetId":"51_1","props":{"name":"label1","class":"mx-name-label1 pageheader-title","style":{"fontFamily":"segoe !important","fontSize":"20px ! important"},"caption":{"$type":"textTemplate","text":"Account Overview","friendlyId":"Administration.Account_Overview.label1"},"renderMode":"h2"},"children":[]}'></div><div data-mendix-id='51_2' data-mendix-type='mxui.widget.ActionButton' data-mendix-props='"friendlyId":"Administration.Account_Overview.actionButton4","caption":{"$type":"textTemplate","text":"","friendlyId":"Administration.Account_Overview.actionButton4"},"iconUrl":"img/MyFirstModule$add.png?636468842603385563","title":"Add User ","renderType":"link","action":{"type":"callMicroflow","hasParameter":false,"params":{"name":"Administration.NewAccount","validate":"view","allowedRoles":["Administrator"]}}' data-mendix-roles='Administrator' class='mx-name-actionButton4 imgCls' style='Float: right;' tabindex='0'></div><table class='mx-table mx-name-table2 tableHeaderCls' style='align:cente ! important;'><colgroup><col style='width:13%'></col><col style='width:24%'></col><col style='width:21%'></col><col style='width:17%'></col><col style='width:14%'></col><col style='width:11%'></col></colgroup><tbody><tr><td><div data-mendix-id='51_3' data-mendix-type='mxui.widget.ReactWidgetWrapper' data-mendix-props='"widgetTree":{"widget":"com.mendix.widget.core.Text","widgetId":"51_3","props":{"name":"text8","class":"mx-name-text8","style":{},"caption":{"$type":"textTemplate","text":"Full Name","friendlyId":"Administration.Account_Overview.text8"},"renderMode":"span"},"children":[]}'></div></td><td><div data-mendix-id='51_4' data-mendix-type='mxui.widget.ReactWidgetWrapper' data-mendix-props='"widgetTree":{"widget":"com.mendix.widget.core.Text","widgetId":"51_4","props":{"name":"text9","class":"mx-name-text9","style":{},"caption":{"$type":"textTemplate","text":"Login","friendlyId":"Administration.Account_Overview.text9"},"renderMode":"span"},"children":[]}'></div></td><td><div data-mendix-id='51_5' data-mendix-type='mxui.widget.ReactWidgetWrapper' data-mendix-props='"widgetTree":{"widget":"com.mendix.widget.core.Text","widgetId":"51_5","props":{"name":"text10","class":"mx-name-text10","style":{},"caption":{"$type":"textTemplate","text":"Roles","friendlyId":"Administration.Account_Overview.text10"},"renderMode":"span"},"children":[]}'></div></td><td><div data-mendix-id='51_6' data-mendix-type='mxui.widget.ReactWidgetWrapper' data-mendix-props='"widgetTree":{"widget":"com.mendix.widget.core.Text","widgetId":"51_6","props":{"name":"text11","class":"mx-name-text11","style":{},"caption":{"$type":"textTemplate","text":"Last Login","friendlyId":"Administration.Account_Overview.text11"},"renderMode":"span"},"children":[]}'></div></td><td><div data-mendix-id='51_7' data-mendix-type='mxui.widget.ReactWidgetWrapper' data-mendix-props='"widgetTree":{"widget":"com.mendix.widget.core.Text","widgetId":"51_7","props":{"name":"text14","class":"mx-name-text14","style":{},"caption":{"$type":"textTemplate","text":"Local","friendlyId":"Administration.Account_Overview.text14"},"renderMode":"span"},"children":[]}'></div></td><td></td></tr></tbody></table><div data-mendix-id='51_8' data-mendix-type='mxui.widget.TemplateGrid' data-mendix-props='"friendlyId":"Administration.Account_Overview.templateGrid2","entity":"Administration.Account","schema":"9c3055ee-8663-451a-b3c6-bd25304cd744","config":{"locale":"fr_BE","gridType":"Standalone","gridpresentation":{"rows":10,"columns":1,"controlbar":false,"pagingbar":false,"searchbar":true,"waitforsearch":false,"selectionmode":"none","editable":false,"sortable":true,"refresh":0,"selectfirst":false},"datasource":{"friendlyId":"Administration.Account_Overview.templateGrid2","type":"xpath","path":"Administration.Account","constraint":"[IsLocalUser]"},"searchOptions":{"searchBar":true,"toggleable":true,"toggledByDefault":true},"searchElements":[],"controlBar":{"gridTools":[],"gridActions":[]},"plugins":{}}' class='mx-templategrid mx-name-templateGrid2' tabindex='0'></div></div></div></div></m:argument></m:arguments><m:templates><m:template widget-id='51_8' name='content'><div data-mendix-id='51_9' data-mendix-type='mxui.widget.DataView' data-mendix-props='"friendlyId":"Administration.Account_Overview.templateGrid2","entity":"Administration.Account","schema":"348531ed-9626-442c-84d2-50ae3852e0a4","readOnly":true,"datasource":{"friendlyId":"Administration.Account_Overview.templateGrid2","type":"direct","path":"Administration.Account"}' tabindex='0'></div></m:template><m:template widget-id='51_9' name='content'><table class='mx-table mx-name-table1' style='align:center;'><colgroup><col style='width:10%'></col><col style='width:18%'></col><col style='width:9%'></col><col style='width:13%'></col><col style='width:8%'></col><col style='width:18%'></col><col style='width:10%'></col><col style='width:14%'></col></colgroup><tbody><tr><td><div data-mendix-id='51_10_13' data-mendix-type='mxui.widget.ReactWidgetWrapper' data-mendix-props='"widgetTree":{"widget":"com.mendix.widget.core.Text","widgetId":"51_10_13","props":{"name":"text1","class":"mx-name-text1","style":{},"caption":{"$type":"textTemplate","text":"{1}","friendlyId":"MyFirstModule.Snippet_local_user.text1","parameters":{"1":"Administration.Account/FullName"}},"renderMode":"span"},"children":[]}'></div></td><td><div data-mendix-id='51_10_15' data-mendix-type='mxui.widget.ReactWidgetWrapper' data-mendix-props='"widgetTree":{"widget":"com.mendix.widget.core.Text","widgetId":"51_10_15","props":{"name":"text2","class":"mx-name-text2","style":{},"caption":{"$type":"textTemplate","text":"{1}","friendlyId":"MyFirstModule.Snippet_local_user.text2","parameters":{"1":"Administration.Account/Name"}},"renderMode":"span"},"children":[]}'></div></td><td></td><td><div data-mendix-id='51_10_18' data-mendix-type='mxui.widget.InputReferenceSetSelector' data-mendix-props='"friendlyId":"MyFirstModule.Snippet_local_user.referenceSetSelector1","readOnly":true,"insideFormGroup":false,"attributePath":"Administration.Account/System.UserRoles/System.UserRole/Name","readOnlyStyle":"text","attributePath":"Administration.Account/System.UserRoles/System.UserRole/Name","datasource":{"friendlyId":"MyFirstModule.Snippet_local_user.referenceSetSelector1","type":"xpath","path":"System.UserRole","constrainedBy":[]}' class='mx-name-referenceSetSelector1' tabindex='0'></div></td><td></td><td><div data-mendix-id='51_10_21' data-mendix-type='mxui.widget.ReactWidgetWrapper' data-mendix-props='"widgetTree":{"widget":"com.mendix.widget.core.Text","widgetId":"51_10_21","props":{"name":"text3","class":"mx-name-text3","style":{},"caption":{"$type":"textTemplate","text":"{1}","friendlyId":"MyFirstModule.Snippet_local_user.text3","parameters":{"1":"Administration.Account/LastLogin"}},"renderMode":"span"},"children":[]}'></div></td><td><div data-mendix-id='51_10_23' data-mendix-type='mxui.widget.ReactWidgetWrapper' data-mendix-props='"widgetTree":{"widget":"com.mendix.widget.core.Text","widgetId":"51_10_23","props":{"name":"text6","class":"mx-name-text6","style":{},"caption":{"$type":"textTemplate","text":"{1}","friendlyId":"MyFirstModule.Snippet_local_user.text6","parameters":{"1":"Administration.Account/IsLocalUser"}},"renderMode":"span"},"children":[]}'></div></td><td><div class='mx-name-container1'><div data-mendix-id='51_10_27' data-mendix-type='mxui.widget.ActionButton' data-mendix-props='"friendlyId":"MyFirstModule.Snippet_local_user.actionButton1","caption":{"$type":"textTemplate","text":"","friendlyId":"MyFirstModule.Snippet_local_user.actionButton1"},"iconUrl":"img/MyFirstModule$edit_on.png?636468842603385563","title":"Edit Account","renderType":"link","action":{"type":"openPage","hasParameter":true,"params":{"path":"Administration/Account_Edit.page.xml","title":"Edit Account","location":"modal","resizable":true,"allowedRoles":["Administrator"]}}' data-mendix-roles='Administrator' class='mx-name-actionButton1 imgCls-small' style='margin-left:20px;' tabindex='0'></div><div data-mendix-id='51_10_28' data-mendix-type='mxui.widget.ActionButton' data-mendix-props='"friendlyId":"MyFirstModule.Snippet_local_user.actionButton2","caption":{"$type":"textTemplate","text":"","friendlyId":"MyFirstModule.Snippet_local_user.actionButton2"},"iconUrl":"img/MyFirstModule$delete_on.png?636468842603385563","title":"Delete Account ","renderType":"link","action":{"type":"callMicroflow","hasParameter":true,"params":{"name":"MyFirstModule.Microflow_delete_user_Account","validate":"view","confirmation":{"question":"Are you sure you want to delete this?","proceed":"Delete","cancel":"Cancel"},"applyTo":"selection","allowedRoles":["Administrator","User"]}}' data-mendix-roles='Administrator,User' class='mx-name-actionButton2 imgCls-small' style='margin-left:20px;' tabindex='0'></div></div></td></tr></tbody></table></m:template></m:templates></m:page>