﻿<?xml version='1.0' encoding='utf-8'?><m:page id='796dc2c0-b863-41f7-afa7-758d1f8ea194' xmlns='http://www.w3.org/1999/xhtml' title='Active Sessions' class='layout-sidebar-responsive' xmlns:m='http://schemas.mendix.com/forms/1.0'><m:layouts><m:layout path='NavigationLayouts/Sidebar_Full_Responsive.layout.xml'></m:layout></m:layouts><m:arguments><m:argument parameterName='90307765-bc1b-483c-818f-821454fe380b'><div class='mx-name-container1 pageheader pageheader-fullwidth'><div data-mendix-id='58_0' class='mx-layoutgrid mx-layoutgrid-fluid mx-name-layoutGrid1'><div class='row'><div class='col-md-12'><div data-mendix-id='58_1' data-mendix-type='mxui.widget.ReactWidgetWrapper' data-mendix-props='"widgetTree":{"widget":"com.mendix.widget.core.Text","widgetId":"58_1","props":{"name":"label1","class":"mx-name-label1 pageheader-title","style":{},"caption":{"$type":"textTemplate","text":"Active Sessions","friendlyId":"Administration.ActiveSessions.label1"},"renderMode":"h2"},"children":[]}'></div></div></div></div></div><div data-mendix-id='58_2' class='mx-layoutgrid mx-layoutgrid-fluid mx-name-layoutGrid2'><div class='row'><div class='col-md-12'><div data-mendix-id='58_5' data-mendix-type='mxui.widget.DataGrid' data-mendix-props='"friendlyId":"Administration.ActiveSessions.grid1","entity":"System.Session","schema":"9228c55a-f354-42bf-9852-0625f9464998","config":{"locale":"fr_BE","gridType":"Standalone","gridpresentation":{"rows":20,"columns":1,"controlbar":true,"pagingbar":true,"sortparams":[["System.Session_User/System.User/Name","asc"]],"searchbar":true,"waitforsearch":false,"selectionmode":"simplemulti","editable":false,"sortable":true,"refresh":0,"selectfirst":false,"showemptyrows":false},"datasource":{"friendlyId":"Administration.ActiveSessions.grid1","type":"xpath","path":"System.Session"},"searchOptions":{"searchBar":true,"toggleable":true,"toggledByDefault":true},"searchElements":[{"searchInputName":"searchField1","defaults":null,"defaultsParser":"Simple","caption":"User name","path":"System.Session_User/System.User/Name","operator":"contains"}],"controlBar":{"gridTools":[{"mxid":"58_3","friendlyId":"Administration.ActiveSessions.searchButton1","name":"searchButton1","caption":{"$type":"textTemplate","text":"Search","friendlyId":"Administration.ActiveSessions.searchButton1"},"title":"","cssClass":"btn-default"},{"mxid":"58_4","friendlyId":"Administration.ActiveSessions.deleteButton1","name":"deleteButton1","caption":{"$type":"textTemplate","text":"Logout session","friendlyId":"Administration.ActiveSessions.deleteButton1"},"title":"","cssClass":"btn-default"}],"gridActions":[{"keyValue":"58_3","gridFunction":"ToggleSearch"},{"keyValue":"58_4","gridFunction":"DeleteSelection"}]},"griddata":[{"tag":"System.Session_User/System.User/Name","name":"column1","editable":false,"render":"String","display":{"width":"75%","string":"User name"}},{"tag":"LastActive","name":"column2","editable":false,"render":"Date","display":{"width":"25%","string":"Last active","dateFormat":"Date"}}],"plugins":{}}' class='mx-datagrid mx-name-grid1' tabindex='0'></div></div></div></div></m:argument></m:arguments></m:page>