﻿<?xml version='1.0' encoding='utf-8'?><m:page id='d0cd167c-39e7-4a45-94ae-b735e618e6a9' xmlns='http://www.w3.org/1999/xhtml' title='Runtime Instances' class='layout-sidebar-responsive' xmlns:m='http://schemas.mendix.com/forms/1.0'><m:layouts><m:layout path='NavigationLayouts/Sidebar_Full_Responsive.layout.xml'></m:layout></m:layouts><m:arguments><m:argument parameterName='90307765-bc1b-483c-818f-821454fe380b'><div class='mx-name-container1 pageheader pageheader-fullwidth'><div data-mendix-id='56_0' class='mx-layoutgrid mx-layoutgrid-fluid mx-name-layoutGrid1'><div class='row'><div class='col-md-12'><div data-mendix-id='56_1' data-mendix-type='mxui.widget.ReactWidgetWrapper' data-mendix-props='"widgetTree":{"widget":"com.mendix.widget.core.Text","widgetId":"56_1","props":{"name":"label1","class":"mx-name-label1 pageheader-title","style":{},"caption":{"$type":"textTemplate","text":"Runtime Instances","friendlyId":"Administration.RuntimeInstances.label1"},"renderMode":"h2"},"children":[]}'></div></div></div></div></div><div data-mendix-id='56_2' class='mx-layoutgrid mx-layoutgrid-fluid mx-name-layoutGrid2'><div class='row'><div class='col-md-12'><div data-mendix-id='56_3' data-mendix-type='mxui.widget.DataGrid' data-mendix-props='"friendlyId":"Administration.RuntimeInstances.grid1","entity":"System.XASInstance","schema":"887eb4db-9952-406a-9dcf-ded051aa2c89","config":{"locale":"fr_BE","gridType":"Standalone","gridpresentation":{"rows":20,"columns":1,"controlbar":true,"pagingbar":true,"sortparams":[["XASId","asc"]],"searchbar":false,"waitforsearch":false,"selectionmode":"single","editable":false,"sortable":true,"refresh":0,"selectfirst":false,"showemptyrows":false},"datasource":{"friendlyId":"Administration.RuntimeInstances.grid1","type":"xpath","path":"System.XASInstance"},"controlBar":{"gridTools":[],"gridActions":[]},"griddata":[{"tag":"XASId","name":"column1","editable":false,"render":"String","display":{"width":"30%","string":"Runtime ID"}},{"tag":"createdDate","name":"column2","editable":false,"render":"Date","display":{"width":"10%","string":"Created","dateFormat":"Date"}},{"tag":"AllowedNumberOfConcurrentUsers","name":"column3","editable":false,"render":"Integer","display":{"width":"20%","string":"Allowed concurrent users","align":"right","formatted":false}},{"tag":"PartnerName","name":"column4","editable":false,"render":"String","display":{"width":"20%","string":"Partner"}},{"tag":"CustomerName","name":"column5","editable":false,"render":"String","display":{"width":"20%","string":"Customer"}}],"plugins":{}}' class='mx-datagrid mx-name-grid1' tabindex='0'></div></div></div></div></m:argument></m:arguments></m:page>