﻿<?xml version='1.0' encoding='utf-8'?><m:page id='6b18ef0a-63ba-4b28-b3ed-58feae5e06d7' xmlns='http://www.w3.org/1999/xhtml' title='Select user roles' xmlns:m='http://schemas.mendix.com/forms/1.0'><m:layouts><m:layout path='NavigationLayouts/PopupLayout.layout.xml'></m:layout></m:layouts><m:arguments><m:argument parameterName='3eef2867-c100-4096-a8ea-2b35da5f61f1'><div data-mendix-id='50_2' data-mendix-type='mxui.widget.DataGrid' data-mendix-props='"friendlyId":"Administration.UserRole_Select.grid1","entity":"System.UserRole","schema":"f2c4dd60-de1e-45d3-b7e8-d252c3af6a0b","config":{"locale":"fr_BE","gridType":"Standalone","gridpresentation":{"rows":20,"columns":1,"controlbar":true,"pagingbar":true,"sortparams":[["Name","asc"]],"searchbar":true,"waitforsearch":false,"selectionmode":"simplemulti","editable":false,"sortable":true,"refresh":0,"selectfirst":false,"showemptyrows":false},"datasource":{"friendlyId":"Administration.UserRole_Select.grid1","type":"xpath","path":"System.UserRole"},"searchOptions":{"searchBar":true,"toggleable":true,"toggledByDefault":true},"searchElements":[{"searchInputName":"searchField1","defaults":null,"defaultsParser":"Simple","caption":"Name","path":"Name","operator":"contains"},{"searchInputName":"searchField2","defaults":null,"defaultsParser":"Simple","caption":"Description","path":"Description","operator":"contains"}],"controlBar":{"gridTools":[{"mxid":"50_0","friendlyId":"Administration.UserRole_Select.searchButton1","name":"searchButton1","caption":{"$type":"textTemplate","text":"Search","friendlyId":"Administration.UserRole_Select.searchButton1"},"title":"","cssClass":"btn-default"},{"mxid":"50_1","friendlyId":"Administration.UserRole_Select.selectButton1","name":"selectButton1","caption":{"$type":"textTemplate","text":"Select","friendlyId":"Administration.UserRole_Select.selectButton1"},"title":"","cssClass":"btn-default"}],"gridActions":[{"keyValue":"50_0","gridFunction":"ToggleSearch"},{"keyValue":"50_1","gridFunction":"ReturnSelection"}]},"defaultButton":{"clickType":"double","mxid":"50_1"},"griddata":[{"tag":"Name","name":"column1","editable":false,"render":"String","display":{"width":"50%","string":"Name"}},{"tag":"Description","name":"column2","editable":false,"render":"String","display":{"width":"50%","string":"Description"}}],"plugins":{}}' class='mx-datagrid mx-name-grid1' tabindex='0'></div></m:argument></m:arguments></m:page>