﻿<?xml version='1.0' encoding='utf-8'?><m:page id='b2550ad2-2215-4d1a-8095-066d3c6abd18' xmlns='http://www.w3.org/1999/xhtml' title='Template overview' class='navlayout-topbar' xmlns:m='http://schemas.mendix.com/forms/1.0'><m:layouts><m:layout path='XLSReport/TopBar.layout.xml'></m:layout></m:layouts><m:arguments><m:argument parameterName='a13020df-7de3-4552-b47a-b5b4fe8fa6b4'><div data-mendix-id='117_5' data-mendix-type='mxui.widget.DataGrid' data-mendix-props='"friendlyId":"XLSReport.Excel_Document_Overview.grid2","entity":"XLSReport.MxTemplate","schema":"06b3c297-c9a1-48df-9a64-1d9a875b6ce2","config":{"locale":"fr_BE","gridType":"Standalone","gridpresentation":{"rows":20,"columns":1,"controlbar":true,"pagingbar":true,"sortparams":[["TemplateID","asc"]],"searchbar":true,"waitforsearch":false,"selectionmode":"single","editable":false,"sortable":true,"refresh":0,"selectfirst":false,"showemptyrows":false},"datasource":{"friendlyId":"XLSReport.Excel_Document_Overview.grid2","type":"xpath","path":"XLSReport.MxTemplate"},"searchOptions":{"searchBar":true,"toggleable":true,"toggledByDefault":true},"searchElements":[{"searchInputName":"searchField1","defaults":null,"defaultsParser":"Simple","caption":"Template ID","path":"TemplateID","operator":"="},{"searchInputName":"searchField2","defaults":null,"defaultsParser":"Simple","caption":"Name","path":"Name","operator":"contains"},{"searchInputName":"searchField3","defaults":null,"defaultsParser":"Simple","caption":"Document type","path":"DocumentType","operator":"=","retriever":"Enum"}],"controlBar":{"gridTools":[{"mxid":"117_0","friendlyId":"XLSReport.Excel_Document_Overview.searchButton1","name":"searchButton1","caption":{"$type":"textTemplate","text":"Search","friendlyId":"XLSReport.Excel_Document_Overview.searchButton1"},"title":"","iconUrl":"img/System$Search.png?636468842603385563","cssClass":"btn-default"},{"mxid":"117_1","friendlyId":"XLSReport.Excel_Document_Overview.newButton1","name":"newButton1","caption":{"$type":"textTemplate","text":"New","friendlyId":"XLSReport.Excel_Document_Overview.newButton1"},"title":"","iconUrl":"img/System$New.png?636468842603385563","cssClass":"btn-default","visibleForRoles":["Administrator"]},{"mxid":"117_2","friendlyId":"XLSReport.Excel_Document_Overview.microflowButton1","name":"microflowButton1","caption":{"$type":"textTemplate","text":"Edit","friendlyId":"XLSReport.Excel_Document_Overview.microflowButton1"},"title":"","iconUrl":"img/System$Edit.png?636468842603385563","cssClass":"btn-default","visibleForRoles":["Administrator"]},{"mxid":"117_3","friendlyId":"XLSReport.Excel_Document_Overview.deleteButton1","name":"deleteButton1","caption":{"$type":"textTemplate","text":"Delete","friendlyId":"XLSReport.Excel_Document_Overview.deleteButton1"},"title":"","iconUrl":"img/System$Delete.png?636468842603385563","cssClass":"btn-default"},{"mxid":"117_4","friendlyId":"XLSReport.Excel_Document_Overview.microflowButton2","name":"microflowButton2","caption":{"$type":"textTemplate","text":"Create report","friendlyId":"XLSReport.Excel_Document_Overview.microflowButton2"},"title":"","iconUrl":"img/System$Microflow.png?636468842603385563","cssClass":"btn-default","visibleForRoles":["Administrator"]}],"gridActions":[{"keyValue":"117_0","gridFunction":"ToggleSearch"},{"keyValue":"117_1","gridFunction":"InsertNew","params":{"XLSReport.MxTemplate":{"pageSettings":{"path":"XLSReport/Template_New.page.xml","title":"New template","location":"modal","resizable":true,"allowedRoles":["Administrator"]}}}},{"keyValue":"117_2","gridFunction":"InvokeAction","params":{"XLSReport.MxTemplate":{"action":{"type":"callMicroflow","hasParameter":true,"params":{"name":"XLSReport.IVK_TemplateEdit","validate":"view","applyTo":"selection","allowedRoles":["Administrator"]}},"maintainSelection":false}}},{"keyValue":"117_3","gridFunction":"DeleteSelection"},{"keyValue":"117_4","gridFunction":"InvokeAction","params":{"XLSReport.MxTemplate":{"action":{"type":"callMicroflow","hasParameter":true,"params":{"name":"XLSReport.GenerateReport","applyTo":"selection","allowedRoles":["Administrator"]}},"maintainSelection":false}}}]},"defaultButton":{"clickType":"double","mxid":"117_2"},"griddata":[{"tag":"TemplateID","name":"column1","editable":false,"render":"String","display":{"width":"20%","string":"Template ID","align":"right","formatted":false}},{"tag":"Name","name":"column2","editable":false,"render":"String","display":{"width":"50%","string":"Name"}},{"tag":"DocumentType","name":"column3","editable":false,"render":"Enum","display":{"width":"30%","string":"Document type"}}],"plugins":{}}' class='mx-datagrid mx-name-grid2' tabindex='0'></div></m:argument></m:arguments></m:page>