﻿<?xml version='1.0' encoding='utf-8'?><m:page id='da15393b-cd34-4be3-90df-898a1db18d97' xmlns='http://www.w3.org/1999/xhtml' title='Select an object reference' xmlns:m='http://schemas.mendix.com/forms/1.0'><m:layouts><m:layout path='XLSReport/PopupLayout.layout.xml'></m:layout></m:layouts><m:arguments><m:argument parameterName='64e38021-d2bb-4b3d-b75c-6321c7b57eb0'><div data-mendix-id='113_1' data-mendix-type='mxui.widget.DataGrid' data-mendix-props='"friendlyId":"XLSReport.MxObjectReference_Select.grid1","entity":"MxModelReflection.MxObjectReference","schema":"3b2c8e8e-c7c7-43b1-b33d-7efea4a85a2f","config":{"locale":"fr_BE","gridType":"Standalone","gridpresentation":{"rows":20,"columns":1,"controlbar":true,"pagingbar":true,"sortparams":[["CompleteName","asc"]],"searchbar":true,"waitforsearch":false,"selectionmode":"single","editable":false,"sortable":true,"refresh":0,"selectfirst":false,"showemptyrows":false},"datasource":{"friendlyId":"XLSReport.MxObjectReference_Select.grid1","type":"xpath","path":"MxModelReflection.MxObjectReference"},"searchOptions":{"searchBar":true,"toggleable":false,"toggledByDefault":false},"searchElements":[{"searchInputName":"searchField1","defaults":null,"defaultsParser":"Simple","caption":"MxObject reference","path":"CompleteName","operator":"contains"}],"controlBar":{"gridTools":[{"mxid":"113_0","friendlyId":"XLSReport.MxObjectReference_Select.selectButton1","name":"selectButton1","caption":{"$type":"textTemplate","text":"Select","friendlyId":"XLSReport.MxObjectReference_Select.selectButton1"},"title":"","iconUrl":"img/System$Select.png?636468842603385563","cssClass":"btn-default"}],"gridActions":[{"keyValue":"113_0","gridFunction":"ReturnSelection"}]},"defaultButton":{"clickType":"double","mxid":"113_0"},"griddata":[{"tag":"CompleteName","name":"column1","editable":false,"render":"String","display":{"width":"80%","string":"MxObject reference"}},{"tag":"ReferenceType","name":"column2","editable":false,"render":"Enum","display":{"width":"20%","string":"Reference type"}}],"plugins":{}}' class='mx-datagrid mx-name-grid1' tabindex='0'></div></m:argument></m:arguments></m:page>