﻿<?xml version='1.0' encoding='utf-8'?><m:page id='76efab8e-ef9a-4241-ad04-1b522625e50b' xmlns='http://www.w3.org/1999/xhtml' title='Edit template' class='navlayout-topbar' xmlns:m='http://schemas.mendix.com/forms/1.0'><m:layouts><m:layout path='XLSReport/DesktopLayout.layout.xml'></m:layout><m:layout path='XLSReport/TopBar.layout.xml'></m:layout></m:layouts><m:arguments><m:argument parameterName='61b51089-3319-4193-af5b-b88b383919e4'><div data-mendix-id='101_0' data-mendix-type='mxui.widget.DataView' data-mendix-props='"friendlyId":"XLSReport.Template_Edit_CSV.dataView1","entity":"XLSReport.MxTemplate","schema":"17c19ac6-5755-4132-97dc-d5a78c6c744c","datasource":{"friendlyId":"XLSReport.Template_Edit_CSV.dataView1","type":"direct","path":"XLSReport.MxTemplate"},"conditions":{"101_45":{"visible":{"type":"function","name":"=","parameters":[{"type":"variable","variable":"currentObject","path":"DateTimePresentation"},{"type":"literal","value":"custom"}]}}}' class='mx-name-dataView1' tabindex='0'></div></m:argument></m:arguments><m:templates><m:template widget-id='101_0' name='content'><table class='mx-table mx-name-table1'><colgroup><col style='width:20%'></col><col style='width:30%'></col><col style='width:20%'></col><col style='width:30%'></col></colgroup><tbody><tr><th><label class='mx-name-label2' data-mendix-id='101_4'>Template ID</label></th><td><div data-mendix-id='101_6' data-mendix-type='mxui.widget.NumberInput' data-mendix-props='"friendlyId":"XLSReport.Template_Edit_CSV.textBox2","readOnly":true,"insideFormGroup":false,"attributePath":"XLSReport.MxTemplate/TemplateID","readOnlyStyle":"text","validation":null,"placeholder":""' class='mx-name-textBox2' tabindex='0'></div></td><th><label class='mx-name-label1' data-mendix-id='101_8'>Document type</label></th><td><div data-mendix-id='101_10' data-mendix-type='mxui.widget.EnumSelect' data-mendix-props='"friendlyId":"XLSReport.Template_Edit_CSV.dropDown1","readOnly":true,"insideFormGroup":false,"attributePath":"XLSReport.MxTemplate/DocumentType","readOnlyStyle":"text","validation":null,"emptyOptionCaption":""' class='mx-name-dropDown1' tabindex='0'></div></td></tr><tr><th><label class='mx-name-label3' data-mendix-id='101_12'>Filename</label></th><td><div data-mendix-id='101_14' data-mendix-type='mxui.widget.TextInput' data-mendix-props='"friendlyId":"XLSReport.Template_Edit_CSV.textBox1","insideFormGroup":false,"attributePath":"XLSReport.MxTemplate/Name","readOnlyStyle":"text","validation":{"message":"The filename is required","expression":{"type":"function","name":"!=","parameters":[{"type":"variable","variable":"value","path":null},{"type":"literal","value":null}]}},"placeholder":"","maxLength":200' class='mx-name-textBox1' tabindex='0'></div></td><th><label class='mx-name-label7' data-mendix-id='101_16'>Input object</label></th><td><div data-mendix-id='101_18' data-mendix-type='mxui.widget.ReferenceSelector' data-mendix-props='"friendlyId":"XLSReport.Template_Edit_CSV.referenceSelector1","insideFormGroup":false,"attributePath":"XLSReport.MxTemplate/XLSReport.MxTemplate_InputObject/MxModelReflection.MxObjectType/CompleteName","readOnlyStyle":"text","attributePath":"XLSReport.MxTemplate/XLSReport.MxTemplate_InputObject/MxModelReflection.MxObjectType/CompleteName","datasource":{"friendlyId":"XLSReport.Template_Edit_CSV.referenceSelector1","type":"xpath","path":"MxModelReflection.MxObjectType","constrainedBy":[],"sort":[["CompleteName","asc"]]},"selectPageSettings":{"path":"XLSReport/MxObjectType_Select.page.xml","location":"modal","resizable":true},"events":{"change":{"name":"XLSReport.OCh_Template_Save","validate":"node","applyTo":"selection","allowedRoles":["Administrator"]}},"validation":null,"emptyOptionCaption":""' class='mx-name-referenceSelector1' tabindex='0'></div></td></tr><tr><td><label class='mx-name-label6' data-mendix-id='101_20'>Desciption</label></td><td colspan='3'><div data-mendix-id='101_22' data-mendix-type='mxui.widget.TextArea' data-mendix-props='"friendlyId":"XLSReport.Template_Edit_CSV.textArea1","insideFormGroup":false,"attributePath":"XLSReport.MxTemplate/Description","readOnlyStyle":"text","validation":null,"placeholder":"","rows":0' class='mx-name-textArea1' tabindex='0'></div></td></tr><tr><th><label class='mx-name-label4' data-mendix-id='101_24'>Data separator</label></th><td><div data-mendix-id='101_26' data-mendix-type='mxui.widget.EnumSelect' data-mendix-props='"friendlyId":"XLSReport.Template_Edit_CSV.dropDown3","insideFormGroup":false,"attributePath":"XLSReport.MxTemplate/CSVSeparator","readOnlyStyle":"text","validation":{"message":"The separator is required","expression":{"type":"function","name":"!=","parameters":[{"type":"variable","variable":"value","path":null},{"type":"literal","value":null}]}},"emptyOptionCaption":""' class='mx-name-dropDown3' tabindex='0'></div></td><th><label class='mx-name-label' data-mendix-id='101_28'>Date time export format</label></th><td><div data-mendix-id='101_30' data-mendix-type='mxui.widget.EnumSelect' data-mendix-props='"friendlyId":"XLSReport.Template_Edit_CSV.dropDown","insideFormGroup":false,"attributePath":"XLSReport.MxTemplate/DateTimePresentation","readOnlyStyle":"text","validation":{"message":"The datetime export format is required.","expression":{"type":"function","name":"!=","parameters":[{"type":"variable","variable":"value","path":null},{"type":"literal","value":null}]}},"emptyOptionCaption":""' class='mx-name-dropDown' tabindex='0'></div></td></tr><tr data-mendix-id='101_45'><td></td><td></td><th><label class='mx-name-label10' data-mendix-id='101_34'>Custom date format</label></th><td><div data-mendix-id='101_36' data-mendix-type='mxui.widget.TextInput' data-mendix-props='"friendlyId":"XLSReport.Template_Edit_CSV.textBox3","insideFormGroup":false,"attributePath":"XLSReport.MxTemplate/CustomeDateFormat","readOnlyStyle":"text","validation":null,"placeholder":"","maxLength":200' class='mx-name-textBox3' tabindex='0'></div></td></tr></tbody></table><div data-mendix-id='101_46' data-mendix-type='mxui.widget.DataView' data-mendix-props='"friendlyId":"XLSReport.Template_Edit_CSV.dataView2","entity":"XLSReport.MxSheet","schema":"e72c0933-e312-4eef-acc0-e9f5ff3fa534","hideFooter":true,"datasource":{"friendlyId":"XLSReport.Template_Edit_CSV.dataView2","type":"microflow","microflow":"XLSReport.DS_TemplateCSVSheet","path":"XLSReport.MxSheet","parameters":["XLSReport.MxTemplate"]}' class='mx-name-dataView2' tabindex='0'></div></m:template><m:template widget-id='101_0' name='footer'><div data-mendix-id='101_48' data-mendix-type='mxui.widget.ActionButton' data-mendix-props='"friendlyId":"XLSReport.Template_Edit_CSV.saveButton1","caption":{"$type":"textTemplate","text":"Save","friendlyId":"XLSReport.Template_Edit_CSV.saveButton1"},"iconUrl":"img/System$Save.png?636468842603385563","renderType":"button","action":{"type":"saveChanges","hasParameter":true,"params":{"closePage":true}}' class='mx-name-saveButton1 btn-default' tabindex='0'></div><div data-mendix-id='101_49' data-mendix-type='mxui.widget.ActionButton' data-mendix-props='"friendlyId":"XLSReport.Template_Edit_CSV.cancelButton1","caption":{"$type":"textTemplate","text":"Cancel","friendlyId":"XLSReport.Template_Edit_CSV.cancelButton1"},"iconUrl":"img/System$Cancel.png?636468842603385563","renderType":"button","action":{"type":"cancelChanges","hasParameter":false,"params":{"closePage":true}}' class='mx-name-cancelButton1 btn-default' tabindex='0'></div></m:template><m:template widget-id='101_46' name='content'><table class='mx-table mx-name-table2'><colgroup><col style='width:20%'></col><col style='width:30%'></col><col style='width:20%'></col><col style='width:30%'></col></colgroup><tbody><tr><th><label class='mx-name-label11' data-mendix-id='101_53'>Row object</label></th><td><div data-mendix-id='101_55' data-mendix-type='mxui.widget.ReferenceSelector' data-mendix-props='"friendlyId":"XLSReport.Template_Edit_CSV.referenceSelector3","insideFormGroup":false,"attributePath":"XLSReport.MxSheet/XLSReport.MxSheet_RowObject/MxModelReflection.MxObjectType/CompleteName","readOnlyStyle":"text","attributePath":"XLSReport.MxSheet/XLSReport.MxSheet_RowObject/MxModelReflection.MxObjectType/CompleteName","datasource":{"friendlyId":"XLSReport.Template_Edit_CSV.referenceSelector3","type":"xpath","path":"MxModelReflection.MxObjectType","constrainedBy":[],"sort":[["CompleteName","asc"]]},"selectPageSettings":{"path":"XLSReport/MxObjectType_Select.page.xml","location":"modal","resizable":true},"events":{"change":{"name":"XLSReport.OCh_Sheet_Object","validate":"node","applyTo":"selection","allowedRoles":["Administrator"]}},"validation":null,"emptyOptionCaption":""' class='mx-name-referenceSelector3' tabindex='0'></div></td><td></td><td></td></tr><tr><th><label class='mx-name-label9' data-mendix-id='101_59'>Reference to template input object</label></th><td><div data-mendix-id='101_61' data-mendix-type='mxui.widget.ReferenceSelector' data-mendix-props='"friendlyId":"XLSReport.Template_Edit_CSV.referenceSelector2","insideFormGroup":false,"attributePath":"XLSReport.MxSheet/XLSReport.MxSheet_MxObjectReference/MxModelReflection.MxObjectReference/CompleteName","readOnlyStyle":"text","attributePath":"XLSReport.MxSheet/XLSReport.MxSheet_MxObjectReference/MxModelReflection.MxObjectReference/CompleteName","datasource":{"friendlyId":"XLSReport.Template_Edit_CSV.referenceSelector2","type":"xpath","path":"MxModelReflection.MxObjectReference","constraint":"[MxModelReflection.MxObjectReference_MxObjectType/MxModelReflection.MxObjectType/XLSReport.MxSheet_RowObject = &apos;[%CurrentObject%]&apos;] [MxModelReflection.MxObjectReference_MxObjectType/MxModelReflection.MxObjectType/XLSReport.MxTemplate_InputObject/XLSReport.MxTemplate/XLSReport.MxSheet_Template = &apos;[%CurrentObject%]&apos;]","constrainedBy":["XLSReport.MxSheet/XLSReport.MxSheet_RowObject/MxModelReflection.MxObjectType/MxModelReflection.MxObjectReference_MxObjectType/MxModelReflection.MxObjectReference"],"sort":[["CompleteName","asc"]]},"selectPageSettings":{"path":"XLSReport/MxObjectReference_Select.page.xml","location":"modal","resizable":true},"events":{"change":{"name":"XLSReport.OCh_Sheet_Reference","validate":"node","applyTo":"selection","allowedRoles":["Administrator"]}},"validation":null,"emptyOptionCaption":""' class='mx-name-referenceSelector2' tabindex='0'></div></td><td></td><td></td></tr><tr><th><label class='mx-name-label8' data-mendix-id='101_65'>Distinct duplicate data</label></th><td><div data-mendix-id='101_67' data-mendix-type='mxui.widget.BoolSelect' data-mendix-props='"friendlyId":"XLSReport.Template_Edit_CSV.checkBox1","insideFormGroup":false,"attributePath":"XLSReport.MxSheet/DistinctData","readOnlyStyle":"text","validation":null' class='mx-name-checkBox1' tabindex='0'></div></td><td></td><td></td></tr></tbody></table><div data-mendix-id='101_77' data-mendix-type='mxui.widget.TabContainer' data-mendix-props='"friendlyId":"XLSReport.Template_Edit_CSV.tabControl1"' class='mx-name-tabControl1' tabindex='0'></div></m:template><m:template widget-id='101_77' name='pages'><div data-mendix-id='101_78' data-mendix-type='mxui.widget.TabContent' data-mendix-props='"title":"Column data","delayLoading":false,"tabName":"tabPage1"'></div><div data-mendix-id='101_93' data-mendix-type='mxui.widget.TabContent' data-mendix-props='"title":"Associations, constraints and sorting","delayLoading":true,"tabName":"tabPage2"'></div></m:template><m:template widget-id='101_78' name='content'><div data-mendix-id='101_79' data-mendix-type='mxui.widget.DataGrid' data-mendix-props='"friendlyId":"XLSReport.Template_Edit_CSV.grid7","entity":"XLSReport.MxColumn","schema":"a074184f-c390-447a-b3b4-516fc5c20db6","config":{"locale":"fr_BE","gridType":"Standalone","gridpresentation":{"rows":10,"columns":1,"controlbar":true,"pagingbar":true,"sortparams":[["ColumnNumber","asc"]],"searchbar":false,"waitforsearch":false,"selectionmode":"single","editable":false,"sortable":true,"refresh":0,"selectfirst":false,"showemptyrows":false},"datasource":{"friendlyId":"XLSReport.Template_Edit_CSV.grid7","type":"xpath","path":"XLSReport.MxData_MxSheet/XLSReport.MxColumn"},"controlBar":{"gridTools":[{"mxid":"101_86","friendlyId":"XLSReport.Template_Edit_CSV.microflowButton3","name":"microflowButton3","caption":{"$type":"textTemplate","text":"New","friendlyId":"XLSReport.Template_Edit_CSV.microflowButton3"},"title":"","iconUrl":"img/System$New.png?636468842603385563","cssClass":"btn-default","visibleForRoles":["Administrator"]},{"mxid":"101_87","friendlyId":"XLSReport.Template_Edit_CSV.editButton1","name":"editButton1","caption":{"$type":"textTemplate","text":"Edit","friendlyId":"XLSReport.Template_Edit_CSV.editButton1"},"title":"","iconUrl":"img/System$Edit.png?636468842603385563","cssClass":"btn-default","visibleForRoles":["Administrator"]},{"mxid":"101_88","friendlyId":"XLSReport.Template_Edit_CSV.microflowButton4","name":"microflowButton4","caption":{"$type":"textTemplate","text":"Delete","friendlyId":"XLSReport.Template_Edit_CSV.microflowButton4"},"title":"","iconUrl":"img/System$Delete.png?636468842603385563","cssClass":"btn-default","visibleForRoles":["Administrator"]},{"mxid":"101_89","friendlyId":"XLSReport.Template_Edit_CSV.microflowButton5","name":"microflowButton5","caption":{"$type":"textTemplate","text":" ","friendlyId":"XLSReport.Template_Edit_CSV.microflowButton5"},"title":"","iconUrl":"img/XLSReport$arrow_up.gif?636468842603385563","cssClass":"btn-default","visibleForRoles":["Administrator"]},{"mxid":"101_90","friendlyId":"XLSReport.Template_Edit_CSV.microflowButton6","name":"microflowButton6","caption":{"$type":"textTemplate","text":" ","friendlyId":"XLSReport.Template_Edit_CSV.microflowButton6"},"title":"","iconUrl":"img/XLSReport$arrow_down.gif?636468842603385563","cssClass":"btn-default","visibleForRoles":["Administrator"]}],"gridActions":[{"keyValue":"101_86","gridFunction":"InvokeAction","params":{"XLSReport.MxColumn":{"action":{"type":"callMicroflow","hasParameter":false,"params":{"name":"XLSReport.Column_CSV_New","allowedRoles":["Administrator"]}},"maintainSelection":false}}},{"keyValue":"101_87","gridFunction":"EditSelection","params":{"XLSReport.MxColumn":{"pageSettings":{"path":"XLSReport/MxColumn_CSVNewEdit.page.xml","location":"modal","resizable":true,"allowedRoles":["Administrator"]}}}},{"keyValue":"101_88","gridFunction":"InvokeAction","params":{"XLSReport.MxColumn":{"action":{"type":"callMicroflow","hasParameter":true,"params":{"name":"XLSReport.IVK_DeleteColumn","validate":"view","confirmation":{"question":"Are you sure you want to delete the column?","proceed":"Yes","cancel":"No"},"applyTo":"selection","allowedRoles":["Administrator"]}},"maintainSelection":false}}},{"keyValue":"101_89","gridFunction":"InvokeAction","params":{"XLSReport.MxColumn":{"action":{"type":"callMicroflow","hasParameter":true,"params":{"name":"XLSReport.IVK_ColumnLower","validate":"view","applyTo":"selection","allowedRoles":["Administrator"]}},"maintainSelection":false}}},{"keyValue":"101_90","gridFunction":"InvokeAction","params":{"XLSReport.MxColumn":{"action":{"type":"callMicroflow","hasParameter":true,"params":{"name":"XLSReport.IVK_ColumnHigher","validate":"view","applyTo":"selection","allowedRoles":["Administrator"]}},"maintainSelection":false}}}]},"defaultButton":{"clickType":"double","mxid":"101_87"},"griddata":[{"tag":"Status","name":"column1","editable":false,"render":"EnumIcon","display":{"width":"10%","string":"Status","mapping":{"Yes":"img/System$Completed.gif?636468842603385563","No":"img/System$Cancel.png?636468842603385563"}}},{"tag":"ColumnNumber","name":"column2","editable":false,"render":"Integer","display":{"width":"15%","string":"Column number","align":"right","formatted":false}},{"tag":"Name","name":"column3","editable":false,"render":"String","display":{"width":"27%","string":"Name"}},{"tag":"ObjectAttribute","name":"column4","editable":false,"render":"String","display":{"width":"48%","string":"Object and attribute"}}],"plugins":{}}' class='mx-datagrid mx-name-grid7' tabindex='0'></div></m:template><m:template widget-id='101_93' name='content'><table class='mx-table mx-name-table7'><colgroup><col style='width:33%'></col><col style='width:33%'></col><col style='width:34%'></col></colgroup><tbody><tr><td><div data-mendix-id='101_96' data-mendix-type='mxui.widget.ReactWidgetWrapper' data-mendix-props='"widgetTree":{"widget":"com.mendix.widget.core.Text","widgetId":"101_96","props":{"name":"label5","class":"mx-name-label5","style":{},"caption":{"$type":"textTemplate","text":"Associations","friendlyId":"XLSReport.Template_Edit_CSV.label5"},"renderMode":"h2"},"children":[]}'></div></td><td><div data-mendix-id='101_98' data-mendix-type='mxui.widget.ReactWidgetWrapper' data-mendix-props='"widgetTree":{"widget":"com.mendix.widget.core.Text","widgetId":"101_98","props":{"name":"label21","class":"mx-name-label21","style":{},"caption":{"$type":"textTemplate","text":"Constraints","friendlyId":"XLSReport.Template_Edit_CSV.label21"},"renderMode":"h2"},"children":[]}'></div></td><td><div data-mendix-id='101_100' data-mendix-type='mxui.widget.ReactWidgetWrapper' data-mendix-props='"widgetTree":{"widget":"com.mendix.widget.core.Text","widgetId":"101_100","props":{"name":"label22","class":"mx-name-label22","style":{},"caption":{"$type":"textTemplate","text":"Sorting","friendlyId":"XLSReport.Template_Edit_CSV.label22"},"renderMode":"h2"},"children":[]}'></div></td></tr><tr><td><div data-mendix-id='101_102' data-mendix-type='mxui.widget.DataGrid' data-mendix-props='"friendlyId":"XLSReport.Template_Edit_CSV.grid1","entity":"XLSReport.MxReferenceHandling","schema":"84e6f6d1-1537-4fab-995d-3188cdd36ae4","config":{"locale":"fr_BE","gridType":"Standalone","gridpresentation":{"rows":10,"columns":1,"controlbar":true,"pagingbar":true,"sortparams":[["Reference","asc"]],"searchbar":false,"waitforsearch":false,"selectionmode":"single","editable":false,"sortable":true,"refresh":0,"selectfirst":false,"showemptyrows":false},"datasource":{"friendlyId":"XLSReport.Template_Edit_CSV.grid1","type":"xpath","path":"XLSReport.MxReferenceHandling_MxSheet/XLSReport.MxReferenceHandling"},"controlBar":{"gridTools":[{"mxid":"101_107","friendlyId":"XLSReport.Template_Edit_CSV.newButton1","name":"newButton1","caption":{"$type":"textTemplate","text":"New","friendlyId":"XLSReport.Template_Edit_CSV.newButton1"},"title":"","iconUrl":"img/System$New.png?636468842603385563","cssClass":"btn-default","visibleForRoles":["Administrator"]},{"mxid":"101_108","friendlyId":"XLSReport.Template_Edit_CSV.editButton2","name":"editButton2","caption":{"$type":"textTemplate","text":"Edit","friendlyId":"XLSReport.Template_Edit_CSV.editButton2"},"title":"","iconUrl":"img/System$Edit.png?636468842603385563","cssClass":"btn-default","visibleForRoles":["Administrator"]},{"mxid":"101_109","friendlyId":"XLSReport.Template_Edit_CSV.deleteButton1","name":"deleteButton1","caption":{"$type":"textTemplate","text":"Delete","friendlyId":"XLSReport.Template_Edit_CSV.deleteButton1"},"title":"","iconUrl":"img/System$Delete.png?636468842603385563","cssClass":"btn-default"}],"gridActions":[{"keyValue":"101_107","gridFunction":"InsertNew","params":{"XLSReport.MxReferenceHandling":{"pageSettings":{"path":"XLSReport/MxReferenceHandling_NewEdit.page.xml","location":"modal","resizable":true,"allowedRoles":["Administrator"]}}}},{"keyValue":"101_108","gridFunction":"EditSelection","params":{"XLSReport.MxReferenceHandling":{"pageSettings":{"path":"XLSReport/MxReferenceHandling_NewEdit.page.xml","location":"modal","resizable":true,"allowedRoles":["Administrator"]}}}},{"keyValue":"101_109","gridFunction":"DeleteSelection"}]},"defaultButton":{"clickType":"double","mxid":"101_108"},"griddata":[{"tag":"Reference","name":"column5","editable":false,"render":"String","display":{"width":"80%","string":"Association"}},{"tag":"JoinType","name":"column6","editable":false,"render":"Enum","display":{"width":"20%","string":"Join type"}}],"plugins":{}}' class='mx-datagrid mx-name-grid1' tabindex='0'></div></td><td><div data-mendix-id='101_113' data-mendix-type='mxui.widget.DataGrid' data-mendix-props='"friendlyId":"XLSReport.Template_Edit_CSV.grid6","entity":"XLSReport.MxConstraint","schema":"5534d736-7279-4410-a87a-0ee58d53454c","config":{"locale":"fr_BE","gridType":"Standalone","gridpresentation":{"rows":10,"columns":1,"controlbar":true,"pagingbar":true,"sortparams":[["Sequence","asc"]],"searchbar":false,"waitforsearch":false,"selectionmode":"single","editable":false,"sortable":true,"refresh":0,"selectfirst":false,"showemptyrows":false},"datasource":{"friendlyId":"XLSReport.Template_Edit_CSV.grid6","type":"xpath","path":"XLSReport.MxConstraint_MxSheet/XLSReport.MxConstraint"},"controlBar":{"gridTools":[{"mxid":"101_119","friendlyId":"XLSReport.Template_Edit_CSV.newButton2","name":"newButton2","caption":{"$type":"textTemplate","text":"New","friendlyId":"XLSReport.Template_Edit_CSV.newButton2"},"title":"","iconUrl":"img/System$New.png?636468842603385563","cssClass":"btn-default","visibleForRoles":["Administrator"]},{"mxid":"101_120","friendlyId":"XLSReport.Template_Edit_CSV.editButton3","name":"editButton3","caption":{"$type":"textTemplate","text":"Edit","friendlyId":"XLSReport.Template_Edit_CSV.editButton3"},"title":"","iconUrl":"img/System$Edit.png?636468842603385563","cssClass":"btn-default","visibleForRoles":["Administrator"]},{"mxid":"101_121","friendlyId":"XLSReport.Template_Edit_CSV.microflowButton7","name":"microflowButton7","caption":{"$type":"textTemplate","text":"Delete","friendlyId":"XLSReport.Template_Edit_CSV.microflowButton7"},"title":"","iconUrl":"img/System$Delete.png?636468842603385563","cssClass":"btn-default","visibleForRoles":["Administrator"]},{"mxid":"101_122","friendlyId":"XLSReport.Template_Edit_CSV.microflowButton8","name":"microflowButton8","caption":{"$type":"textTemplate","text":" ","friendlyId":"XLSReport.Template_Edit_CSV.microflowButton8"},"title":"","iconUrl":"img/XLSReport$arrow_up.gif?636468842603385563","cssClass":"btn-default","visibleForRoles":["Administrator"]},{"mxid":"101_123","friendlyId":"XLSReport.Template_Edit_CSV.microflowButton9","name":"microflowButton9","caption":{"$type":"textTemplate","text":" ","friendlyId":"XLSReport.Template_Edit_CSV.microflowButton9"},"title":"","iconUrl":"img/XLSReport$arrow_down.gif?636468842603385563","cssClass":"btn-default","visibleForRoles":["Administrator"]}],"gridActions":[{"keyValue":"101_119","gridFunction":"InsertNew","params":{"XLSReport.MxConstraint":{"pageSettings":{"path":"XLSReport/MxConstraint_New.page.xml","location":"modal","resizable":true,"allowedRoles":["Administrator"]}}}},{"keyValue":"101_120","gridFunction":"EditSelection","params":{"XLSReport.MxConstraint":{"pageSettings":{"path":"XLSReport/MxConstraint_New.page.xml","location":"modal","resizable":true,"allowedRoles":["Administrator"]}}}},{"keyValue":"101_121","gridFunction":"InvokeAction","params":{"XLSReport.MxConstraint":{"action":{"type":"callMicroflow","hasParameter":true,"params":{"name":"XLSReport.IVK_ConstraintDelete","validate":"view","confirmation":{"question":"Are you sure you want to delete the constraint?","proceed":"Yes","cancel":"No"},"applyTo":"selection","allowedRoles":["Administrator"]}},"maintainSelection":false}}},{"keyValue":"101_122","gridFunction":"InvokeAction","params":{"XLSReport.MxConstraint":{"action":{"type":"callMicroflow","hasParameter":true,"params":{"name":"XLSReport.IVK_Constraint_Lower","validate":"view","applyTo":"selection","allowedRoles":["Administrator"]}},"maintainSelection":false}}},{"keyValue":"101_123","gridFunction":"InvokeAction","params":{"XLSReport.MxConstraint":{"action":{"type":"callMicroflow","hasParameter":true,"params":{"name":"XLSReport.IVK_Constraint_Higher","validate":"view","applyTo":"selection","allowedRoles":["Administrator"]}},"maintainSelection":false}}}]},"defaultButton":{"clickType":"double","mxid":"101_120"},"griddata":[{"tag":"Sequence","name":"column7","editable":false,"render":"Integer","display":{"width":"20%","string":"Sequence","align":"right","formatted":false}},{"tag":"AndOr","name":"column8","editable":false,"render":"Enum","display":{"width":"20%","string":"And/Or"}},{"tag":"Summary","name":"column9","editable":false,"render":"String","display":{"width":"60%","string":"Summary"}}],"plugins":{}}' class='mx-datagrid mx-name-grid6' tabindex='0'></div></td><td><div data-mendix-id='101_127' data-mendix-type='mxui.widget.DataGrid' data-mendix-props='"friendlyId":"XLSReport.Template_Edit_CSV.grid3","entity":"XLSReport.MxSorting","schema":"e618b528-2da3-4557-8d5e-0f47bfd5c4b0","config":{"locale":"fr_BE","gridType":"Standalone","gridpresentation":{"rows":10,"columns":1,"controlbar":true,"pagingbar":true,"sortparams":[["Sequence","asc"]],"searchbar":false,"waitforsearch":false,"selectionmode":"single","editable":false,"sortable":true,"refresh":0,"selectfirst":false,"showemptyrows":false},"datasource":{"friendlyId":"XLSReport.Template_Edit_CSV.grid3","type":"xpath","path":"XLSReport.MxSorting_MxSheet/XLSReport.MxSorting"},"controlBar":{"gridTools":[{"mxid":"101_133","friendlyId":"XLSReport.Template_Edit_CSV.newButton3","name":"newButton3","caption":{"$type":"textTemplate","text":"New","friendlyId":"XLSReport.Template_Edit_CSV.newButton3"},"title":"","iconUrl":"img/System$New.png?636468842603385563","cssClass":"btn-default","visibleForRoles":["Administrator"]},{"mxid":"101_134","friendlyId":"XLSReport.Template_Edit_CSV.editButton4","name":"editButton4","caption":{"$type":"textTemplate","text":"Edit","friendlyId":"XLSReport.Template_Edit_CSV.editButton4"},"title":"","iconUrl":"img/System$Edit.png?636468842603385563","cssClass":"btn-default","visibleForRoles":["Administrator"]},{"mxid":"101_135","friendlyId":"XLSReport.Template_Edit_CSV.microflowButton10","name":"microflowButton10","caption":{"$type":"textTemplate","text":"Delete","friendlyId":"XLSReport.Template_Edit_CSV.microflowButton10"},"title":"","iconUrl":"img/System$Delete.png?636468842603385563","cssClass":"btn-default","visibleForRoles":["Administrator"]},{"mxid":"101_136","friendlyId":"XLSReport.Template_Edit_CSV.microflowButton11","name":"microflowButton11","caption":{"$type":"textTemplate","text":" ","friendlyId":"XLSReport.Template_Edit_CSV.microflowButton11"},"title":"","iconUrl":"img/XLSReport$arrow_up.gif?636468842603385563","cssClass":"btn-default","visibleForRoles":["Administrator"]},{"mxid":"101_137","friendlyId":"XLSReport.Template_Edit_CSV.microflowButton12","name":"microflowButton12","caption":{"$type":"textTemplate","text":" ","friendlyId":"XLSReport.Template_Edit_CSV.microflowButton12"},"title":"","iconUrl":"img/XLSReport$arrow_down.gif?636468842603385563","cssClass":"btn-default","visibleForRoles":["Administrator"]}],"gridActions":[{"keyValue":"101_133","gridFunction":"InsertNew","params":{"XLSReport.MxSorting":{"pageSettings":{"path":"XLSReport/MxSorting_NewEdit.page.xml","location":"modal","resizable":true,"allowedRoles":["Administrator"]}}}},{"keyValue":"101_134","gridFunction":"EditSelection","params":{"XLSReport.MxSorting":{"pageSettings":{"path":"XLSReport/MxSorting_NewEdit.page.xml","location":"modal","resizable":true,"allowedRoles":["Administrator"]}}}},{"keyValue":"101_135","gridFunction":"InvokeAction","params":{"XLSReport.MxSorting":{"action":{"type":"callMicroflow","hasParameter":true,"params":{"name":"XLSReport.IVK_SortingDelete","validate":"view","confirmation":{"question":"Are you sure you want to delete the sorting?","proceed":"Yes","cancel":"No"},"applyTo":"selection","allowedRoles":["Administrator"]}},"maintainSelection":false}}},{"keyValue":"101_136","gridFunction":"InvokeAction","params":{"XLSReport.MxSorting":{"action":{"type":"callMicroflow","hasParameter":true,"params":{"name":"XLSReport.IVK_Sorting_Lower","validate":"view","applyTo":"selection","allowedRoles":["Administrator"]}},"maintainSelection":false}}},{"keyValue":"101_137","gridFunction":"InvokeAction","params":{"XLSReport.MxSorting":{"action":{"type":"callMicroflow","hasParameter":true,"params":{"name":"XLSReport.IVK_Sorting_Higher","validate":"view","applyTo":"selection","allowedRoles":["Administrator"]}},"maintainSelection":false}}}]},"defaultButton":{"clickType":"double","mxid":"101_134"},"griddata":[{"tag":"Sequence","name":"column10","editable":false,"render":"Integer","display":{"width":"18%","string":"Sequence","align":"right","formatted":false}},{"tag":"Summary","name":"column11","editable":false,"render":"String","display":{"width":"62%","string":"Summary"}},{"tag":"SortingDirection","name":"column12","editable":false,"render":"Enum","display":{"width":"20%","string":"Direction"}}],"plugins":{}}' class='mx-datagrid mx-name-grid3' tabindex='0'></div></td></tr></tbody></table></m:template></m:templates></m:page>