﻿<?xml version='1.0' encoding='utf-8'?><m:page id='6533d832-a6f1-4cbf-8949-08e10765efce' xmlns='http://www.w3.org/1999/xhtml' title='Form title' closeButton='98_0' xmlns:m='http://schemas.mendix.com/forms/1.0'><m:layouts><m:layout path='XLSReport/PopupLayout.layout.xml'></m:layout></m:layouts><m:arguments><m:argument parameterName='64e38021-d2bb-4b3d-b75c-6321c7b57eb0'><div data-mendix-id='98_1' data-mendix-type='mxui.widget.DataView' data-mendix-props='"friendlyId":"XLSReport.CellStyle_NewEdit.dataView1","entity":"XLSReport.MxCellStyle","schema":"0d8125fd-9ab4-4171-9d37-3a012d88c7aa","datasource":{"friendlyId":"XLSReport.CellStyle_NewEdit.dataView1","type":"direct","path":"XLSReport.MxCellStyle"}' class='mx-name-dataView1' tabindex='0'></div></m:argument></m:arguments><m:templates><m:template widget-id='98_1' name='content'><table class='mx-table mx-name-table1'><colgroup><col style='width:20%'></col><col style='width:30%'></col><col style='width:20%'></col><col style='width:30%'></col></colgroup><tbody><tr><th><label class='mx-name-label2' data-mendix-id='98_4'>Style name</label></th><td colspan='3'><div data-mendix-id='98_6' data-mendix-type='mxui.widget.TextInput' data-mendix-props='"friendlyId":"XLSReport.CellStyle_NewEdit.textBox2","insideFormGroup":false,"attributePath":"XLSReport.MxCellStyle/Name","readOnlyStyle":"text","validation":null,"placeholder":"","maxLength":200' class='mx-name-textBox2' tabindex='0'></div></td></tr><tr><th><label class='mx-name-label5' data-mendix-id='98_8'>Bold</label></th><td><div data-mendix-id='98_10' data-mendix-type='mxui.widget.BoolSelect' data-mendix-props='"friendlyId":"XLSReport.CellStyle_NewEdit.checkBox1","insideFormGroup":false,"attributePath":"XLSReport.MxCellStyle/TextBold","readOnlyStyle":"text","validation":null' class='mx-name-checkBox1' tabindex='0'></div></td><th><label class='mx-name-label6' data-mendix-id='98_12'>Italic</label></th><td><div data-mendix-id='98_14' data-mendix-type='mxui.widget.BoolSelect' data-mendix-props='"friendlyId":"XLSReport.CellStyle_NewEdit.checkBox2","insideFormGroup":false,"attributePath":"XLSReport.MxCellStyle/TextItalic","readOnlyStyle":"text","validation":null' class='mx-name-checkBox2' tabindex='0'></div></td></tr><tr><th><label class='mx-name-label7' data-mendix-id='98_16'>Underline</label></th><td><div data-mendix-id='98_18' data-mendix-type='mxui.widget.BoolSelect' data-mendix-props='"friendlyId":"XLSReport.CellStyle_NewEdit.checkBox3","insideFormGroup":false,"attributePath":"XLSReport.MxCellStyle/TextUnderline","readOnlyStyle":"text","validation":null' class='mx-name-checkBox3' tabindex='0'></div></td><th></th><td></td></tr><tr><th><label class='mx-name-label16' data-mendix-id='98_22'>Text height</label></th><td><div data-mendix-id='98_24' data-mendix-type='mxui.widget.NumberInput' data-mendix-props='"friendlyId":"XLSReport.CellStyle_NewEdit.textBox7","insideFormGroup":false,"attributePath":"XLSReport.MxCellStyle/TextHeight","readOnlyStyle":"text","validation":null,"placeholder":""' class='mx-name-textBox7' tabindex='0'></div></td><th><label class='mx-name-label8' data-mendix-id='98_26'>Text color</label></th><td><div data-mendix-id='98_28' data-mendix-type='mxui.widget.EnumSelect' data-mendix-props='"friendlyId":"XLSReport.CellStyle_NewEdit.dropDown2","insideFormGroup":false,"attributePath":"XLSReport.MxCellStyle/TextColor","readOnlyStyle":"text","validation":null,"emptyOptionCaption":""' class='mx-name-dropDown2' tabindex='0'></div></td></tr><tr><th><label class='mx-name-label3' data-mendix-id='98_30'>Horizontal alignment</label></th><td><div data-mendix-id='98_32' data-mendix-type='mxui.widget.EnumSelect' data-mendix-props='"friendlyId":"XLSReport.CellStyle_NewEdit.dropDown3","insideFormGroup":false,"attributePath":"XLSReport.MxCellStyle/TextAlignment","readOnlyStyle":"text","validation":null,"emptyOptionCaption":""' class='mx-name-dropDown3' tabindex='0'></div></td><th><label class='mx-name-label4' data-mendix-id='98_34'>Background color</label></th><td><div data-mendix-id='98_36' data-mendix-type='mxui.widget.EnumSelect' data-mendix-props='"friendlyId":"XLSReport.CellStyle_NewEdit.dropDown1","insideFormGroup":false,"attributePath":"XLSReport.MxCellStyle/BackgroundColor","readOnlyStyle":"text","validation":null,"emptyOptionCaption":""' class='mx-name-dropDown1' tabindex='0'></div></td></tr><tr><th><label class='mx-name-label9' data-mendix-id='98_38'>Vertical alignment</label></th><td><div data-mendix-id='98_40' data-mendix-type='mxui.widget.EnumSelect' data-mendix-props='"friendlyId":"XLSReport.CellStyle_NewEdit.dropDown4","insideFormGroup":false,"attributePath":"XLSReport.MxCellStyle/TextVerticalalignment","readOnlyStyle":"text","validation":null,"emptyOptionCaption":""' class='mx-name-dropDown4' tabindex='0'></div></td><th><label class='mx-name-label1' data-mendix-id='98_42'>Rotation</label></th><td><div data-mendix-id='98_44' data-mendix-type='mxui.widget.NumberInput' data-mendix-props='"friendlyId":"XLSReport.CellStyle_NewEdit.textBox1","insideFormGroup":false,"attributePath":"XLSReport.MxCellStyle/TextRotation","readOnlyStyle":"text","validation":null,"placeholder":""' class='mx-name-textBox1' tabindex='0'></div></td></tr><tr><th><label class='mx-name-label10' data-mendix-id='98_46'>Wrap text</label></th><td><div data-mendix-id='98_48' data-mendix-type='mxui.widget.BoolSelect' data-mendix-props='"friendlyId":"XLSReport.CellStyle_NewEdit.checkBox4","insideFormGroup":false,"attributePath":"XLSReport.MxCellStyle/WrapText","readOnlyStyle":"text","validation":null' class='mx-name-checkBox4' tabindex='0'></div></td><th></th><td></td></tr><tr><th><label class='mx-name-label11' data-mendix-id='98_52'>Border top</label></th><td><div data-mendix-id='98_54' data-mendix-type='mxui.widget.NumberInput' data-mendix-props='"friendlyId":"XLSReport.CellStyle_NewEdit.textBox3","insideFormGroup":false,"attributePath":"XLSReport.MxCellStyle/BorderTop","readOnlyStyle":"text","validation":null,"placeholder":""' class='mx-name-textBox3' tabindex='0'></div></td><th><label class='mx-name-label12' data-mendix-id='98_56'>Border bottom</label></th><td><div data-mendix-id='98_58' data-mendix-type='mxui.widget.NumberInput' data-mendix-props='"friendlyId":"XLSReport.CellStyle_NewEdit.textBox4","insideFormGroup":false,"attributePath":"XLSReport.MxCellStyle/BorderBottom","readOnlyStyle":"text","validation":null,"placeholder":""' class='mx-name-textBox4' tabindex='0'></div></td></tr><tr><th><label class='mx-name-label13' data-mendix-id='98_60'>Border left</label></th><td><div data-mendix-id='98_62' data-mendix-type='mxui.widget.NumberInput' data-mendix-props='"friendlyId":"XLSReport.CellStyle_NewEdit.textBox5","insideFormGroup":false,"attributePath":"XLSReport.MxCellStyle/BorderLeft","readOnlyStyle":"text","validation":null,"placeholder":""' class='mx-name-textBox5' tabindex='0'></div></td><th><label class='mx-name-label14' data-mendix-id='98_64'>Border right</label></th><td><div data-mendix-id='98_66' data-mendix-type='mxui.widget.NumberInput' data-mendix-props='"friendlyId":"XLSReport.CellStyle_NewEdit.textBox6","insideFormGroup":false,"attributePath":"XLSReport.MxCellStyle/BorderRight","readOnlyStyle":"text","validation":null,"placeholder":""' class='mx-name-textBox6' tabindex='0'></div></td></tr><tr><th><label class='mx-name-label15' data-mendix-id='98_68'>Border color</label></th><td><div data-mendix-id='98_70' data-mendix-type='mxui.widget.EnumSelect' data-mendix-props='"friendlyId":"XLSReport.CellStyle_NewEdit.dropDown5","insideFormGroup":false,"attributePath":"XLSReport.MxCellStyle/BorderColor","readOnlyStyle":"text","validation":null,"emptyOptionCaption":""' class='mx-name-dropDown5' tabindex='0'></div></td><td></td><td></td></tr></tbody></table></m:template><m:template widget-id='98_1' name='footer'><div data-mendix-id='98_88' data-mendix-type='mxui.widget.ActionButton' data-mendix-props='"friendlyId":"XLSReport.CellStyle_NewEdit.saveButton1","caption":{"$type":"textTemplate","text":"Save","friendlyId":"XLSReport.CellStyle_NewEdit.saveButton1"},"iconUrl":"img/System$Save.png?636468842603385563","renderType":"button","action":{"type":"saveChanges","hasParameter":true,"params":{"closePage":true}}' class='mx-name-saveButton1 btn-default' tabindex='0'></div><div data-mendix-id='98_0' data-mendix-type='mxui.widget.ActionButton' data-mendix-props='"friendlyId":"XLSReport.CellStyle_NewEdit.cancelButton1","caption":{"$type":"textTemplate","text":"Cancel","friendlyId":"XLSReport.CellStyle_NewEdit.cancelButton1"},"iconUrl":"img/System$Cancel.png?636468842603385563","renderType":"button","action":{"type":"cancelChanges","hasParameter":false,"params":{"closePage":true}}' class='mx-name-cancelButton1 btn-default' tabindex='0'></div></m:template></m:templates></m:page>