﻿<?xml version='1.0' encoding='utf-8'?><m:page id='f3382d29-9103-4662-9f7a-fdef79220289' xmlns='http://www.w3.org/1999/xhtml' title='Form title' closeButton='106_0' xmlns:m='http://schemas.mendix.com/forms/1.0'><m:layouts><m:layout path='XLSReport/PopupLayout.layout.xml'></m:layout></m:layouts><m:arguments><m:argument parameterName='64e38021-d2bb-4b3d-b75c-6321c7b57eb0'><div data-mendix-id='106_1' data-mendix-type='mxui.widget.DataView' data-mendix-props='"friendlyId":"XLSReport.ColumnSettings_NewEdit.dataView1","entity":"XLSReport.MxColumnSettings","schema":"de0c087c-5710-4d6e-9d34-066a0a2fd6ee","datasource":{"friendlyId":"XLSReport.ColumnSettings_NewEdit.dataView1","type":"direct","path":"XLSReport.MxColumnSettings"},"conditions":{"106_19":{"visible":{"type":"function","name":"not","parameters":[{"type":"variable","variable":"currentObject","path":"AutoSize"}]}}}' class='mx-name-dataView1' tabindex='0'></div></m:argument></m:arguments><m:templates><m:template widget-id='106_1' name='content'><table class='mx-table mx-name-table1'><colgroup><col style='width:25%'></col><col style='width:75%'></col></colgroup><tbody><tr><th><label class='mx-name-label2' data-mendix-id='106_4'>Column number</label></th><td><div data-mendix-id='106_6' data-mendix-type='mxui.widget.NumberInput' data-mendix-props='"friendlyId":"XLSReport.ColumnSettings_NewEdit.textBox2","insideFormGroup":false,"attributePath":"XLSReport.MxColumnSettings/ColumnIndex","readOnlyStyle":"text","validation":{"message":"The column number is required","expression":{"type":"function","name":"!=","parameters":[{"type":"variable","variable":"value","path":null},{"type":"literal","value":null}]}},"placeholder":""' class='mx-name-textBox2' tabindex='0'></div></td></tr><tr><th><label class='mx-name-label3' data-mendix-id='106_8'>Automatic resize</label></th><td><div data-mendix-id='106_10' data-mendix-type='mxui.widget.BoolSelect' data-mendix-props='"friendlyId":"XLSReport.ColumnSettings_NewEdit.checkBox1","insideFormGroup":false,"attributePath":"XLSReport.MxColumnSettings/AutoSize","readOnlyStyle":"text","validation":null' class='mx-name-checkBox1' tabindex='0'></div></td></tr><tr data-mendix-id='106_19'><th><label class='mx-name-label1' data-mendix-id='106_12'>Column width (pixels)</label></th><td><div data-mendix-id='106_14' data-mendix-type='mxui.widget.NumberInput' data-mendix-props='"friendlyId":"XLSReport.ColumnSettings_NewEdit.textBox1","insideFormGroup":false,"attributePath":"XLSReport.MxColumnSettings/ColumnWidth","readOnlyStyle":"text","validation":null,"placeholder":""' class='mx-name-textBox1' tabindex='0'></div></td></tr></tbody></table></m:template><m:template widget-id='106_1' name='footer'><div data-mendix-id='106_21' data-mendix-type='mxui.widget.ActionButton' data-mendix-props='"friendlyId":"XLSReport.ColumnSettings_NewEdit.microflowButton1","caption":{"$type":"textTemplate","text":"Save","friendlyId":"XLSReport.ColumnSettings_NewEdit.microflowButton1"},"iconUrl":"img/System$Save.png?636468842603385563","renderType":"button","action":{"type":"callMicroflow","hasParameter":true,"params":{"name":"XLSReport.Settings_Save","applyTo":"selection","allowedRoles":["Administrator"]}}' data-mendix-roles='Administrator' class='mx-name-microflowButton1 btn-default' tabindex='0'></div><div data-mendix-id='106_0' data-mendix-type='mxui.widget.ActionButton' data-mendix-props='"friendlyId":"XLSReport.ColumnSettings_NewEdit.cancelButton1","caption":{"$type":"textTemplate","text":"Cancel","friendlyId":"XLSReport.ColumnSettings_NewEdit.cancelButton1"},"iconUrl":"img/System$Cancel.png?636468842603385563","renderType":"button","action":{"type":"cancelChanges","hasParameter":false,"params":{"closePage":true}}' class='mx-name-cancelButton1 btn-default' tabindex='0'></div></m:template></m:templates></m:page>