﻿<?xml version='1.0' encoding='utf-8'?><m:page id='4bf0f184-7018-482d-9fdd-025f5f2c2ac9' xmlns='http://www.w3.org/1999/xhtml' title='Upload excisting excel file' closeButton='100_0' xmlns:m='http://schemas.mendix.com/forms/1.0'><m:layouts><m:layout path='XLSReport/PopupLayout.layout.xml'></m:layout></m:layouts><m:arguments><m:argument parameterName='64e38021-d2bb-4b3d-b75c-6321c7b57eb0'><div data-mendix-id='100_1' data-mendix-type='mxui.widget.DataView' data-mendix-props='"friendlyId":"XLSReport.ExcistFile_NewEdit.dataView","entity":"XLSReport.CustomExcel","schema":"23ceda2c-ddd8-4234-be8f-17283c91a6b7","datasource":{"friendlyId":"XLSReport.ExcistFile_NewEdit.dataView","type":"direct","path":"XLSReport.CustomExcel"}' class='mx-name-dataView' tabindex='0'></div></m:argument></m:arguments><m:templates><m:template widget-id='100_1' name='content'><table class='mx-table mx-name-table'><colgroup><col style='width:25%'></col><col style='width:75%'></col></colgroup><tbody><tr><th><label class='mx-name-label' data-mendix-id='100_5'>File</label></th><td><div data-mendix-id='100_7' data-mendix-type='mxui.widget.FileInput' data-mendix-props='"friendlyId":"XLSReport.ExcistFile_NewEdit.fileManager","insideFormGroup":false,"maxFileSize":5,"uploadable":true,"target":"internal"' class='mx-name-fileManager' tabindex='0'></div></td></tr></tbody></table><div data-mendix-id='100_11' data-mendix-type='mxui.widget.BoolSelect' data-mendix-props='"friendlyId":"XLSReport.ExcistFile_NewEdit.checkBox","readOnly":true,"insideFormGroup":false,"attributePath":"XLSReport.CustomExcel/HasContents","readOnlyStyle":"text","validation":null' class='mx-name-checkBox' style='display: none;' tabindex='0'></div></m:template><m:template widget-id='100_1' name='footer'><div data-mendix-id='100_13' data-mendix-type='mxui.widget.ActionButton' data-mendix-props='"friendlyId":"XLSReport.ExcistFile_NewEdit.microflowButton1","caption":{"$type":"textTemplate","text":"Save","friendlyId":"XLSReport.ExcistFile_NewEdit.microflowButton1"},"iconUrl":"img/System$Save.png?636468842603385563","renderType":"button","action":{"type":"callMicroflow","hasParameter":true,"params":{"name":"XLSReport.IVK_ExcistFile_Save","validate":"view","applyTo":"selection","allowedRoles":["Administrator"]}}' data-mendix-roles='Administrator' class='mx-name-microflowButton1 btn-default' tabindex='0'></div><div data-mendix-id='100_0' data-mendix-type='mxui.widget.ActionButton' data-mendix-props='"friendlyId":"XLSReport.ExcistFile_NewEdit.cancelButton1","caption":{"$type":"textTemplate","text":"Cancel","friendlyId":"XLSReport.ExcistFile_NewEdit.cancelButton1"},"iconUrl":"img/System$Cancel.png?636468842603385563","renderType":"button","action":{"type":"cancelChanges","hasParameter":false,"params":{"closePage":true}}' class='mx-name-cancelButton1 btn-default' tabindex='0'></div></m:template></m:templates></m:page>