﻿<?xml version='1.0' encoding='utf-8'?><m:page id='2fa9729d-a474-4df2-98ae-f1b86355a68b' xmlns='http://www.w3.org/1999/xhtml' title='Edit Mx Constraint' closeButton='112_0' xmlns:m='http://schemas.mendix.com/forms/1.0'><m:layouts><m:layout path='XLSReport/PopupLayout.layout.xml'></m:layout></m:layouts><m:arguments><m:argument parameterName='64e38021-d2bb-4b3d-b75c-6321c7b57eb0'><div data-mendix-id='112_1' data-mendix-type='mxui.widget.DataView' data-mendix-props='"friendlyId":"XLSReport.MxConstraint_Edit.dataView1","entity":"XLSReport.MxConstraint","schema":"e57893cc-0e2f-43c6-8980-e82d5aae97cd","datasource":{"friendlyId":"XLSReport.MxConstraint_Edit.dataView1","type":"direct","path":"XLSReport.MxConstraint"},"conditions":{"112_34":{"visible":{"type":"function","name":"=","parameters":[{"type":"variable","variable":"currentObject","path":"AttributeType"},{"type":"literal","value":"Text"}]}},"112_35":{"visible":{"type":"function","name":"=","parameters":[{"type":"variable","variable":"currentObject","path":"AttributeType"},{"type":"literal","value":"Number"}]}},"112_36":{"visible":{"type":"function","name":"=","parameters":[{"type":"variable","variable":"currentObject","path":"AttributeType"},{"type":"literal","value":"Decimal"}]}},"112_37":{"visible":{"type":"function","name":"=","parameters":[{"type":"variable","variable":"currentObject","path":"AttributeType"},{"type":"literal","value":"YesNo"}]}},"112_38":{"visible":{"type":"function","name":"=","parameters":[{"type":"variable","variable":"currentObject","path":"AttributeType"},{"type":"literal","value":"Date"}]}},"112_40":{"visible":{"type":"conditional","condition":{"type":"conditional","condition":{"type":"conditional","condition":{"type":"conditional","condition":{"type":"conditional","condition":{"type":"conditional","condition":{"type":"conditional","condition":{"type":"conditional","condition":{"type":"function","name":"=","parameters":[{"type":"variable","variable":"currentObject","path":"Constraint"},{"type":"literal","value":"Contains"}]},"then":{"type":"literal","value":true},"else":{"type":"function","name":"=","parameters":[{"type":"variable","variable":"currentObject","path":"Constraint"},{"type":"literal","value":"StartWith"}]}},"then":{"type":"literal","value":true},"else":{"type":"function","name":"=","parameters":[{"type":"variable","variable":"currentObject","path":"Constraint"},{"type":"literal","value":"Greater"}]}},"then":{"type":"literal","value":true},"else":{"type":"function","name":"=","parameters":[{"type":"variable","variable":"currentObject","path":"Constraint"},{"type":"literal","value":"GreaterEqual"}]}},"then":{"type":"literal","value":true},"else":{"type":"function","name":"=","parameters":[{"type":"variable","variable":"currentObject","path":"Constraint"},{"type":"literal","value":"Equal"}]}},"then":{"type":"literal","value":true},"else":{"type":"function","name":"=","parameters":[{"type":"variable","variable":"currentObject","path":"Constraint"},{"type":"literal","value":"NotEqual"}]}},"then":{"type":"literal","value":true},"else":{"type":"function","name":"=","parameters":[{"type":"variable","variable":"currentObject","path":"Constraint"},{"type":"literal","value":"SmallerEqual"}]}},"then":{"type":"literal","value":true},"else":{"type":"function","name":"=","parameters":[{"type":"variable","variable":"currentObject","path":"Constraint"},{"type":"literal","value":"Smaller"}]}},"then":{"type":"literal","value":true},"else":{"type":"function","name":"=","parameters":[{"type":"variable","variable":"currentObject","path":"Constraint"},{"type":"literal","value":null}]}}}}' class='mx-name-dataView1' tabindex='0'></div></m:argument></m:arguments><m:templates><m:template widget-id='112_1' name='content'><table class='mx-table mx-name-table2'><colgroup><col style='width:16%'></col><col style='width:16%'></col><col style='width:17%'></col><col style='width:51%'></col></colgroup><tbody><tr><th><label class='mx-name-label2' data-mendix-id='112_4'>Constraint</label></th><td><div data-mendix-id='112_6' data-mendix-type='mxui.widget.TextInput' data-mendix-props='"friendlyId":"XLSReport.MxConstraint_Edit.textBox2","readOnly":true,"insideFormGroup":false,"attributePath":"XLSReport.MxConstraint/Attribute","readOnlyStyle":"text","validation":null,"placeholder":"","maxLength":200' class='mx-name-textBox2' tabindex='0'></div></td><td><div data-mendix-id='112_8' data-mendix-type='mxui.widget.EnumSelect' data-mendix-props='"friendlyId":"XLSReport.MxConstraint_Edit.dropDown2","insideFormGroup":false,"attributePath":"XLSReport.MxConstraint/Constraint","readOnlyStyle":"text","validation":null,"emptyOptionCaption":""' class='mx-name-dropDown2' tabindex='0'></div></td><td class='nopadding '><table class='mx-table mx-name-table1'><colgroup><col style='width:100%'></col></colgroup><tbody><tr data-mendix-id='112_40'><td class='nopadding '><table class='mx-table mx-name-table3'><colgroup><col style='width:100%'></col></colgroup><tbody><tr data-mendix-id='112_34'><td><div data-mendix-id='112_14' data-mendix-type='mxui.widget.TextInput' data-mendix-props='"friendlyId":"XLSReport.MxConstraint_Edit.textBox3","insideFormGroup":false,"attributePath":"XLSReport.MxConstraint/ConstraintText","readOnlyStyle":"text","validation":null,"placeholder":"","maxLength":50' class='mx-name-textBox3' tabindex='0'></div></td></tr><tr data-mendix-id='112_35'><td><div data-mendix-id='112_16' data-mendix-type='mxui.widget.NumberInput' data-mendix-props='"friendlyId":"XLSReport.MxConstraint_Edit.textBox4","insideFormGroup":false,"attributePath":"XLSReport.MxConstraint/ConstraintNumber","readOnlyStyle":"text","validation":null,"placeholder":""' class='mx-name-textBox4' tabindex='0'></div></td></tr><tr data-mendix-id='112_36'><td><div data-mendix-id='112_18' data-mendix-type='mxui.widget.NumberInput' data-mendix-props='"friendlyId":"XLSReport.MxConstraint_Edit.textBox1","insideFormGroup":false,"attributePath":"XLSReport.MxConstraint/ConstraintFloat","readOnlyStyle":"text","validation":null,"placeholder":"","precision":2' class='mx-name-textBox1' tabindex='0'></div></td></tr><tr data-mendix-id='112_37'><td><div data-mendix-id='112_20' data-mendix-type='mxui.widget.BoolSelect' data-mendix-props='"friendlyId":"XLSReport.MxConstraint_Edit.checkBox1","insideFormGroup":false,"attributePath":"XLSReport.MxConstraint/ConstraintBoolean","readOnlyStyle":"text","validation":null' class='mx-name-checkBox1' tabindex='0'></div></td></tr><tr data-mendix-id='112_38'><td class='nopadding '><table class='mx-table mx-name-table4'><colgroup><col style='width:33%'></col><col style='width:33%'></col><col style='width:34%'></col></colgroup><tbody><tr><td><div data-mendix-id='112_24' data-mendix-type='mxui.widget.NumberInput' data-mendix-props='"friendlyId":"XLSReport.MxConstraint_Edit.textBox5","insideFormGroup":false,"attributePath":"XLSReport.MxConstraint/ConstraintNumber","readOnlyStyle":"text","validation":null,"placeholder":""' class='mx-name-textBox5' tabindex='0'></div></td><td><div data-mendix-id='112_26' data-mendix-type='mxui.widget.EnumSelect' data-mendix-props='"friendlyId":"XLSReport.MxConstraint_Edit.dropDown1","insideFormGroup":false,"attributePath":"XLSReport.MxConstraint/ConstraintDateTime","readOnlyStyle":"text","validation":null,"emptyOptionCaption":""' class='mx-name-dropDown1' tabindex='0'></div></td><td><label class='mx-name-label1' data-mendix-id='112_28'>Current datetime</label></td></tr></tbody></table></td></tr></tbody></table></td></tr></tbody></table></td></tr><tr><th colspan='2'><label class='mx-name-label3' data-mendix-id='112_42'>Handling on previous constraint</label></th><td><div data-mendix-id='112_44' data-mendix-type='mxui.widget.EnumSelect' data-mendix-props='"friendlyId":"XLSReport.MxConstraint_Edit.dropDown3","insideFormGroup":false,"attributePath":"XLSReport.MxConstraint/AndOr","readOnlyStyle":"text","validation":null,"emptyOptionCaption":""' class='mx-name-dropDown3' tabindex='0'></div></td><td></td></tr></tbody></table></m:template><m:template widget-id='112_1' name='footer'><div data-mendix-id='112_53' data-mendix-type='mxui.widget.ActionButton' data-mendix-props='"friendlyId":"XLSReport.MxConstraint_Edit.microflowButton1","caption":{"$type":"textTemplate","text":"Save","friendlyId":"XLSReport.MxConstraint_Edit.microflowButton1"},"iconUrl":"img/System$Save.png?636468842603385563","renderType":"button","action":{"type":"callMicroflow","hasParameter":true,"params":{"name":"XLSReport.IVK_ConstraintSave","validate":"view","applyTo":"selection","allowedRoles":["Administrator"]}}' data-mendix-roles='Administrator' class='mx-name-microflowButton1 btn-default' tabindex='0'></div><div data-mendix-id='112_0' data-mendix-type='mxui.widget.ActionButton' data-mendix-props='"friendlyId":"XLSReport.MxConstraint_Edit.cancelButton1","caption":{"$type":"textTemplate","text":"Cancel","friendlyId":"XLSReport.MxConstraint_Edit.cancelButton1"},"iconUrl":"img/System$Cancel.png?636468842603385563","renderType":"button","action":{"type":"cancelChanges","hasParameter":false,"params":{"closePage":true}}' class='mx-name-cancelButton1 btn-default' tabindex='0'></div></m:template></m:templates></m:page>