﻿<?xml version='1.0' encoding='utf-8'?><m:page id='70153d9c-34c6-42bc-8082-8c5ffb7ff655' xmlns='http://www.w3.org/1999/xhtml' title='Edit Mx column' closeButton='108_0' xmlns:m='http://schemas.mendix.com/forms/1.0'><m:layouts><m:layout path='XLSReport/PopupLayout.layout.xml'></m:layout></m:layouts><m:arguments><m:argument parameterName='64e38021-d2bb-4b3d-b75c-6321c7b57eb0'><div data-mendix-id='108_1' data-mendix-type='mxui.widget.DataView' data-mendix-props='"friendlyId":"XLSReport.MxColumn_CSVNewEdit.dataView1","entity":"XLSReport.MxColumn","schema":"9179d25f-0165-4cc5-bb83-333ae509e05c","datasource":{"friendlyId":"XLSReport.MxColumn_CSVNewEdit.dataView1","type":"direct","path":"XLSReport.MxColumn"},"conditions":{"108_37":{"visible":{"type":"variable","variable":"currentObject","path":"DataAggregate"}}}' class='mx-name-dataView1' tabindex='0'></div></m:argument></m:arguments><m:templates><m:template widget-id='108_1' name='content'><table class='mx-table mx-name-table1'><colgroup><col style='width:20%'></col><col style='width:30%'></col><col style='width:20%'></col><col style='width:30%'></col></colgroup><tbody><tr><th><label class='mx-name-label2' data-mendix-id='108_4'>Column number</label></th><td><div data-mendix-id='108_6' data-mendix-type='mxui.widget.NumberInput' data-mendix-props='"friendlyId":"XLSReport.MxColumn_CSVNewEdit.textBox2","insideFormGroup":false,"attributePath":"XLSReport.MxColumn/ColumnNumber","readOnlyStyle":"text","validation":null,"placeholder":""' class='mx-name-textBox2' tabindex='0'></div></td><th><label class='mx-name-label3' data-mendix-id='108_8'>Name</label></th><td><div data-mendix-id='108_10' data-mendix-type='mxui.widget.TextInput' data-mendix-props='"friendlyId":"XLSReport.MxColumn_CSVNewEdit.textBox1","insideFormGroup":false,"attributePath":"XLSReport.MxColumn/Name","readOnlyStyle":"text","validation":null,"placeholder":"","maxLength":200' class='mx-name-textBox1' tabindex='0'></div></td></tr><tr><th><label class='mx-name-label1' data-mendix-id='108_12'>Name as header</label></th><td><div data-mendix-id='108_14' data-mendix-type='mxui.widget.BoolSelect' data-mendix-props='"friendlyId":"XLSReport.MxColumn_CSVNewEdit.checkBox1","readOnly":true,"insideFormGroup":false,"attributePath":"XLSReport.MxColumn/NameAsHeader","readOnlyStyle":"text","validation":null' class='mx-name-checkBox1' tabindex='0'></div></td><td></td><td></td></tr><tr><td class='nopadding ' colspan='4'><div data-mendix-id='108_18' data-mendix-type='mxui.widget.DataView' data-mendix-props='"friendlyId":"XLSReport.MxColumn_CSVNewEdit.dataView4","entity":"XLSReport.MxXPath","schema":"ef717321-d29c-4184-9e0b-43866475026e","hideFooter":true,"datasource":{"friendlyId":"XLSReport.MxColumn_CSVNewEdit.dataView4","type":"direct","path":"XLSReport.MxXPath_MxData/XLSReport.MxXPath"},"conditions":{"108_62":{"visible":{"type":"function","name":"=","parameters":[{"type":"variable","variable":"currentObject","path":"RetrieveType"},{"type":"literal","value":"Attribute"}]}},"108_63":{"visible":{"type":"function","name":"=","parameters":[{"type":"variable","variable":"currentObject","path":"RetrieveType"},{"type":"literal","value":"Reference"}]}},"108_64":{"visible":{"type":"function","name":"=","parameters":[{"type":"variable","variable":"currentObject","path":"RetrieveType"},{"type":"literal","value":"Reference"}]}},"108_65":{"visible":{"type":"variable","variable":"currentObject","path":"SubVisible"}}}' class='mx-name-dataView4' tabindex='0'></div></td></tr><tr><th><label class='mx-name-label7' data-mendix-id='108_20'>Aggregate on attribute</label></th><td colspan='3'><div data-mendix-id='108_22' data-mendix-type='mxui.widget.BoolSelect' data-mendix-props='"friendlyId":"XLSReport.MxColumn_CSVNewEdit.checkBox3","insideFormGroup":false,"attributePath":"XLSReport.MxColumn/DataAggregate","readOnlyStyle":"text","validation":null' class='mx-name-checkBox3' tabindex='0'></div></td></tr><tr data-mendix-id='108_37'><th><label class='mx-name-label8' data-mendix-id='108_24'>Aggregate type</label></th><td><div data-mendix-id='108_26' data-mendix-type='mxui.widget.EnumSelect' data-mendix-props='"friendlyId":"XLSReport.MxColumn_CSVNewEdit.dropDown2","insideFormGroup":false,"attributePath":"XLSReport.MxColumn/DataAggregateFunction","readOnlyStyle":"text","validation":null,"emptyOptionCaption":""' class='mx-name-dropDown2' tabindex='0'></div></td><td colspan='2'><label class='mx-name-label9' data-mendix-id='108_28'>The aggregate will be added in the query</label></td></tr></tbody></table></m:template><m:template widget-id='108_1' name='footer'><div data-mendix-id='108_39' data-mendix-type='mxui.widget.ActionButton' data-mendix-props='"friendlyId":"XLSReport.MxColumn_CSVNewEdit.microflowButton1","caption":{"$type":"textTemplate","text":"Save","friendlyId":"XLSReport.MxColumn_CSVNewEdit.microflowButton1"},"iconUrl":"img/System$Save.png?636468842603385563","renderType":"button","action":{"type":"callMicroflow","hasParameter":true,"params":{"name":"XLSReport.IVK_Column_Save","applyTo":"selection","allowedRoles":["Administrator"]}}' data-mendix-roles='Administrator' class='mx-name-microflowButton1 btn-default' tabindex='0'></div><div data-mendix-id='108_0' data-mendix-type='mxui.widget.ActionButton' data-mendix-props='"friendlyId":"XLSReport.MxColumn_CSVNewEdit.cancelButton1","caption":{"$type":"textTemplate","text":"Cancel","friendlyId":"XLSReport.MxColumn_CSVNewEdit.cancelButton1"},"iconUrl":"img/System$Cancel.png?636468842603385563","renderType":"button","action":{"type":"cancelChanges","hasParameter":false,"params":{"closePage":false}}' class='mx-name-cancelButton1 btn-default' tabindex='0'></div></m:template><m:template widget-id='108_18' name='content'><table class='mx-table mx-name-table5'><colgroup><col style='width:25%'></col><col style='width:75%'></col></colgroup><tbody><tr><th><label class='mx-name-label17' data-mendix-id='108_42'>Retrieve type</label></th><td><div data-mendix-id='108_44' data-mendix-type='mxui.widget.EnumSelect' data-mendix-props='"friendlyId":"XLSReport.MxColumn_CSVNewEdit.dropDown3","insideFormGroup":false,"attributePath":"XLSReport.MxXPath/RetrieveType","readOnlyStyle":"text","validation":null,"events":{"change":{"name":"XLSReport.OCh_Xpath_RetrieveType","validate":"node","applyTo":"selection","allowedRoles":["Administrator"]}},"emptyOptionCaption":""' class='mx-name-dropDown3' tabindex='0'></div></td></tr><tr data-mendix-id='108_62'><th><label class='mx-name-label18' data-mendix-id='108_46'>Select attribute</label></th><td><div data-mendix-id='108_48' data-mendix-type='mxui.widget.ReferenceSelector' data-mendix-props='"friendlyId":"XLSReport.MxColumn_CSVNewEdit.referenceSelector4","insideFormGroup":false,"attributePath":"XLSReport.MxXPath/XLSReport.MxXPath_MxObjectMember/MxModelReflection.MxObjectMember/AttributeName","readOnlyStyle":"text","attributePath":"XLSReport.MxXPath/XLSReport.MxXPath_MxObjectMember/MxModelReflection.MxObjectMember/AttributeName","datasource":{"friendlyId":"XLSReport.MxColumn_CSVNewEdit.referenceSelector4","type":"microflow","microflow":"XLSReport.DS_First_Attribute","path":"MxModelReflection.MxObjectMember"},"validation":null,"emptyOptionCaption":""' class='mx-name-referenceSelector4' tabindex='0'></div></td></tr><tr data-mendix-id='108_63'><th><label class='mx-name-label19' data-mendix-id='108_50'>Select reference</label></th><td><div data-mendix-id='108_52' data-mendix-type='mxui.widget.ReferenceSelector' data-mendix-props='"friendlyId":"XLSReport.MxColumn_CSVNewEdit.referenceSelector2","insideFormGroup":false,"attributePath":"XLSReport.MxXPath/XLSReport.MxXPath_MxObjectReference/MxModelReflection.MxObjectReference/CompleteName","readOnlyStyle":"text","attributePath":"XLSReport.MxXPath/XLSReport.MxXPath_MxObjectReference/MxModelReflection.MxObjectReference/CompleteName","datasource":{"friendlyId":"XLSReport.MxColumn_CSVNewEdit.referenceSelector2","type":"microflow","microflow":"XLSReport.DS_First_Reference","path":"MxModelReflection.MxObjectReference"},"validation":null,"emptyOptionCaption":""' class='mx-name-referenceSelector2' tabindex='0'></div></td></tr><tr data-mendix-id='108_64'><th><label class='mx-name-label20' data-mendix-id='108_54'>Select object</label></th><td><div data-mendix-id='108_56' data-mendix-type='mxui.widget.ReferenceSelector' data-mendix-props='"friendlyId":"XLSReport.MxColumn_CSVNewEdit.referenceSelector3","insideFormGroup":false,"attributePath":"XLSReport.MxXPath/XLSReport.MxXPath_MxObjectType/MxModelReflection.MxObjectType/CompleteName","readOnlyStyle":"text","attributePath":"XLSReport.MxXPath/XLSReport.MxXPath_MxObjectType/MxModelReflection.MxObjectType/CompleteName","datasource":{"friendlyId":"XLSReport.MxColumn_CSVNewEdit.referenceSelector3","type":"xpath","path":"MxModelReflection.MxObjectType","constrainedBy":["XLSReport.MxXPath/XLSReport.MxXPath_MxObjectReference/MxModelReflection.MxObjectReference/MxModelReflection.MxObjectReference_MxObjectType/MxModelReflection.MxObjectType"],"sort":[["CompleteName","asc"]]},"events":{"change":{"name":"XLSReport.OCh_XPath_Refresh","validate":"node","applyTo":"selection","allowedRoles":["Administrator"]}},"validation":null,"emptyOptionCaption":""' class='mx-name-referenceSelector3' tabindex='0'></div></td></tr><tr data-mendix-id='108_65'><td colspan='2'><div data-mendix-id='108_58' data-mendix-type='mxui.widget.DataView' data-mendix-props='"friendlyId":"XLSReport.MxColumn_CSVNewEdit.dataView5","entity":"XLSReport.MxXPath","schema":"c38fb80b-f5be-4211-8eb9-a88ab271807a","hideFooter":true,"datasource":{"friendlyId":"XLSReport.MxColumn_CSVNewEdit.dataView5","type":"direct","path":"XLSReport.MxXPath_ParentMxXPath/XLSReport.MxXPath"},"conditions":{"108_66_68_92":{"visible":{"type":"function","name":"=","parameters":[{"type":"variable","variable":"currentObject","path":"RetrieveType"},{"type":"literal","value":"Attribute"}]}},"108_66_68_93":{"visible":{"type":"function","name":"=","parameters":[{"type":"variable","variable":"currentObject","path":"RetrieveType"},{"type":"literal","value":"Attribute"}]}},"108_66_68_94":{"visible":{"type":"function","name":"=","parameters":[{"type":"variable","variable":"currentObject","path":"RetrieveType"},{"type":"literal","value":"Reference"}]}},"108_66_68_95":{"visible":{"type":"function","name":"=","parameters":[{"type":"variable","variable":"currentObject","path":"RetrieveType"},{"type":"literal","value":"Reference"}]}},"108_66_96":{"visible":{"type":"variable","variable":"currentObject","path":"SubVisible"}}}' class='mx-name-dataView5' tabindex='0'></div></td></tr></tbody></table></m:template><m:template widget-id='108_58' name='content'><table class='mx-table mx-name-table1'><colgroup><col style='width:25%'></col><col style='width:75%'></col></colgroup><tbody><tr><th><label class='mx-name-label1' data-mendix-id='108_66_68_71'>Retrieve type</label></th><td><div data-mendix-id='108_66_68_73' data-mendix-type='mxui.widget.EnumSelect' data-mendix-props='"friendlyId":"XLSReport.SN_Xpath_Template.dropDown1","insideFormGroup":false,"attributePath":"XLSReport.MxXPath/RetrieveType","readOnlyStyle":"text","validation":null,"events":{"change":{"name":"XLSReport.OCh_Xpath_RetrieveType","validate":"node","applyTo":"selection","allowedRoles":["Administrator"]}},"emptyOptionCaption":""' class='mx-name-dropDown1' tabindex='0'></div></td></tr><tr data-mendix-id='108_66_68_92'><th><label class='mx-name-label2' data-mendix-id='108_66_68_75'>Select attribute</label></th><td><div data-mendix-id='108_66_68_77' data-mendix-type='mxui.widget.ReferenceSelector' data-mendix-props='"friendlyId":"XLSReport.SN_Xpath_Template.referenceSelector1","insideFormGroup":false,"attributePath":"XLSReport.MxXPath/XLSReport.MxXPath_MxObjectMember/MxModelReflection.MxObjectMember/AttributeName","readOnlyStyle":"text","attributePath":"XLSReport.MxXPath/XLSReport.MxXPath_MxObjectMember/MxModelReflection.MxObjectMember/AttributeName","datasource":{"friendlyId":"XLSReport.SN_Xpath_Template.referenceSelector1","type":"microflow","microflow":"XLSReport.DS_Attribute","path":"MxModelReflection.MxObjectMember"},"validation":null,"emptyOptionCaption":""' class='mx-name-referenceSelector1' tabindex='0'></div></td></tr><tr data-mendix-id='108_66_68_93'><td></td><td><label class='mx-name-label5' data-mendix-id='108_66_68_80'>Virtual attributes can't be used, because those attributes can't be retrieved with OQL</label></td></tr><tr data-mendix-id='108_66_68_94'><th><label class='mx-name-label3' data-mendix-id='108_66_68_82'>Select reference</label></th><td><div data-mendix-id='108_66_68_84' data-mendix-type='mxui.widget.ReferenceSelector' data-mendix-props='"friendlyId":"XLSReport.SN_Xpath_Template.referenceSelector2","insideFormGroup":false,"attributePath":"XLSReport.MxXPath/XLSReport.MxXPath_MxObjectReference/MxModelReflection.MxObjectReference/CompleteName","readOnlyStyle":"text","attributePath":"XLSReport.MxXPath/XLSReport.MxXPath_MxObjectReference/MxModelReflection.MxObjectReference/CompleteName","datasource":{"friendlyId":"XLSReport.SN_Xpath_Template.referenceSelector2","type":"microflow","microflow":"XLSReport.DS_Reference","path":"MxModelReflection.MxObjectReference"},"validation":null,"emptyOptionCaption":""' class='mx-name-referenceSelector2' tabindex='0'></div></td></tr><tr data-mendix-id='108_66_68_95'><th><label class='mx-name-label4' data-mendix-id='108_66_68_86'>Select object</label></th><td><div data-mendix-id='108_66_68_88' data-mendix-type='mxui.widget.ReferenceSelector' data-mendix-props='"friendlyId":"XLSReport.SN_Xpath_Template.referenceSelector3","insideFormGroup":false,"attributePath":"XLSReport.MxXPath/XLSReport.MxXPath_MxObjectType/MxModelReflection.MxObjectType/CompleteName","readOnlyStyle":"text","attributePath":"XLSReport.MxXPath/XLSReport.MxXPath_MxObjectType/MxModelReflection.MxObjectType/CompleteName","datasource":{"friendlyId":"XLSReport.SN_Xpath_Template.referenceSelector3","type":"xpath","path":"MxModelReflection.MxObjectType","constrainedBy":["XLSReport.MxXPath/XLSReport.MxXPath_MxObjectReference/MxModelReflection.MxObjectReference/MxModelReflection.MxObjectReference_MxObjectType/MxModelReflection.MxObjectType"],"sort":[["CompleteName","asc"]]},"events":{"change":{"name":"XLSReport.OCh_XPath_Refresh","validate":"node","applyTo":"selection","allowedRoles":["Administrator"]}},"validation":null,"emptyOptionCaption":""' class='mx-name-referenceSelector3' tabindex='0'></div></td></tr></tbody></table><div data-mendix-id='108_66_96' data-mendix-type='mxui.widget.DataView' data-mendix-props='"friendlyId":"XLSReport.SN_Xpath_MASTER.dataView2","entity":"XLSReport.MxXPath","schema":"1f68c124-d5fe-4ce0-b0f6-c3a6f0baa9b1","datasource":{"friendlyId":"XLSReport.SN_Xpath_MASTER.dataView2","type":"direct","path":"XLSReport.MxXPath_ParentMxXPath/XLSReport.MxXPath"},"conditions":{"108_66_97_99_92":{"visible":{"type":"function","name":"=","parameters":[{"type":"variable","variable":"currentObject","path":"RetrieveType"},{"type":"literal","value":"Attribute"}]}},"108_66_97_99_93":{"visible":{"type":"function","name":"=","parameters":[{"type":"variable","variable":"currentObject","path":"RetrieveType"},{"type":"literal","value":"Attribute"}]}},"108_66_97_99_94":{"visible":{"type":"function","name":"=","parameters":[{"type":"variable","variable":"currentObject","path":"RetrieveType"},{"type":"literal","value":"Reference"}]}},"108_66_97_99_95":{"visible":{"type":"function","name":"=","parameters":[{"type":"variable","variable":"currentObject","path":"RetrieveType"},{"type":"literal","value":"Reference"}]}},"108_66_97_100":{"visible":{"type":"variable","variable":"currentObject","path":"SubVisible"}}}' class='mx-name-dataView2' tabindex='0'></div></m:template><m:template widget-id='108_66_96' name='content'><table class='mx-table mx-name-table1'><colgroup><col style='width:25%'></col><col style='width:75%'></col></colgroup><tbody><tr><th><label class='mx-name-label1' data-mendix-id='108_66_97_99_71'>Retrieve type</label></th><td><div data-mendix-id='108_66_97_99_73' data-mendix-type='mxui.widget.EnumSelect' data-mendix-props='"friendlyId":"XLSReport.SN_Xpath_Template.dropDown1","insideFormGroup":false,"attributePath":"XLSReport.MxXPath/RetrieveType","readOnlyStyle":"text","validation":null,"events":{"change":{"name":"XLSReport.OCh_Xpath_RetrieveType","validate":"node","applyTo":"selection","allowedRoles":["Administrator"]}},"emptyOptionCaption":""' class='mx-name-dropDown1' tabindex='0'></div></td></tr><tr data-mendix-id='108_66_97_99_92'><th><label class='mx-name-label2' data-mendix-id='108_66_97_99_75'>Select attribute</label></th><td><div data-mendix-id='108_66_97_99_77' data-mendix-type='mxui.widget.ReferenceSelector' data-mendix-props='"friendlyId":"XLSReport.SN_Xpath_Template.referenceSelector1","insideFormGroup":false,"attributePath":"XLSReport.MxXPath/XLSReport.MxXPath_MxObjectMember/MxModelReflection.MxObjectMember/AttributeName","readOnlyStyle":"text","attributePath":"XLSReport.MxXPath/XLSReport.MxXPath_MxObjectMember/MxModelReflection.MxObjectMember/AttributeName","datasource":{"friendlyId":"XLSReport.SN_Xpath_Template.referenceSelector1","type":"microflow","microflow":"XLSReport.DS_Attribute","path":"MxModelReflection.MxObjectMember"},"validation":null,"emptyOptionCaption":""' class='mx-name-referenceSelector1' tabindex='0'></div></td></tr><tr data-mendix-id='108_66_97_99_93'><td></td><td><label class='mx-name-label5' data-mendix-id='108_66_97_99_80'>Virtual attributes can't be used, because those attributes can't be retrieved with OQL</label></td></tr><tr data-mendix-id='108_66_97_99_94'><th><label class='mx-name-label3' data-mendix-id='108_66_97_99_82'>Select reference</label></th><td><div data-mendix-id='108_66_97_99_84' data-mendix-type='mxui.widget.ReferenceSelector' data-mendix-props='"friendlyId":"XLSReport.SN_Xpath_Template.referenceSelector2","insideFormGroup":false,"attributePath":"XLSReport.MxXPath/XLSReport.MxXPath_MxObjectReference/MxModelReflection.MxObjectReference/CompleteName","readOnlyStyle":"text","attributePath":"XLSReport.MxXPath/XLSReport.MxXPath_MxObjectReference/MxModelReflection.MxObjectReference/CompleteName","datasource":{"friendlyId":"XLSReport.SN_Xpath_Template.referenceSelector2","type":"microflow","microflow":"XLSReport.DS_Reference","path":"MxModelReflection.MxObjectReference"},"validation":null,"emptyOptionCaption":""' class='mx-name-referenceSelector2' tabindex='0'></div></td></tr><tr data-mendix-id='108_66_97_99_95'><th><label class='mx-name-label4' data-mendix-id='108_66_97_99_86'>Select object</label></th><td><div data-mendix-id='108_66_97_99_88' data-mendix-type='mxui.widget.ReferenceSelector' data-mendix-props='"friendlyId":"XLSReport.SN_Xpath_Template.referenceSelector3","insideFormGroup":false,"attributePath":"XLSReport.MxXPath/XLSReport.MxXPath_MxObjectType/MxModelReflection.MxObjectType/CompleteName","readOnlyStyle":"text","attributePath":"XLSReport.MxXPath/XLSReport.MxXPath_MxObjectType/MxModelReflection.MxObjectType/CompleteName","datasource":{"friendlyId":"XLSReport.SN_Xpath_Template.referenceSelector3","type":"xpath","path":"MxModelReflection.MxObjectType","constrainedBy":["XLSReport.MxXPath/XLSReport.MxXPath_MxObjectReference/MxModelReflection.MxObjectReference/MxModelReflection.MxObjectReference_MxObjectType/MxModelReflection.MxObjectType"],"sort":[["CompleteName","asc"]]},"events":{"change":{"name":"XLSReport.OCh_XPath_Refresh","validate":"node","applyTo":"selection","allowedRoles":["Administrator"]}},"validation":null,"emptyOptionCaption":""' class='mx-name-referenceSelector3' tabindex='0'></div></td></tr></tbody></table><div data-mendix-id='108_66_97_100' data-mendix-type='mxui.widget.DataView' data-mendix-props='"friendlyId":"XLSReport.SN_Xpath_2.dataView2","entity":"XLSReport.MxXPath","schema":"a15803da-0438-4209-bcc0-cb45277090d8","datasource":{"friendlyId":"XLSReport.SN_Xpath_2.dataView2","type":"direct","path":"XLSReport.MxXPath_ParentMxXPath/XLSReport.MxXPath"},"conditions":{"108_66_97_101_103_92":{"visible":{"type":"function","name":"=","parameters":[{"type":"variable","variable":"currentObject","path":"RetrieveType"},{"type":"literal","value":"Attribute"}]}},"108_66_97_101_103_93":{"visible":{"type":"function","name":"=","parameters":[{"type":"variable","variable":"currentObject","path":"RetrieveType"},{"type":"literal","value":"Attribute"}]}},"108_66_97_101_103_94":{"visible":{"type":"function","name":"=","parameters":[{"type":"variable","variable":"currentObject","path":"RetrieveType"},{"type":"literal","value":"Reference"}]}},"108_66_97_101_103_95":{"visible":{"type":"function","name":"=","parameters":[{"type":"variable","variable":"currentObject","path":"RetrieveType"},{"type":"literal","value":"Reference"}]}},"108_66_97_101_104":{"visible":{"type":"variable","variable":"currentObject","path":"SubVisible"}}}' class='mx-name-dataView2' tabindex='0'></div></m:template><m:template widget-id='108_66_97_100' name='content'><table class='mx-table mx-name-table1'><colgroup><col style='width:25%'></col><col style='width:75%'></col></colgroup><tbody><tr><th><label class='mx-name-label1' data-mendix-id='108_66_97_101_103_71'>Retrieve type</label></th><td><div data-mendix-id='108_66_97_101_103_73' data-mendix-type='mxui.widget.EnumSelect' data-mendix-props='"friendlyId":"XLSReport.SN_Xpath_Template.dropDown1","insideFormGroup":false,"attributePath":"XLSReport.MxXPath/RetrieveType","readOnlyStyle":"text","validation":null,"events":{"change":{"name":"XLSReport.OCh_Xpath_RetrieveType","validate":"node","applyTo":"selection","allowedRoles":["Administrator"]}},"emptyOptionCaption":""' class='mx-name-dropDown1' tabindex='0'></div></td></tr><tr data-mendix-id='108_66_97_101_103_92'><th><label class='mx-name-label2' data-mendix-id='108_66_97_101_103_75'>Select attribute</label></th><td><div data-mendix-id='108_66_97_101_103_77' data-mendix-type='mxui.widget.ReferenceSelector' data-mendix-props='"friendlyId":"XLSReport.SN_Xpath_Template.referenceSelector1","insideFormGroup":false,"attributePath":"XLSReport.MxXPath/XLSReport.MxXPath_MxObjectMember/MxModelReflection.MxObjectMember/AttributeName","readOnlyStyle":"text","attributePath":"XLSReport.MxXPath/XLSReport.MxXPath_MxObjectMember/MxModelReflection.MxObjectMember/AttributeName","datasource":{"friendlyId":"XLSReport.SN_Xpath_Template.referenceSelector1","type":"microflow","microflow":"XLSReport.DS_Attribute","path":"MxModelReflection.MxObjectMember"},"validation":null,"emptyOptionCaption":""' class='mx-name-referenceSelector1' tabindex='0'></div></td></tr><tr data-mendix-id='108_66_97_101_103_93'><td></td><td><label class='mx-name-label5' data-mendix-id='108_66_97_101_103_80'>Virtual attributes can't be used, because those attributes can't be retrieved with OQL</label></td></tr><tr data-mendix-id='108_66_97_101_103_94'><th><label class='mx-name-label3' data-mendix-id='108_66_97_101_103_82'>Select reference</label></th><td><div data-mendix-id='108_66_97_101_103_84' data-mendix-type='mxui.widget.ReferenceSelector' data-mendix-props='"friendlyId":"XLSReport.SN_Xpath_Template.referenceSelector2","insideFormGroup":false,"attributePath":"XLSReport.MxXPath/XLSReport.MxXPath_MxObjectReference/MxModelReflection.MxObjectReference/CompleteName","readOnlyStyle":"text","attributePath":"XLSReport.MxXPath/XLSReport.MxXPath_MxObjectReference/MxModelReflection.MxObjectReference/CompleteName","datasource":{"friendlyId":"XLSReport.SN_Xpath_Template.referenceSelector2","type":"microflow","microflow":"XLSReport.DS_Reference","path":"MxModelReflection.MxObjectReference"},"validation":null,"emptyOptionCaption":""' class='mx-name-referenceSelector2' tabindex='0'></div></td></tr><tr data-mendix-id='108_66_97_101_103_95'><th><label class='mx-name-label4' data-mendix-id='108_66_97_101_103_86'>Select object</label></th><td><div data-mendix-id='108_66_97_101_103_88' data-mendix-type='mxui.widget.ReferenceSelector' data-mendix-props='"friendlyId":"XLSReport.SN_Xpath_Template.referenceSelector3","insideFormGroup":false,"attributePath":"XLSReport.MxXPath/XLSReport.MxXPath_MxObjectType/MxModelReflection.MxObjectType/CompleteName","readOnlyStyle":"text","attributePath":"XLSReport.MxXPath/XLSReport.MxXPath_MxObjectType/MxModelReflection.MxObjectType/CompleteName","datasource":{"friendlyId":"XLSReport.SN_Xpath_Template.referenceSelector3","type":"xpath","path":"MxModelReflection.MxObjectType","constrainedBy":["XLSReport.MxXPath/XLSReport.MxXPath_MxObjectReference/MxModelReflection.MxObjectReference/MxModelReflection.MxObjectReference_MxObjectType/MxModelReflection.MxObjectType"],"sort":[["CompleteName","asc"]]},"events":{"change":{"name":"XLSReport.OCh_XPath_Refresh","validate":"node","applyTo":"selection","allowedRoles":["Administrator"]}},"validation":null,"emptyOptionCaption":""' class='mx-name-referenceSelector3' tabindex='0'></div></td></tr></tbody></table><div data-mendix-id='108_66_97_101_104' data-mendix-type='mxui.widget.DataView' data-mendix-props='"friendlyId":"XLSReport.SN_Xpath_3.dataView2","entity":"XLSReport.MxXPath","schema":"93309e58-07a0-4d96-acf8-4c8ac22cbd1c","datasource":{"friendlyId":"XLSReport.SN_Xpath_3.dataView2","type":"direct","path":"XLSReport.MxXPath_ParentMxXPath/XLSReport.MxXPath"},"conditions":{"108_66_97_101_105_107_92":{"visible":{"type":"function","name":"=","parameters":[{"type":"variable","variable":"currentObject","path":"RetrieveType"},{"type":"literal","value":"Attribute"}]}},"108_66_97_101_105_107_93":{"visible":{"type":"function","name":"=","parameters":[{"type":"variable","variable":"currentObject","path":"RetrieveType"},{"type":"literal","value":"Attribute"}]}},"108_66_97_101_105_107_94":{"visible":{"type":"function","name":"=","parameters":[{"type":"variable","variable":"currentObject","path":"RetrieveType"},{"type":"literal","value":"Reference"}]}},"108_66_97_101_105_107_95":{"visible":{"type":"function","name":"=","parameters":[{"type":"variable","variable":"currentObject","path":"RetrieveType"},{"type":"literal","value":"Reference"}]}},"108_66_97_101_105_108":{"visible":{"type":"variable","variable":"currentObject","path":"SubVisible"}}}' class='mx-name-dataView2' tabindex='0'></div></m:template><m:template widget-id='108_66_97_101_104' name='content'><table class='mx-table mx-name-table1'><colgroup><col style='width:25%'></col><col style='width:75%'></col></colgroup><tbody><tr><th><label class='mx-name-label1' data-mendix-id='108_66_97_101_105_107_71'>Retrieve type</label></th><td><div data-mendix-id='108_66_97_101_105_107_73' data-mendix-type='mxui.widget.EnumSelect' data-mendix-props='"friendlyId":"XLSReport.SN_Xpath_Template.dropDown1","insideFormGroup":false,"attributePath":"XLSReport.MxXPath/RetrieveType","readOnlyStyle":"text","validation":null,"events":{"change":{"name":"XLSReport.OCh_Xpath_RetrieveType","validate":"node","applyTo":"selection","allowedRoles":["Administrator"]}},"emptyOptionCaption":""' class='mx-name-dropDown1' tabindex='0'></div></td></tr><tr data-mendix-id='108_66_97_101_105_107_92'><th><label class='mx-name-label2' data-mendix-id='108_66_97_101_105_107_75'>Select attribute</label></th><td><div data-mendix-id='108_66_97_101_105_107_77' data-mendix-type='mxui.widget.ReferenceSelector' data-mendix-props='"friendlyId":"XLSReport.SN_Xpath_Template.referenceSelector1","insideFormGroup":false,"attributePath":"XLSReport.MxXPath/XLSReport.MxXPath_MxObjectMember/MxModelReflection.MxObjectMember/AttributeName","readOnlyStyle":"text","attributePath":"XLSReport.MxXPath/XLSReport.MxXPath_MxObjectMember/MxModelReflection.MxObjectMember/AttributeName","datasource":{"friendlyId":"XLSReport.SN_Xpath_Template.referenceSelector1","type":"microflow","microflow":"XLSReport.DS_Attribute","path":"MxModelReflection.MxObjectMember"},"validation":null,"emptyOptionCaption":""' class='mx-name-referenceSelector1' tabindex='0'></div></td></tr><tr data-mendix-id='108_66_97_101_105_107_93'><td></td><td><label class='mx-name-label5' data-mendix-id='108_66_97_101_105_107_80'>Virtual attributes can't be used, because those attributes can't be retrieved with OQL</label></td></tr><tr data-mendix-id='108_66_97_101_105_107_94'><th><label class='mx-name-label3' data-mendix-id='108_66_97_101_105_107_82'>Select reference</label></th><td><div data-mendix-id='108_66_97_101_105_107_84' data-mendix-type='mxui.widget.ReferenceSelector' data-mendix-props='"friendlyId":"XLSReport.SN_Xpath_Template.referenceSelector2","insideFormGroup":false,"attributePath":"XLSReport.MxXPath/XLSReport.MxXPath_MxObjectReference/MxModelReflection.MxObjectReference/CompleteName","readOnlyStyle":"text","attributePath":"XLSReport.MxXPath/XLSReport.MxXPath_MxObjectReference/MxModelReflection.MxObjectReference/CompleteName","datasource":{"friendlyId":"XLSReport.SN_Xpath_Template.referenceSelector2","type":"microflow","microflow":"XLSReport.DS_Reference","path":"MxModelReflection.MxObjectReference"},"validation":null,"emptyOptionCaption":""' class='mx-name-referenceSelector2' tabindex='0'></div></td></tr><tr data-mendix-id='108_66_97_101_105_107_95'><th><label class='mx-name-label4' data-mendix-id='108_66_97_101_105_107_86'>Select object</label></th><td><div data-mendix-id='108_66_97_101_105_107_88' data-mendix-type='mxui.widget.ReferenceSelector' data-mendix-props='"friendlyId":"XLSReport.SN_Xpath_Template.referenceSelector3","insideFormGroup":false,"attributePath":"XLSReport.MxXPath/XLSReport.MxXPath_MxObjectType/MxModelReflection.MxObjectType/CompleteName","readOnlyStyle":"text","attributePath":"XLSReport.MxXPath/XLSReport.MxXPath_MxObjectType/MxModelReflection.MxObjectType/CompleteName","datasource":{"friendlyId":"XLSReport.SN_Xpath_Template.referenceSelector3","type":"xpath","path":"MxModelReflection.MxObjectType","constrainedBy":["XLSReport.MxXPath/XLSReport.MxXPath_MxObjectReference/MxModelReflection.MxObjectReference/MxModelReflection.MxObjectReference_MxObjectType/MxModelReflection.MxObjectType"],"sort":[["CompleteName","asc"]]},"events":{"change":{"name":"XLSReport.OCh_XPath_Refresh","validate":"node","applyTo":"selection","allowedRoles":["Administrator"]}},"validation":null,"emptyOptionCaption":""' class='mx-name-referenceSelector3' tabindex='0'></div></td></tr></tbody></table><div data-mendix-id='108_66_97_101_105_108' data-mendix-type='mxui.widget.DataView' data-mendix-props='"friendlyId":"XLSReport.SN_Xpath_4.dataView2","entity":"XLSReport.MxXPath","schema":"c8f61a38-51f0-44bb-8168-39c37b0061fa","datasource":{"friendlyId":"XLSReport.SN_Xpath_4.dataView2","type":"direct","path":"XLSReport.MxXPath_ParentMxXPath/XLSReport.MxXPath"},"conditions":{"108_66_97_101_105_109_111_92":{"visible":{"type":"function","name":"=","parameters":[{"type":"variable","variable":"currentObject","path":"RetrieveType"},{"type":"literal","value":"Attribute"}]}},"108_66_97_101_105_109_111_93":{"visible":{"type":"function","name":"=","parameters":[{"type":"variable","variable":"currentObject","path":"RetrieveType"},{"type":"literal","value":"Attribute"}]}},"108_66_97_101_105_109_111_94":{"visible":{"type":"function","name":"=","parameters":[{"type":"variable","variable":"currentObject","path":"RetrieveType"},{"type":"literal","value":"Reference"}]}},"108_66_97_101_105_109_111_95":{"visible":{"type":"function","name":"=","parameters":[{"type":"variable","variable":"currentObject","path":"RetrieveType"},{"type":"literal","value":"Reference"}]}},"108_66_97_101_105_109_112":{"visible":{"type":"variable","variable":"currentObject","path":"SubVisible"}}}' class='mx-name-dataView2' tabindex='0'></div></m:template><m:template widget-id='108_66_97_101_105_108' name='content'><table class='mx-table mx-name-table1'><colgroup><col style='width:25%'></col><col style='width:75%'></col></colgroup><tbody><tr><th><label class='mx-name-label1' data-mendix-id='108_66_97_101_105_109_111_71'>Retrieve type</label></th><td><div data-mendix-id='108_66_97_101_105_109_111_73' data-mendix-type='mxui.widget.EnumSelect' data-mendix-props='"friendlyId":"XLSReport.SN_Xpath_Template.dropDown1","insideFormGroup":false,"attributePath":"XLSReport.MxXPath/RetrieveType","readOnlyStyle":"text","validation":null,"events":{"change":{"name":"XLSReport.OCh_Xpath_RetrieveType","validate":"node","applyTo":"selection","allowedRoles":["Administrator"]}},"emptyOptionCaption":""' class='mx-name-dropDown1' tabindex='0'></div></td></tr><tr data-mendix-id='108_66_97_101_105_109_111_92'><th><label class='mx-name-label2' data-mendix-id='108_66_97_101_105_109_111_75'>Select attribute</label></th><td><div data-mendix-id='108_66_97_101_105_109_111_77' data-mendix-type='mxui.widget.ReferenceSelector' data-mendix-props='"friendlyId":"XLSReport.SN_Xpath_Template.referenceSelector1","insideFormGroup":false,"attributePath":"XLSReport.MxXPath/XLSReport.MxXPath_MxObjectMember/MxModelReflection.MxObjectMember/AttributeName","readOnlyStyle":"text","attributePath":"XLSReport.MxXPath/XLSReport.MxXPath_MxObjectMember/MxModelReflection.MxObjectMember/AttributeName","datasource":{"friendlyId":"XLSReport.SN_Xpath_Template.referenceSelector1","type":"microflow","microflow":"XLSReport.DS_Attribute","path":"MxModelReflection.MxObjectMember"},"validation":null,"emptyOptionCaption":""' class='mx-name-referenceSelector1' tabindex='0'></div></td></tr><tr data-mendix-id='108_66_97_101_105_109_111_93'><td></td><td><label class='mx-name-label5' data-mendix-id='108_66_97_101_105_109_111_80'>Virtual attributes can't be used, because those attributes can't be retrieved with OQL</label></td></tr><tr data-mendix-id='108_66_97_101_105_109_111_94'><th><label class='mx-name-label3' data-mendix-id='108_66_97_101_105_109_111_82'>Select reference</label></th><td><div data-mendix-id='108_66_97_101_105_109_111_84' data-mendix-type='mxui.widget.ReferenceSelector' data-mendix-props='"friendlyId":"XLSReport.SN_Xpath_Template.referenceSelector2","insideFormGroup":false,"attributePath":"XLSReport.MxXPath/XLSReport.MxXPath_MxObjectReference/MxModelReflection.MxObjectReference/CompleteName","readOnlyStyle":"text","attributePath":"XLSReport.MxXPath/XLSReport.MxXPath_MxObjectReference/MxModelReflection.MxObjectReference/CompleteName","datasource":{"friendlyId":"XLSReport.SN_Xpath_Template.referenceSelector2","type":"microflow","microflow":"XLSReport.DS_Reference","path":"MxModelReflection.MxObjectReference"},"validation":null,"emptyOptionCaption":""' class='mx-name-referenceSelector2' tabindex='0'></div></td></tr><tr data-mendix-id='108_66_97_101_105_109_111_95'><th><label class='mx-name-label4' data-mendix-id='108_66_97_101_105_109_111_86'>Select object</label></th><td><div data-mendix-id='108_66_97_101_105_109_111_88' data-mendix-type='mxui.widget.ReferenceSelector' data-mendix-props='"friendlyId":"XLSReport.SN_Xpath_Template.referenceSelector3","insideFormGroup":false,"attributePath":"XLSReport.MxXPath/XLSReport.MxXPath_MxObjectType/MxModelReflection.MxObjectType/CompleteName","readOnlyStyle":"text","attributePath":"XLSReport.MxXPath/XLSReport.MxXPath_MxObjectType/MxModelReflection.MxObjectType/CompleteName","datasource":{"friendlyId":"XLSReport.SN_Xpath_Template.referenceSelector3","type":"xpath","path":"MxModelReflection.MxObjectType","constrainedBy":["XLSReport.MxXPath/XLSReport.MxXPath_MxObjectReference/MxModelReflection.MxObjectReference/MxModelReflection.MxObjectReference_MxObjectType/MxModelReflection.MxObjectType"],"sort":[["CompleteName","asc"]]},"events":{"change":{"name":"XLSReport.OCh_XPath_Refresh","validate":"node","applyTo":"selection","allowedRoles":["Administrator"]}},"validation":null,"emptyOptionCaption":""' class='mx-name-referenceSelector3' tabindex='0'></div></td></tr></tbody></table><div data-mendix-id='108_66_97_101_105_109_112' data-mendix-type='mxui.widget.DataView' data-mendix-props='"friendlyId":"XLSReport.SN_Xpath_5.dataView2","entity":"XLSReport.MxXPath","schema":"839ce520-0ede-4a68-ad88-f6aa3ea1b891","datasource":{"friendlyId":"XLSReport.SN_Xpath_5.dataView2","type":"direct","path":"XLSReport.MxXPath_ParentMxXPath/XLSReport.MxXPath"},"conditions":{"108_66_97_101_105_109_113_92":{"visible":{"type":"function","name":"=","parameters":[{"type":"variable","variable":"currentObject","path":"RetrieveType"},{"type":"literal","value":"Attribute"}]}},"108_66_97_101_105_109_113_93":{"visible":{"type":"function","name":"=","parameters":[{"type":"variable","variable":"currentObject","path":"RetrieveType"},{"type":"literal","value":"Attribute"}]}},"108_66_97_101_105_109_113_94":{"visible":{"type":"function","name":"=","parameters":[{"type":"variable","variable":"currentObject","path":"RetrieveType"},{"type":"literal","value":"Reference"}]}},"108_66_97_101_105_109_113_95":{"visible":{"type":"function","name":"=","parameters":[{"type":"variable","variable":"currentObject","path":"RetrieveType"},{"type":"literal","value":"Reference"}]}}}' class='mx-name-dataView2' tabindex='0'></div></m:template><m:template widget-id='108_66_97_101_105_109_112' name='content'><table class='mx-table mx-name-table1'><colgroup><col style='width:25%'></col><col style='width:75%'></col></colgroup><tbody><tr><th><label class='mx-name-label1' data-mendix-id='108_66_97_101_105_109_113_71'>Retrieve type</label></th><td><div data-mendix-id='108_66_97_101_105_109_113_73' data-mendix-type='mxui.widget.EnumSelect' data-mendix-props='"friendlyId":"XLSReport.SN_Xpath_Template.dropDown1","insideFormGroup":false,"attributePath":"XLSReport.MxXPath/RetrieveType","readOnlyStyle":"text","validation":null,"events":{"change":{"name":"XLSReport.OCh_Xpath_RetrieveType","validate":"node","applyTo":"selection","allowedRoles":["Administrator"]}},"emptyOptionCaption":""' class='mx-name-dropDown1' tabindex='0'></div></td></tr><tr data-mendix-id='108_66_97_101_105_109_113_92'><th><label class='mx-name-label2' data-mendix-id='108_66_97_101_105_109_113_75'>Select attribute</label></th><td><div data-mendix-id='108_66_97_101_105_109_113_77' data-mendix-type='mxui.widget.ReferenceSelector' data-mendix-props='"friendlyId":"XLSReport.SN_Xpath_Template.referenceSelector1","insideFormGroup":false,"attributePath":"XLSReport.MxXPath/XLSReport.MxXPath_MxObjectMember/MxModelReflection.MxObjectMember/AttributeName","readOnlyStyle":"text","attributePath":"XLSReport.MxXPath/XLSReport.MxXPath_MxObjectMember/MxModelReflection.MxObjectMember/AttributeName","datasource":{"friendlyId":"XLSReport.SN_Xpath_Template.referenceSelector1","type":"microflow","microflow":"XLSReport.DS_Attribute","path":"MxModelReflection.MxObjectMember"},"validation":null,"emptyOptionCaption":""' class='mx-name-referenceSelector1' tabindex='0'></div></td></tr><tr data-mendix-id='108_66_97_101_105_109_113_93'><td></td><td><label class='mx-name-label5' data-mendix-id='108_66_97_101_105_109_113_80'>Virtual attributes can't be used, because those attributes can't be retrieved with OQL</label></td></tr><tr data-mendix-id='108_66_97_101_105_109_113_94'><th><label class='mx-name-label3' data-mendix-id='108_66_97_101_105_109_113_82'>Select reference</label></th><td><div data-mendix-id='108_66_97_101_105_109_113_84' data-mendix-type='mxui.widget.ReferenceSelector' data-mendix-props='"friendlyId":"XLSReport.SN_Xpath_Template.referenceSelector2","insideFormGroup":false,"attributePath":"XLSReport.MxXPath/XLSReport.MxXPath_MxObjectReference/MxModelReflection.MxObjectReference/CompleteName","readOnlyStyle":"text","attributePath":"XLSReport.MxXPath/XLSReport.MxXPath_MxObjectReference/MxModelReflection.MxObjectReference/CompleteName","datasource":{"friendlyId":"XLSReport.SN_Xpath_Template.referenceSelector2","type":"microflow","microflow":"XLSReport.DS_Reference","path":"MxModelReflection.MxObjectReference"},"validation":null,"emptyOptionCaption":""' class='mx-name-referenceSelector2' tabindex='0'></div></td></tr><tr data-mendix-id='108_66_97_101_105_109_113_95'><th><label class='mx-name-label4' data-mendix-id='108_66_97_101_105_109_113_86'>Select object</label></th><td><div data-mendix-id='108_66_97_101_105_109_113_88' data-mendix-type='mxui.widget.ReferenceSelector' data-mendix-props='"friendlyId":"XLSReport.SN_Xpath_Template.referenceSelector3","insideFormGroup":false,"attributePath":"XLSReport.MxXPath/XLSReport.MxXPath_MxObjectType/MxModelReflection.MxObjectType/CompleteName","readOnlyStyle":"text","attributePath":"XLSReport.MxXPath/XLSReport.MxXPath_MxObjectType/MxModelReflection.MxObjectType/CompleteName","datasource":{"friendlyId":"XLSReport.SN_Xpath_Template.referenceSelector3","type":"xpath","path":"MxModelReflection.MxObjectType","constrainedBy":["XLSReport.MxXPath/XLSReport.MxXPath_MxObjectReference/MxModelReflection.MxObjectReference/MxModelReflection.MxObjectReference_MxObjectType/MxModelReflection.MxObjectType"],"sort":[["CompleteName","asc"]]},"events":{"change":{"name":"XLSReport.OCh_XPath_Refresh","validate":"node","applyTo":"selection","allowedRoles":["Administrator"]}},"validation":null,"emptyOptionCaption":""' class='mx-name-referenceSelector3' tabindex='0'></div></td></tr></tbody></table></m:template></m:templates></m:page>