﻿<?xml version='1.0' encoding='utf-8'?><m:page id='266db98d-75cc-4634-846b-6b2eeae89357' xmlns='http://www.w3.org/1999/xhtml' title='Edit Mx Constraint' closeButton='111_0' xmlns:m='http://schemas.mendix.com/forms/1.0'><m:layouts><m:layout path='XLSReport/PopupLayout.layout.xml'></m:layout></m:layouts><m:arguments><m:argument parameterName='64e38021-d2bb-4b3d-b75c-6321c7b57eb0'><div data-mendix-id='111_1' data-mendix-type='mxui.widget.DataView' data-mendix-props='"friendlyId":"XLSReport.MxConstraint_New.dataView1","entity":"XLSReport.MxConstraint","schema":"bfdcc883-c1f6-4827-b5c3-eaf1e553ba77","datasource":{"friendlyId":"XLSReport.MxConstraint_New.dataView1","type":"direct","path":"XLSReport.MxConstraint"}' class='mx-name-dataView1' tabindex='0'></div></m:argument></m:arguments><m:templates><m:template widget-id='111_1' name='content'><table class='mx-table mx-name-table1'><colgroup><col style='width:25%'></col><col style='width:75%'></col></colgroup><tbody><tr><th><label class='mx-name-label1' data-mendix-id='111_4'>Sheet row object</label></th><td><div data-mendix-id='111_6' data-mendix-type='mxui.widget.TextInput' data-mendix-props='"friendlyId":"XLSReport.MxConstraint_New.textBox1","readOnly":true,"insideFormGroup":false,"attributePath":"XLSReport.MxConstraint/XLSReport.MxConstraint_MxSheet/XLSReport.MxSheet/XLSReport.MxSheet_RowObject/MxModelReflection.MxObjectType/CompleteName","readOnlyStyle":"text","validation":null,"placeholder":"","maxLength":200' class='mx-name-textBox1' tabindex='0'></div></td></tr><tr><td class='nopadding ' colspan='2'><div data-mendix-id='111_8' data-mendix-type='mxui.widget.DataView' data-mendix-props='"friendlyId":"XLSReport.MxConstraint_New.dataView4","entity":"XLSReport.MxXPath","schema":"b0938bd6-0a0f-4c62-bad2-3c5ea52d468e","hideFooter":true,"datasource":{"friendlyId":"XLSReport.MxConstraint_New.dataView4","type":"direct","path":"XLSReport.MxConstraint_MxXPath/XLSReport.MxXPath"},"conditions":{"111_37":{"visible":{"type":"function","name":"=","parameters":[{"type":"variable","variable":"currentObject","path":"RetrieveType"},{"type":"literal","value":"Attribute"}]}},"111_38":{"visible":{"type":"function","name":"=","parameters":[{"type":"variable","variable":"currentObject","path":"RetrieveType"},{"type":"literal","value":"Reference"}]}},"111_39":{"visible":{"type":"function","name":"=","parameters":[{"type":"variable","variable":"currentObject","path":"RetrieveType"},{"type":"literal","value":"Reference"}]}},"111_40":{"visible":{"type":"variable","variable":"currentObject","path":"SubVisible"}}}' class='mx-name-dataView4' tabindex='0'></div></td></tr></tbody></table></m:template><m:template widget-id='111_1' name='footer'><div data-mendix-id='111_14' data-mendix-type='mxui.widget.ActionButton' data-mendix-props='"friendlyId":"XLSReport.MxConstraint_New.microflowButton1","caption":{"$type":"textTemplate","text":"Save and next","friendlyId":"XLSReport.MxConstraint_New.microflowButton1"},"iconUrl":"img/System$Save.png?636468842603385563","renderType":"button","action":{"type":"callMicroflow","hasParameter":true,"params":{"name":"XLSReport.IVK_ConstraintSaveAndNext","validate":"view","applyTo":"selection","allowedRoles":["Administrator"]}}' data-mendix-roles='Administrator' class='mx-name-microflowButton1 btn-default' tabindex='0'></div><div data-mendix-id='111_0' data-mendix-type='mxui.widget.ActionButton' data-mendix-props='"friendlyId":"XLSReport.MxConstraint_New.cancelButton1","caption":{"$type":"textTemplate","text":"Cancel","friendlyId":"XLSReport.MxConstraint_New.cancelButton1"},"iconUrl":"img/System$Cancel.png?636468842603385563","renderType":"button","action":{"type":"cancelChanges","hasParameter":false,"params":{"closePage":true}}' class='mx-name-cancelButton1 btn-default' tabindex='0'></div></m:template><m:template widget-id='111_8' name='content'><table class='mx-table mx-name-table5'><colgroup><col style='width:25%'></col><col style='width:75%'></col></colgroup><tbody><tr><th><label class='mx-name-label17' data-mendix-id='111_17'>Retrieve type</label></th><td><div data-mendix-id='111_19' data-mendix-type='mxui.widget.EnumSelect' data-mendix-props='"friendlyId":"XLSReport.MxConstraint_New.dropDown3","insideFormGroup":false,"attributePath":"XLSReport.MxXPath/RetrieveType","readOnlyStyle":"text","validation":null,"events":{"change":{"name":"XLSReport.OCh_Xpath_RetrieveType","validate":"node","applyTo":"selection","allowedRoles":["Administrator"]}},"emptyOptionCaption":""' class='mx-name-dropDown3' tabindex='0'></div></td></tr><tr data-mendix-id='111_37'><th><label class='mx-name-label18' data-mendix-id='111_21'>Select attribute</label></th><td><div data-mendix-id='111_23' data-mendix-type='mxui.widget.ReferenceSelector' data-mendix-props='"friendlyId":"XLSReport.MxConstraint_New.referenceSelector4","insideFormGroup":false,"attributePath":"XLSReport.MxXPath/XLSReport.MxXPath_MxObjectMember/MxModelReflection.MxObjectMember/AttributeName","readOnlyStyle":"text","attributePath":"XLSReport.MxXPath/XLSReport.MxXPath_MxObjectMember/MxModelReflection.MxObjectMember/AttributeName","datasource":{"friendlyId":"XLSReport.MxConstraint_New.referenceSelector4","type":"microflow","microflow":"XLSReport.DS_Constraint_attribute","path":"MxModelReflection.MxObjectMember"},"validation":null,"emptyOptionCaption":""' class='mx-name-referenceSelector4' tabindex='0'></div></td></tr><tr data-mendix-id='111_38'><th><label class='mx-name-label19' data-mendix-id='111_25'>Select reference</label></th><td><div data-mendix-id='111_27' data-mendix-type='mxui.widget.ReferenceSelector' data-mendix-props='"friendlyId":"XLSReport.MxConstraint_New.referenceSelector2","insideFormGroup":false,"attributePath":"XLSReport.MxXPath/XLSReport.MxXPath_MxObjectReference/MxModelReflection.MxObjectReference/CompleteName","readOnlyStyle":"text","attributePath":"XLSReport.MxXPath/XLSReport.MxXPath_MxObjectReference/MxModelReflection.MxObjectReference/CompleteName","datasource":{"friendlyId":"XLSReport.MxConstraint_New.referenceSelector2","type":"microflow","microflow":"XLSReport.DS_Constraint_reference","path":"MxModelReflection.MxObjectReference"},"validation":null,"emptyOptionCaption":""' class='mx-name-referenceSelector2' tabindex='0'></div></td></tr><tr data-mendix-id='111_39'><th><label class='mx-name-label20' data-mendix-id='111_29'>Select object</label></th><td><div data-mendix-id='111_31' data-mendix-type='mxui.widget.ReferenceSelector' data-mendix-props='"friendlyId":"XLSReport.MxConstraint_New.referenceSelector3","insideFormGroup":false,"attributePath":"XLSReport.MxXPath/XLSReport.MxXPath_MxObjectType/MxModelReflection.MxObjectType/CompleteName","readOnlyStyle":"text","attributePath":"XLSReport.MxXPath/XLSReport.MxXPath_MxObjectType/MxModelReflection.MxObjectType/CompleteName","datasource":{"friendlyId":"XLSReport.MxConstraint_New.referenceSelector3","type":"xpath","path":"MxModelReflection.MxObjectType","constrainedBy":["XLSReport.MxXPath/XLSReport.MxXPath_MxObjectReference/MxModelReflection.MxObjectReference/MxModelReflection.MxObjectReference_MxObjectType/MxModelReflection.MxObjectType"],"sort":[["CompleteName","asc"]]},"events":{"change":{"name":"XLSReport.OCh_XPath_Refresh","validate":"node","applyTo":"selection","allowedRoles":["Administrator"]}},"validation":null,"emptyOptionCaption":""' class='mx-name-referenceSelector3' tabindex='0'></div></td></tr><tr data-mendix-id='111_40'><td colspan='2'><div data-mendix-id='111_33' data-mendix-type='mxui.widget.DataView' data-mendix-props='"friendlyId":"XLSReport.MxConstraint_New.dataView5","entity":"XLSReport.MxXPath","schema":"c0658365-b8cd-41e1-b781-ba7b401ae105","hideFooter":true,"datasource":{"friendlyId":"XLSReport.MxConstraint_New.dataView5","type":"direct","path":"XLSReport.MxXPath_ParentMxXPath/XLSReport.MxXPath"},"conditions":{"111_41_43_67":{"visible":{"type":"function","name":"=","parameters":[{"type":"variable","variable":"currentObject","path":"RetrieveType"},{"type":"literal","value":"Attribute"}]}},"111_41_43_68":{"visible":{"type":"function","name":"=","parameters":[{"type":"variable","variable":"currentObject","path":"RetrieveType"},{"type":"literal","value":"Attribute"}]}},"111_41_43_69":{"visible":{"type":"function","name":"=","parameters":[{"type":"variable","variable":"currentObject","path":"RetrieveType"},{"type":"literal","value":"Reference"}]}},"111_41_43_70":{"visible":{"type":"function","name":"=","parameters":[{"type":"variable","variable":"currentObject","path":"RetrieveType"},{"type":"literal","value":"Reference"}]}},"111_41_71":{"visible":{"type":"variable","variable":"currentObject","path":"SubVisible"}}}' class='mx-name-dataView5' tabindex='0'></div></td></tr></tbody></table></m:template><m:template widget-id='111_33' name='content'><table class='mx-table mx-name-table1'><colgroup><col style='width:25%'></col><col style='width:75%'></col></colgroup><tbody><tr><th><label class='mx-name-label1' data-mendix-id='111_41_43_46'>Retrieve type</label></th><td><div data-mendix-id='111_41_43_48' data-mendix-type='mxui.widget.EnumSelect' data-mendix-props='"friendlyId":"XLSReport.SN_Xpath_Template.dropDown1","insideFormGroup":false,"attributePath":"XLSReport.MxXPath/RetrieveType","readOnlyStyle":"text","validation":null,"events":{"change":{"name":"XLSReport.OCh_Xpath_RetrieveType","validate":"node","applyTo":"selection","allowedRoles":["Administrator"]}},"emptyOptionCaption":""' class='mx-name-dropDown1' tabindex='0'></div></td></tr><tr data-mendix-id='111_41_43_67'><th><label class='mx-name-label2' data-mendix-id='111_41_43_50'>Select attribute</label></th><td><div data-mendix-id='111_41_43_52' data-mendix-type='mxui.widget.ReferenceSelector' data-mendix-props='"friendlyId":"XLSReport.SN_Xpath_Template.referenceSelector1","insideFormGroup":false,"attributePath":"XLSReport.MxXPath/XLSReport.MxXPath_MxObjectMember/MxModelReflection.MxObjectMember/AttributeName","readOnlyStyle":"text","attributePath":"XLSReport.MxXPath/XLSReport.MxXPath_MxObjectMember/MxModelReflection.MxObjectMember/AttributeName","datasource":{"friendlyId":"XLSReport.SN_Xpath_Template.referenceSelector1","type":"microflow","microflow":"XLSReport.DS_Attribute","path":"MxModelReflection.MxObjectMember"},"validation":null,"emptyOptionCaption":""' class='mx-name-referenceSelector1' tabindex='0'></div></td></tr><tr data-mendix-id='111_41_43_68'><td></td><td><label class='mx-name-label5' data-mendix-id='111_41_43_55'>Virtual attributes can't be used, because those attributes can't be retrieved with OQL</label></td></tr><tr data-mendix-id='111_41_43_69'><th><label class='mx-name-label3' data-mendix-id='111_41_43_57'>Select reference</label></th><td><div data-mendix-id='111_41_43_59' data-mendix-type='mxui.widget.ReferenceSelector' data-mendix-props='"friendlyId":"XLSReport.SN_Xpath_Template.referenceSelector2","insideFormGroup":false,"attributePath":"XLSReport.MxXPath/XLSReport.MxXPath_MxObjectReference/MxModelReflection.MxObjectReference/CompleteName","readOnlyStyle":"text","attributePath":"XLSReport.MxXPath/XLSReport.MxXPath_MxObjectReference/MxModelReflection.MxObjectReference/CompleteName","datasource":{"friendlyId":"XLSReport.SN_Xpath_Template.referenceSelector2","type":"microflow","microflow":"XLSReport.DS_Reference","path":"MxModelReflection.MxObjectReference"},"validation":null,"emptyOptionCaption":""' class='mx-name-referenceSelector2' tabindex='0'></div></td></tr><tr data-mendix-id='111_41_43_70'><th><label class='mx-name-label4' data-mendix-id='111_41_43_61'>Select object</label></th><td><div data-mendix-id='111_41_43_63' data-mendix-type='mxui.widget.ReferenceSelector' data-mendix-props='"friendlyId":"XLSReport.SN_Xpath_Template.referenceSelector3","insideFormGroup":false,"attributePath":"XLSReport.MxXPath/XLSReport.MxXPath_MxObjectType/MxModelReflection.MxObjectType/CompleteName","readOnlyStyle":"text","attributePath":"XLSReport.MxXPath/XLSReport.MxXPath_MxObjectType/MxModelReflection.MxObjectType/CompleteName","datasource":{"friendlyId":"XLSReport.SN_Xpath_Template.referenceSelector3","type":"xpath","path":"MxModelReflection.MxObjectType","constrainedBy":["XLSReport.MxXPath/XLSReport.MxXPath_MxObjectReference/MxModelReflection.MxObjectReference/MxModelReflection.MxObjectReference_MxObjectType/MxModelReflection.MxObjectType"],"sort":[["CompleteName","asc"]]},"events":{"change":{"name":"XLSReport.OCh_XPath_Refresh","validate":"node","applyTo":"selection","allowedRoles":["Administrator"]}},"validation":null,"emptyOptionCaption":""' class='mx-name-referenceSelector3' tabindex='0'></div></td></tr></tbody></table><div data-mendix-id='111_41_71' data-mendix-type='mxui.widget.DataView' data-mendix-props='"friendlyId":"XLSReport.SN_Xpath_MASTER.dataView2","entity":"XLSReport.MxXPath","schema":"1f68c124-d5fe-4ce0-b0f6-c3a6f0baa9b1","datasource":{"friendlyId":"XLSReport.SN_Xpath_MASTER.dataView2","type":"direct","path":"XLSReport.MxXPath_ParentMxXPath/XLSReport.MxXPath"},"conditions":{"111_41_72_74_67":{"visible":{"type":"function","name":"=","parameters":[{"type":"variable","variable":"currentObject","path":"RetrieveType"},{"type":"literal","value":"Attribute"}]}},"111_41_72_74_68":{"visible":{"type":"function","name":"=","parameters":[{"type":"variable","variable":"currentObject","path":"RetrieveType"},{"type":"literal","value":"Attribute"}]}},"111_41_72_74_69":{"visible":{"type":"function","name":"=","parameters":[{"type":"variable","variable":"currentObject","path":"RetrieveType"},{"type":"literal","value":"Reference"}]}},"111_41_72_74_70":{"visible":{"type":"function","name":"=","parameters":[{"type":"variable","variable":"currentObject","path":"RetrieveType"},{"type":"literal","value":"Reference"}]}},"111_41_72_75":{"visible":{"type":"variable","variable":"currentObject","path":"SubVisible"}}}' class='mx-name-dataView2' tabindex='0'></div></m:template><m:template widget-id='111_41_71' name='content'><table class='mx-table mx-name-table1'><colgroup><col style='width:25%'></col><col style='width:75%'></col></colgroup><tbody><tr><th><label class='mx-name-label1' data-mendix-id='111_41_72_74_46'>Retrieve type</label></th><td><div data-mendix-id='111_41_72_74_48' data-mendix-type='mxui.widget.EnumSelect' data-mendix-props='"friendlyId":"XLSReport.SN_Xpath_Template.dropDown1","insideFormGroup":false,"attributePath":"XLSReport.MxXPath/RetrieveType","readOnlyStyle":"text","validation":null,"events":{"change":{"name":"XLSReport.OCh_Xpath_RetrieveType","validate":"node","applyTo":"selection","allowedRoles":["Administrator"]}},"emptyOptionCaption":""' class='mx-name-dropDown1' tabindex='0'></div></td></tr><tr data-mendix-id='111_41_72_74_67'><th><label class='mx-name-label2' data-mendix-id='111_41_72_74_50'>Select attribute</label></th><td><div data-mendix-id='111_41_72_74_52' data-mendix-type='mxui.widget.ReferenceSelector' data-mendix-props='"friendlyId":"XLSReport.SN_Xpath_Template.referenceSelector1","insideFormGroup":false,"attributePath":"XLSReport.MxXPath/XLSReport.MxXPath_MxObjectMember/MxModelReflection.MxObjectMember/AttributeName","readOnlyStyle":"text","attributePath":"XLSReport.MxXPath/XLSReport.MxXPath_MxObjectMember/MxModelReflection.MxObjectMember/AttributeName","datasource":{"friendlyId":"XLSReport.SN_Xpath_Template.referenceSelector1","type":"microflow","microflow":"XLSReport.DS_Attribute","path":"MxModelReflection.MxObjectMember"},"validation":null,"emptyOptionCaption":""' class='mx-name-referenceSelector1' tabindex='0'></div></td></tr><tr data-mendix-id='111_41_72_74_68'><td></td><td><label class='mx-name-label5' data-mendix-id='111_41_72_74_55'>Virtual attributes can't be used, because those attributes can't be retrieved with OQL</label></td></tr><tr data-mendix-id='111_41_72_74_69'><th><label class='mx-name-label3' data-mendix-id='111_41_72_74_57'>Select reference</label></th><td><div data-mendix-id='111_41_72_74_59' data-mendix-type='mxui.widget.ReferenceSelector' data-mendix-props='"friendlyId":"XLSReport.SN_Xpath_Template.referenceSelector2","insideFormGroup":false,"attributePath":"XLSReport.MxXPath/XLSReport.MxXPath_MxObjectReference/MxModelReflection.MxObjectReference/CompleteName","readOnlyStyle":"text","attributePath":"XLSReport.MxXPath/XLSReport.MxXPath_MxObjectReference/MxModelReflection.MxObjectReference/CompleteName","datasource":{"friendlyId":"XLSReport.SN_Xpath_Template.referenceSelector2","type":"microflow","microflow":"XLSReport.DS_Reference","path":"MxModelReflection.MxObjectReference"},"validation":null,"emptyOptionCaption":""' class='mx-name-referenceSelector2' tabindex='0'></div></td></tr><tr data-mendix-id='111_41_72_74_70'><th><label class='mx-name-label4' data-mendix-id='111_41_72_74_61'>Select object</label></th><td><div data-mendix-id='111_41_72_74_63' data-mendix-type='mxui.widget.ReferenceSelector' data-mendix-props='"friendlyId":"XLSReport.SN_Xpath_Template.referenceSelector3","insideFormGroup":false,"attributePath":"XLSReport.MxXPath/XLSReport.MxXPath_MxObjectType/MxModelReflection.MxObjectType/CompleteName","readOnlyStyle":"text","attributePath":"XLSReport.MxXPath/XLSReport.MxXPath_MxObjectType/MxModelReflection.MxObjectType/CompleteName","datasource":{"friendlyId":"XLSReport.SN_Xpath_Template.referenceSelector3","type":"xpath","path":"MxModelReflection.MxObjectType","constrainedBy":["XLSReport.MxXPath/XLSReport.MxXPath_MxObjectReference/MxModelReflection.MxObjectReference/MxModelReflection.MxObjectReference_MxObjectType/MxModelReflection.MxObjectType"],"sort":[["CompleteName","asc"]]},"events":{"change":{"name":"XLSReport.OCh_XPath_Refresh","validate":"node","applyTo":"selection","allowedRoles":["Administrator"]}},"validation":null,"emptyOptionCaption":""' class='mx-name-referenceSelector3' tabindex='0'></div></td></tr></tbody></table><div data-mendix-id='111_41_72_75' data-mendix-type='mxui.widget.DataView' data-mendix-props='"friendlyId":"XLSReport.SN_Xpath_2.dataView2","entity":"XLSReport.MxXPath","schema":"a15803da-0438-4209-bcc0-cb45277090d8","datasource":{"friendlyId":"XLSReport.SN_Xpath_2.dataView2","type":"direct","path":"XLSReport.MxXPath_ParentMxXPath/XLSReport.MxXPath"},"conditions":{"111_41_72_76_78_67":{"visible":{"type":"function","name":"=","parameters":[{"type":"variable","variable":"currentObject","path":"RetrieveType"},{"type":"literal","value":"Attribute"}]}},"111_41_72_76_78_68":{"visible":{"type":"function","name":"=","parameters":[{"type":"variable","variable":"currentObject","path":"RetrieveType"},{"type":"literal","value":"Attribute"}]}},"111_41_72_76_78_69":{"visible":{"type":"function","name":"=","parameters":[{"type":"variable","variable":"currentObject","path":"RetrieveType"},{"type":"literal","value":"Reference"}]}},"111_41_72_76_78_70":{"visible":{"type":"function","name":"=","parameters":[{"type":"variable","variable":"currentObject","path":"RetrieveType"},{"type":"literal","value":"Reference"}]}},"111_41_72_76_79":{"visible":{"type":"variable","variable":"currentObject","path":"SubVisible"}}}' class='mx-name-dataView2' tabindex='0'></div></m:template><m:template widget-id='111_41_72_75' name='content'><table class='mx-table mx-name-table1'><colgroup><col style='width:25%'></col><col style='width:75%'></col></colgroup><tbody><tr><th><label class='mx-name-label1' data-mendix-id='111_41_72_76_78_46'>Retrieve type</label></th><td><div data-mendix-id='111_41_72_76_78_48' data-mendix-type='mxui.widget.EnumSelect' data-mendix-props='"friendlyId":"XLSReport.SN_Xpath_Template.dropDown1","insideFormGroup":false,"attributePath":"XLSReport.MxXPath/RetrieveType","readOnlyStyle":"text","validation":null,"events":{"change":{"name":"XLSReport.OCh_Xpath_RetrieveType","validate":"node","applyTo":"selection","allowedRoles":["Administrator"]}},"emptyOptionCaption":""' class='mx-name-dropDown1' tabindex='0'></div></td></tr><tr data-mendix-id='111_41_72_76_78_67'><th><label class='mx-name-label2' data-mendix-id='111_41_72_76_78_50'>Select attribute</label></th><td><div data-mendix-id='111_41_72_76_78_52' data-mendix-type='mxui.widget.ReferenceSelector' data-mendix-props='"friendlyId":"XLSReport.SN_Xpath_Template.referenceSelector1","insideFormGroup":false,"attributePath":"XLSReport.MxXPath/XLSReport.MxXPath_MxObjectMember/MxModelReflection.MxObjectMember/AttributeName","readOnlyStyle":"text","attributePath":"XLSReport.MxXPath/XLSReport.MxXPath_MxObjectMember/MxModelReflection.MxObjectMember/AttributeName","datasource":{"friendlyId":"XLSReport.SN_Xpath_Template.referenceSelector1","type":"microflow","microflow":"XLSReport.DS_Attribute","path":"MxModelReflection.MxObjectMember"},"validation":null,"emptyOptionCaption":""' class='mx-name-referenceSelector1' tabindex='0'></div></td></tr><tr data-mendix-id='111_41_72_76_78_68'><td></td><td><label class='mx-name-label5' data-mendix-id='111_41_72_76_78_55'>Virtual attributes can't be used, because those attributes can't be retrieved with OQL</label></td></tr><tr data-mendix-id='111_41_72_76_78_69'><th><label class='mx-name-label3' data-mendix-id='111_41_72_76_78_57'>Select reference</label></th><td><div data-mendix-id='111_41_72_76_78_59' data-mendix-type='mxui.widget.ReferenceSelector' data-mendix-props='"friendlyId":"XLSReport.SN_Xpath_Template.referenceSelector2","insideFormGroup":false,"attributePath":"XLSReport.MxXPath/XLSReport.MxXPath_MxObjectReference/MxModelReflection.MxObjectReference/CompleteName","readOnlyStyle":"text","attributePath":"XLSReport.MxXPath/XLSReport.MxXPath_MxObjectReference/MxModelReflection.MxObjectReference/CompleteName","datasource":{"friendlyId":"XLSReport.SN_Xpath_Template.referenceSelector2","type":"microflow","microflow":"XLSReport.DS_Reference","path":"MxModelReflection.MxObjectReference"},"validation":null,"emptyOptionCaption":""' class='mx-name-referenceSelector2' tabindex='0'></div></td></tr><tr data-mendix-id='111_41_72_76_78_70'><th><label class='mx-name-label4' data-mendix-id='111_41_72_76_78_61'>Select object</label></th><td><div data-mendix-id='111_41_72_76_78_63' data-mendix-type='mxui.widget.ReferenceSelector' data-mendix-props='"friendlyId":"XLSReport.SN_Xpath_Template.referenceSelector3","insideFormGroup":false,"attributePath":"XLSReport.MxXPath/XLSReport.MxXPath_MxObjectType/MxModelReflection.MxObjectType/CompleteName","readOnlyStyle":"text","attributePath":"XLSReport.MxXPath/XLSReport.MxXPath_MxObjectType/MxModelReflection.MxObjectType/CompleteName","datasource":{"friendlyId":"XLSReport.SN_Xpath_Template.referenceSelector3","type":"xpath","path":"MxModelReflection.MxObjectType","constrainedBy":["XLSReport.MxXPath/XLSReport.MxXPath_MxObjectReference/MxModelReflection.MxObjectReference/MxModelReflection.MxObjectReference_MxObjectType/MxModelReflection.MxObjectType"],"sort":[["CompleteName","asc"]]},"events":{"change":{"name":"XLSReport.OCh_XPath_Refresh","validate":"node","applyTo":"selection","allowedRoles":["Administrator"]}},"validation":null,"emptyOptionCaption":""' class='mx-name-referenceSelector3' tabindex='0'></div></td></tr></tbody></table><div data-mendix-id='111_41_72_76_79' data-mendix-type='mxui.widget.DataView' data-mendix-props='"friendlyId":"XLSReport.SN_Xpath_3.dataView2","entity":"XLSReport.MxXPath","schema":"93309e58-07a0-4d96-acf8-4c8ac22cbd1c","datasource":{"friendlyId":"XLSReport.SN_Xpath_3.dataView2","type":"direct","path":"XLSReport.MxXPath_ParentMxXPath/XLSReport.MxXPath"},"conditions":{"111_41_72_76_80_82_67":{"visible":{"type":"function","name":"=","parameters":[{"type":"variable","variable":"currentObject","path":"RetrieveType"},{"type":"literal","value":"Attribute"}]}},"111_41_72_76_80_82_68":{"visible":{"type":"function","name":"=","parameters":[{"type":"variable","variable":"currentObject","path":"RetrieveType"},{"type":"literal","value":"Attribute"}]}},"111_41_72_76_80_82_69":{"visible":{"type":"function","name":"=","parameters":[{"type":"variable","variable":"currentObject","path":"RetrieveType"},{"type":"literal","value":"Reference"}]}},"111_41_72_76_80_82_70":{"visible":{"type":"function","name":"=","parameters":[{"type":"variable","variable":"currentObject","path":"RetrieveType"},{"type":"literal","value":"Reference"}]}},"111_41_72_76_80_83":{"visible":{"type":"variable","variable":"currentObject","path":"SubVisible"}}}' class='mx-name-dataView2' tabindex='0'></div></m:template><m:template widget-id='111_41_72_76_79' name='content'><table class='mx-table mx-name-table1'><colgroup><col style='width:25%'></col><col style='width:75%'></col></colgroup><tbody><tr><th><label class='mx-name-label1' data-mendix-id='111_41_72_76_80_82_46'>Retrieve type</label></th><td><div data-mendix-id='111_41_72_76_80_82_48' data-mendix-type='mxui.widget.EnumSelect' data-mendix-props='"friendlyId":"XLSReport.SN_Xpath_Template.dropDown1","insideFormGroup":false,"attributePath":"XLSReport.MxXPath/RetrieveType","readOnlyStyle":"text","validation":null,"events":{"change":{"name":"XLSReport.OCh_Xpath_RetrieveType","validate":"node","applyTo":"selection","allowedRoles":["Administrator"]}},"emptyOptionCaption":""' class='mx-name-dropDown1' tabindex='0'></div></td></tr><tr data-mendix-id='111_41_72_76_80_82_67'><th><label class='mx-name-label2' data-mendix-id='111_41_72_76_80_82_50'>Select attribute</label></th><td><div data-mendix-id='111_41_72_76_80_82_52' data-mendix-type='mxui.widget.ReferenceSelector' data-mendix-props='"friendlyId":"XLSReport.SN_Xpath_Template.referenceSelector1","insideFormGroup":false,"attributePath":"XLSReport.MxXPath/XLSReport.MxXPath_MxObjectMember/MxModelReflection.MxObjectMember/AttributeName","readOnlyStyle":"text","attributePath":"XLSReport.MxXPath/XLSReport.MxXPath_MxObjectMember/MxModelReflection.MxObjectMember/AttributeName","datasource":{"friendlyId":"XLSReport.SN_Xpath_Template.referenceSelector1","type":"microflow","microflow":"XLSReport.DS_Attribute","path":"MxModelReflection.MxObjectMember"},"validation":null,"emptyOptionCaption":""' class='mx-name-referenceSelector1' tabindex='0'></div></td></tr><tr data-mendix-id='111_41_72_76_80_82_68'><td></td><td><label class='mx-name-label5' data-mendix-id='111_41_72_76_80_82_55'>Virtual attributes can't be used, because those attributes can't be retrieved with OQL</label></td></tr><tr data-mendix-id='111_41_72_76_80_82_69'><th><label class='mx-name-label3' data-mendix-id='111_41_72_76_80_82_57'>Select reference</label></th><td><div data-mendix-id='111_41_72_76_80_82_59' data-mendix-type='mxui.widget.ReferenceSelector' data-mendix-props='"friendlyId":"XLSReport.SN_Xpath_Template.referenceSelector2","insideFormGroup":false,"attributePath":"XLSReport.MxXPath/XLSReport.MxXPath_MxObjectReference/MxModelReflection.MxObjectReference/CompleteName","readOnlyStyle":"text","attributePath":"XLSReport.MxXPath/XLSReport.MxXPath_MxObjectReference/MxModelReflection.MxObjectReference/CompleteName","datasource":{"friendlyId":"XLSReport.SN_Xpath_Template.referenceSelector2","type":"microflow","microflow":"XLSReport.DS_Reference","path":"MxModelReflection.MxObjectReference"},"validation":null,"emptyOptionCaption":""' class='mx-name-referenceSelector2' tabindex='0'></div></td></tr><tr data-mendix-id='111_41_72_76_80_82_70'><th><label class='mx-name-label4' data-mendix-id='111_41_72_76_80_82_61'>Select object</label></th><td><div data-mendix-id='111_41_72_76_80_82_63' data-mendix-type='mxui.widget.ReferenceSelector' data-mendix-props='"friendlyId":"XLSReport.SN_Xpath_Template.referenceSelector3","insideFormGroup":false,"attributePath":"XLSReport.MxXPath/XLSReport.MxXPath_MxObjectType/MxModelReflection.MxObjectType/CompleteName","readOnlyStyle":"text","attributePath":"XLSReport.MxXPath/XLSReport.MxXPath_MxObjectType/MxModelReflection.MxObjectType/CompleteName","datasource":{"friendlyId":"XLSReport.SN_Xpath_Template.referenceSelector3","type":"xpath","path":"MxModelReflection.MxObjectType","constrainedBy":["XLSReport.MxXPath/XLSReport.MxXPath_MxObjectReference/MxModelReflection.MxObjectReference/MxModelReflection.MxObjectReference_MxObjectType/MxModelReflection.MxObjectType"],"sort":[["CompleteName","asc"]]},"events":{"change":{"name":"XLSReport.OCh_XPath_Refresh","validate":"node","applyTo":"selection","allowedRoles":["Administrator"]}},"validation":null,"emptyOptionCaption":""' class='mx-name-referenceSelector3' tabindex='0'></div></td></tr></tbody></table><div data-mendix-id='111_41_72_76_80_83' data-mendix-type='mxui.widget.DataView' data-mendix-props='"friendlyId":"XLSReport.SN_Xpath_4.dataView2","entity":"XLSReport.MxXPath","schema":"c8f61a38-51f0-44bb-8168-39c37b0061fa","datasource":{"friendlyId":"XLSReport.SN_Xpath_4.dataView2","type":"direct","path":"XLSReport.MxXPath_ParentMxXPath/XLSReport.MxXPath"},"conditions":{"111_41_72_76_80_84_86_67":{"visible":{"type":"function","name":"=","parameters":[{"type":"variable","variable":"currentObject","path":"RetrieveType"},{"type":"literal","value":"Attribute"}]}},"111_41_72_76_80_84_86_68":{"visible":{"type":"function","name":"=","parameters":[{"type":"variable","variable":"currentObject","path":"RetrieveType"},{"type":"literal","value":"Attribute"}]}},"111_41_72_76_80_84_86_69":{"visible":{"type":"function","name":"=","parameters":[{"type":"variable","variable":"currentObject","path":"RetrieveType"},{"type":"literal","value":"Reference"}]}},"111_41_72_76_80_84_86_70":{"visible":{"type":"function","name":"=","parameters":[{"type":"variable","variable":"currentObject","path":"RetrieveType"},{"type":"literal","value":"Reference"}]}},"111_41_72_76_80_84_87":{"visible":{"type":"variable","variable":"currentObject","path":"SubVisible"}}}' class='mx-name-dataView2' tabindex='0'></div></m:template><m:template widget-id='111_41_72_76_80_83' name='content'><table class='mx-table mx-name-table1'><colgroup><col style='width:25%'></col><col style='width:75%'></col></colgroup><tbody><tr><th><label class='mx-name-label1' data-mendix-id='111_41_72_76_80_84_86_46'>Retrieve type</label></th><td><div data-mendix-id='111_41_72_76_80_84_86_48' data-mendix-type='mxui.widget.EnumSelect' data-mendix-props='"friendlyId":"XLSReport.SN_Xpath_Template.dropDown1","insideFormGroup":false,"attributePath":"XLSReport.MxXPath/RetrieveType","readOnlyStyle":"text","validation":null,"events":{"change":{"name":"XLSReport.OCh_Xpath_RetrieveType","validate":"node","applyTo":"selection","allowedRoles":["Administrator"]}},"emptyOptionCaption":""' class='mx-name-dropDown1' tabindex='0'></div></td></tr><tr data-mendix-id='111_41_72_76_80_84_86_67'><th><label class='mx-name-label2' data-mendix-id='111_41_72_76_80_84_86_50'>Select attribute</label></th><td><div data-mendix-id='111_41_72_76_80_84_86_52' data-mendix-type='mxui.widget.ReferenceSelector' data-mendix-props='"friendlyId":"XLSReport.SN_Xpath_Template.referenceSelector1","insideFormGroup":false,"attributePath":"XLSReport.MxXPath/XLSReport.MxXPath_MxObjectMember/MxModelReflection.MxObjectMember/AttributeName","readOnlyStyle":"text","attributePath":"XLSReport.MxXPath/XLSReport.MxXPath_MxObjectMember/MxModelReflection.MxObjectMember/AttributeName","datasource":{"friendlyId":"XLSReport.SN_Xpath_Template.referenceSelector1","type":"microflow","microflow":"XLSReport.DS_Attribute","path":"MxModelReflection.MxObjectMember"},"validation":null,"emptyOptionCaption":""' class='mx-name-referenceSelector1' tabindex='0'></div></td></tr><tr data-mendix-id='111_41_72_76_80_84_86_68'><td></td><td><label class='mx-name-label5' data-mendix-id='111_41_72_76_80_84_86_55'>Virtual attributes can't be used, because those attributes can't be retrieved with OQL</label></td></tr><tr data-mendix-id='111_41_72_76_80_84_86_69'><th><label class='mx-name-label3' data-mendix-id='111_41_72_76_80_84_86_57'>Select reference</label></th><td><div data-mendix-id='111_41_72_76_80_84_86_59' data-mendix-type='mxui.widget.ReferenceSelector' data-mendix-props='"friendlyId":"XLSReport.SN_Xpath_Template.referenceSelector2","insideFormGroup":false,"attributePath":"XLSReport.MxXPath/XLSReport.MxXPath_MxObjectReference/MxModelReflection.MxObjectReference/CompleteName","readOnlyStyle":"text","attributePath":"XLSReport.MxXPath/XLSReport.MxXPath_MxObjectReference/MxModelReflection.MxObjectReference/CompleteName","datasource":{"friendlyId":"XLSReport.SN_Xpath_Template.referenceSelector2","type":"microflow","microflow":"XLSReport.DS_Reference","path":"MxModelReflection.MxObjectReference"},"validation":null,"emptyOptionCaption":""' class='mx-name-referenceSelector2' tabindex='0'></div></td></tr><tr data-mendix-id='111_41_72_76_80_84_86_70'><th><label class='mx-name-label4' data-mendix-id='111_41_72_76_80_84_86_61'>Select object</label></th><td><div data-mendix-id='111_41_72_76_80_84_86_63' data-mendix-type='mxui.widget.ReferenceSelector' data-mendix-props='"friendlyId":"XLSReport.SN_Xpath_Template.referenceSelector3","insideFormGroup":false,"attributePath":"XLSReport.MxXPath/XLSReport.MxXPath_MxObjectType/MxModelReflection.MxObjectType/CompleteName","readOnlyStyle":"text","attributePath":"XLSReport.MxXPath/XLSReport.MxXPath_MxObjectType/MxModelReflection.MxObjectType/CompleteName","datasource":{"friendlyId":"XLSReport.SN_Xpath_Template.referenceSelector3","type":"xpath","path":"MxModelReflection.MxObjectType","constrainedBy":["XLSReport.MxXPath/XLSReport.MxXPath_MxObjectReference/MxModelReflection.MxObjectReference/MxModelReflection.MxObjectReference_MxObjectType/MxModelReflection.MxObjectType"],"sort":[["CompleteName","asc"]]},"events":{"change":{"name":"XLSReport.OCh_XPath_Refresh","validate":"node","applyTo":"selection","allowedRoles":["Administrator"]}},"validation":null,"emptyOptionCaption":""' class='mx-name-referenceSelector3' tabindex='0'></div></td></tr></tbody></table><div data-mendix-id='111_41_72_76_80_84_87' data-mendix-type='mxui.widget.DataView' data-mendix-props='"friendlyId":"XLSReport.SN_Xpath_5.dataView2","entity":"XLSReport.MxXPath","schema":"839ce520-0ede-4a68-ad88-f6aa3ea1b891","datasource":{"friendlyId":"XLSReport.SN_Xpath_5.dataView2","type":"direct","path":"XLSReport.MxXPath_ParentMxXPath/XLSReport.MxXPath"},"conditions":{"111_41_72_76_80_84_88_67":{"visible":{"type":"function","name":"=","parameters":[{"type":"variable","variable":"currentObject","path":"RetrieveType"},{"type":"literal","value":"Attribute"}]}},"111_41_72_76_80_84_88_68":{"visible":{"type":"function","name":"=","parameters":[{"type":"variable","variable":"currentObject","path":"RetrieveType"},{"type":"literal","value":"Attribute"}]}},"111_41_72_76_80_84_88_69":{"visible":{"type":"function","name":"=","parameters":[{"type":"variable","variable":"currentObject","path":"RetrieveType"},{"type":"literal","value":"Reference"}]}},"111_41_72_76_80_84_88_70":{"visible":{"type":"function","name":"=","parameters":[{"type":"variable","variable":"currentObject","path":"RetrieveType"},{"type":"literal","value":"Reference"}]}}}' class='mx-name-dataView2' tabindex='0'></div></m:template><m:template widget-id='111_41_72_76_80_84_87' name='content'><table class='mx-table mx-name-table1'><colgroup><col style='width:25%'></col><col style='width:75%'></col></colgroup><tbody><tr><th><label class='mx-name-label1' data-mendix-id='111_41_72_76_80_84_88_46'>Retrieve type</label></th><td><div data-mendix-id='111_41_72_76_80_84_88_48' data-mendix-type='mxui.widget.EnumSelect' data-mendix-props='"friendlyId":"XLSReport.SN_Xpath_Template.dropDown1","insideFormGroup":false,"attributePath":"XLSReport.MxXPath/RetrieveType","readOnlyStyle":"text","validation":null,"events":{"change":{"name":"XLSReport.OCh_Xpath_RetrieveType","validate":"node","applyTo":"selection","allowedRoles":["Administrator"]}},"emptyOptionCaption":""' class='mx-name-dropDown1' tabindex='0'></div></td></tr><tr data-mendix-id='111_41_72_76_80_84_88_67'><th><label class='mx-name-label2' data-mendix-id='111_41_72_76_80_84_88_50'>Select attribute</label></th><td><div data-mendix-id='111_41_72_76_80_84_88_52' data-mendix-type='mxui.widget.ReferenceSelector' data-mendix-props='"friendlyId":"XLSReport.SN_Xpath_Template.referenceSelector1","insideFormGroup":false,"attributePath":"XLSReport.MxXPath/XLSReport.MxXPath_MxObjectMember/MxModelReflection.MxObjectMember/AttributeName","readOnlyStyle":"text","attributePath":"XLSReport.MxXPath/XLSReport.MxXPath_MxObjectMember/MxModelReflection.MxObjectMember/AttributeName","datasource":{"friendlyId":"XLSReport.SN_Xpath_Template.referenceSelector1","type":"microflow","microflow":"XLSReport.DS_Attribute","path":"MxModelReflection.MxObjectMember"},"validation":null,"emptyOptionCaption":""' class='mx-name-referenceSelector1' tabindex='0'></div></td></tr><tr data-mendix-id='111_41_72_76_80_84_88_68'><td></td><td><label class='mx-name-label5' data-mendix-id='111_41_72_76_80_84_88_55'>Virtual attributes can't be used, because those attributes can't be retrieved with OQL</label></td></tr><tr data-mendix-id='111_41_72_76_80_84_88_69'><th><label class='mx-name-label3' data-mendix-id='111_41_72_76_80_84_88_57'>Select reference</label></th><td><div data-mendix-id='111_41_72_76_80_84_88_59' data-mendix-type='mxui.widget.ReferenceSelector' data-mendix-props='"friendlyId":"XLSReport.SN_Xpath_Template.referenceSelector2","insideFormGroup":false,"attributePath":"XLSReport.MxXPath/XLSReport.MxXPath_MxObjectReference/MxModelReflection.MxObjectReference/CompleteName","readOnlyStyle":"text","attributePath":"XLSReport.MxXPath/XLSReport.MxXPath_MxObjectReference/MxModelReflection.MxObjectReference/CompleteName","datasource":{"friendlyId":"XLSReport.SN_Xpath_Template.referenceSelector2","type":"microflow","microflow":"XLSReport.DS_Reference","path":"MxModelReflection.MxObjectReference"},"validation":null,"emptyOptionCaption":""' class='mx-name-referenceSelector2' tabindex='0'></div></td></tr><tr data-mendix-id='111_41_72_76_80_84_88_70'><th><label class='mx-name-label4' data-mendix-id='111_41_72_76_80_84_88_61'>Select object</label></th><td><div data-mendix-id='111_41_72_76_80_84_88_63' data-mendix-type='mxui.widget.ReferenceSelector' data-mendix-props='"friendlyId":"XLSReport.SN_Xpath_Template.referenceSelector3","insideFormGroup":false,"attributePath":"XLSReport.MxXPath/XLSReport.MxXPath_MxObjectType/MxModelReflection.MxObjectType/CompleteName","readOnlyStyle":"text","attributePath":"XLSReport.MxXPath/XLSReport.MxXPath_MxObjectType/MxModelReflection.MxObjectType/CompleteName","datasource":{"friendlyId":"XLSReport.SN_Xpath_Template.referenceSelector3","type":"xpath","path":"MxModelReflection.MxObjectType","constrainedBy":["XLSReport.MxXPath/XLSReport.MxXPath_MxObjectReference/MxModelReflection.MxObjectReference/MxModelReflection.MxObjectReference_MxObjectType/MxModelReflection.MxObjectType"],"sort":[["CompleteName","asc"]]},"events":{"change":{"name":"XLSReport.OCh_XPath_Refresh","validate":"node","applyTo":"selection","allowedRoles":["Administrator"]}},"validation":null,"emptyOptionCaption":""' class='mx-name-referenceSelector3' tabindex='0'></div></td></tr></tbody></table></m:template></m:templates></m:page>