﻿<?xml version='1.0' encoding='utf-8'?><m:page id='6691d579-2970-48e9-ada4-71a1d748812d' xmlns='http://www.w3.org/1999/xhtml' title='Edit Mx column' closeButton='110_0' xmlns:m='http://schemas.mendix.com/forms/1.0'><m:layouts><m:layout path='XLSReport/PopupLayout.layout.xml'></m:layout></m:layouts><m:arguments><m:argument parameterName='64e38021-d2bb-4b3d-b75c-6321c7b57eb0'><div data-mendix-id='110_1' data-mendix-type='mxui.widget.DataView' data-mendix-props='"friendlyId":"XLSReport.MxColumn_NewEdit.dataView1","entity":"XLSReport.MxColumn","schema":"5d94f547-4925-4f5f-a3b0-0c57514d6491","datasource":{"friendlyId":"XLSReport.MxColumn_NewEdit.dataView1","type":"direct","path":"XLSReport.MxColumn"},"conditions":{"110_49":{"visible":{"type":"variable","variable":"currentObject","path":"DataAggregate"}},"110_51":{"visible":{"type":"variable","variable":"currentObject","path":"ResultAggregate"}}}' class='mx-name-dataView1' tabindex='0'></div></m:argument></m:arguments><m:templates><m:template widget-id='110_1' name='content'><table class='mx-table mx-name-table1'><colgroup><col style='width:20%'></col><col style='width:30%'></col><col style='width:20%'></col><col style='width:30%'></col></colgroup><tbody><tr><th><label class='mx-name-label2' data-mendix-id='110_4'>Column number</label></th><td><div data-mendix-id='110_6' data-mendix-type='mxui.widget.NumberInput' data-mendix-props='"friendlyId":"XLSReport.MxColumn_NewEdit.textBox2","insideFormGroup":false,"attributePath":"XLSReport.MxColumn/ColumnNumber","readOnlyStyle":"text","validation":null,"placeholder":""' class='mx-name-textBox2' tabindex='0'></div></td><th><label class='mx-name-label11' data-mendix-id='110_8'>Style</label></th><td><div data-mendix-id='110_10' data-mendix-type='mxui.widget.ReferenceSelector' data-mendix-props='"friendlyId":"XLSReport.MxColumn_NewEdit.referenceSelector6","insideFormGroup":false,"attributePath":"XLSReport.MxColumn/XLSReport.MxData_MxCellStyle/XLSReport.MxCellStyle/Name","readOnlyStyle":"text","attributePath":"XLSReport.MxColumn/XLSReport.MxData_MxCellStyle/XLSReport.MxCellStyle/Name","datasource":{"friendlyId":"XLSReport.MxColumn_NewEdit.referenceSelector6","type":"xpath","path":"XLSReport.MxCellStyle","constrainedBy":["XLSReport.MxColumn/XLSReport.MxData_MxSheet/XLSReport.MxSheet/XLSReport.MxSheet_Template/XLSReport.MxTemplate/XLSReport.MxCellStyle_Template/XLSReport.MxCellStyle"],"sort":[["Name","asc"]]},"validation":null,"emptyOptionCaption":""' class='mx-name-referenceSelector6' tabindex='0'></div></td></tr><tr><th><label class='mx-name-label3' data-mendix-id='110_12'>Name</label></th><td><div data-mendix-id='110_14' data-mendix-type='mxui.widget.TextInput' data-mendix-props='"friendlyId":"XLSReport.MxColumn_NewEdit.textBox1","insideFormGroup":false,"attributePath":"XLSReport.MxColumn/Name","readOnlyStyle":"text","validation":null,"placeholder":"","maxLength":200' class='mx-name-textBox1' tabindex='0'></div></td><th><label class='mx-name-label6' data-mendix-id='110_16'>Use name as column header</label></th><td><div data-mendix-id='110_18' data-mendix-type='mxui.widget.BoolSelect' data-mendix-props='"friendlyId":"XLSReport.MxColumn_NewEdit.checkBox1","insideFormGroup":false,"attributePath":"XLSReport.MxColumn/NameAsHeader","readOnlyStyle":"text","validation":null' class='mx-name-checkBox1' tabindex='0'></div></td></tr><tr><td class='nopadding ' colspan='4'><div data-mendix-id='110_20' data-mendix-type='mxui.widget.DataView' data-mendix-props='"friendlyId":"XLSReport.MxColumn_NewEdit.dataView4","entity":"XLSReport.MxXPath","schema":"a7834ea3-6490-4d60-bfad-654e4191863f","hideFooter":true,"datasource":{"friendlyId":"XLSReport.MxColumn_NewEdit.dataView4","type":"direct","path":"XLSReport.MxXPath_MxData/XLSReport.MxXPath"},"conditions":{"110_76":{"visible":{"type":"function","name":"=","parameters":[{"type":"variable","variable":"currentObject","path":"RetrieveType"},{"type":"literal","value":"Attribute"}]}},"110_77":{"visible":{"type":"function","name":"=","parameters":[{"type":"variable","variable":"currentObject","path":"RetrieveType"},{"type":"literal","value":"Reference"}]}},"110_78":{"visible":{"type":"function","name":"=","parameters":[{"type":"variable","variable":"currentObject","path":"RetrieveType"},{"type":"literal","value":"Reference"}]}},"110_79":{"visible":{"type":"variable","variable":"currentObject","path":"SubVisible"}}}' class='mx-name-dataView4' tabindex='0'></div></td></tr><tr><th><label class='mx-name-label7' data-mendix-id='110_22'>Aggregate on attribute</label></th><td colspan='3'><div data-mendix-id='110_24' data-mendix-type='mxui.widget.BoolSelect' data-mendix-props='"friendlyId":"XLSReport.MxColumn_NewEdit.checkBox3","insideFormGroup":false,"attributePath":"XLSReport.MxColumn/DataAggregate","readOnlyStyle":"text","validation":null' class='mx-name-checkBox3' tabindex='0'></div></td></tr><tr data-mendix-id='110_49'><th><label class='mx-name-label8' data-mendix-id='110_26'>Aggregate type</label></th><td><div data-mendix-id='110_28' data-mendix-type='mxui.widget.EnumSelect' data-mendix-props='"friendlyId":"XLSReport.MxColumn_NewEdit.dropDown2","insideFormGroup":false,"attributePath":"XLSReport.MxColumn/DataAggregateFunction","readOnlyStyle":"text","validation":null,"emptyOptionCaption":""' class='mx-name-dropDown2' tabindex='0'></div></td><td colspan='2'><label class='mx-name-label9' data-mendix-id='110_30'>The aggregate will be added in the query</label></td></tr><tr><th><label class='mx-name-label1' data-mendix-id='110_32'>End column with aggregate</label></th><td colspan='3'><div data-mendix-id='110_34' data-mendix-type='mxui.widget.BoolSelect' data-mendix-props='"friendlyId":"XLSReport.MxColumn_NewEdit.checkBox2","insideFormGroup":false,"attributePath":"XLSReport.MxColumn/ResultAggregate","readOnlyStyle":"text","validation":null' class='mx-name-checkBox2' tabindex='0'></div></td></tr><tr data-mendix-id='110_51'><th><label class='mx-name-label4' data-mendix-id='110_36'>Aggregate type</label></th><td><div data-mendix-id='110_38' data-mendix-type='mxui.widget.EnumSelect' data-mendix-props='"friendlyId":"XLSReport.MxColumn_NewEdit.dropDown1","insideFormGroup":false,"attributePath":"XLSReport.MxColumn/ResultAggregateFunction","readOnlyStyle":"text","validation":null,"emptyOptionCaption":""' class='mx-name-dropDown1' tabindex='0'></div></td><td colspan='2'><label class='mx-name-label5' data-mendix-id='110_40'>The value of the aggregate will on the bottom of the results</label></td></tr></tbody></table></m:template><m:template widget-id='110_1' name='footer'><div data-mendix-id='110_53' data-mendix-type='mxui.widget.ActionButton' data-mendix-props='"friendlyId":"XLSReport.MxColumn_NewEdit.microflowButton1","caption":{"$type":"textTemplate","text":"Save","friendlyId":"XLSReport.MxColumn_NewEdit.microflowButton1"},"iconUrl":"img/System$Save.png?636468842603385563","renderType":"button","action":{"type":"callMicroflow","hasParameter":true,"params":{"name":"XLSReport.IVK_Column_Save","applyTo":"selection","allowedRoles":["Administrator"]}}' data-mendix-roles='Administrator' class='mx-name-microflowButton1 btn-default' tabindex='0'></div><div data-mendix-id='110_0' data-mendix-type='mxui.widget.ActionButton' data-mendix-props='"friendlyId":"XLSReport.MxColumn_NewEdit.cancelButton1","caption":{"$type":"textTemplate","text":"Cancel","friendlyId":"XLSReport.MxColumn_NewEdit.cancelButton1"},"iconUrl":"img/System$Cancel.png?636468842603385563","renderType":"button","action":{"type":"cancelChanges","hasParameter":false,"params":{"closePage":false}}' class='mx-name-cancelButton1 btn-default' tabindex='0'></div></m:template><m:template widget-id='110_20' name='content'><table class='mx-table mx-name-table5'><colgroup><col style='width:25%'></col><col style='width:75%'></col></colgroup><tbody><tr><th><label class='mx-name-label17' data-mendix-id='110_56'>Retrieve type</label></th><td><div data-mendix-id='110_58' data-mendix-type='mxui.widget.EnumSelect' data-mendix-props='"friendlyId":"XLSReport.MxColumn_NewEdit.dropDown3","insideFormGroup":false,"attributePath":"XLSReport.MxXPath/RetrieveType","readOnlyStyle":"text","validation":null,"events":{"change":{"name":"XLSReport.OCh_Xpath_RetrieveType","validate":"node","applyTo":"selection","allowedRoles":["Administrator"]}},"emptyOptionCaption":""' class='mx-name-dropDown3' tabindex='0'></div></td></tr><tr data-mendix-id='110_76'><th><label class='mx-name-label18' data-mendix-id='110_60'>Select attribute</label></th><td><div data-mendix-id='110_62' data-mendix-type='mxui.widget.ReferenceSelector' data-mendix-props='"friendlyId":"XLSReport.MxColumn_NewEdit.referenceSelector4","insideFormGroup":false,"attributePath":"XLSReport.MxXPath/XLSReport.MxXPath_MxObjectMember/MxModelReflection.MxObjectMember/AttributeName","readOnlyStyle":"text","attributePath":"XLSReport.MxXPath/XLSReport.MxXPath_MxObjectMember/MxModelReflection.MxObjectMember/AttributeName","datasource":{"friendlyId":"XLSReport.MxColumn_NewEdit.referenceSelector4","type":"microflow","microflow":"XLSReport.DS_First_Attribute","path":"MxModelReflection.MxObjectMember"},"validation":null,"emptyOptionCaption":""' class='mx-name-referenceSelector4' tabindex='0'></div></td></tr><tr data-mendix-id='110_77'><th><label class='mx-name-label19' data-mendix-id='110_64'>Select reference</label></th><td><div data-mendix-id='110_66' data-mendix-type='mxui.widget.ReferenceSelector' data-mendix-props='"friendlyId":"XLSReport.MxColumn_NewEdit.referenceSelector2","insideFormGroup":false,"attributePath":"XLSReport.MxXPath/XLSReport.MxXPath_MxObjectReference/MxModelReflection.MxObjectReference/CompleteName","readOnlyStyle":"text","attributePath":"XLSReport.MxXPath/XLSReport.MxXPath_MxObjectReference/MxModelReflection.MxObjectReference/CompleteName","datasource":{"friendlyId":"XLSReport.MxColumn_NewEdit.referenceSelector2","type":"microflow","microflow":"XLSReport.DS_First_Reference","path":"MxModelReflection.MxObjectReference"},"validation":null,"emptyOptionCaption":""' class='mx-name-referenceSelector2' tabindex='0'></div></td></tr><tr data-mendix-id='110_78'><th><label class='mx-name-label20' data-mendix-id='110_68'>Select object</label></th><td><div data-mendix-id='110_70' data-mendix-type='mxui.widget.ReferenceSelector' data-mendix-props='"friendlyId":"XLSReport.MxColumn_NewEdit.referenceSelector3","insideFormGroup":false,"attributePath":"XLSReport.MxXPath/XLSReport.MxXPath_MxObjectType/MxModelReflection.MxObjectType/CompleteName","readOnlyStyle":"text","attributePath":"XLSReport.MxXPath/XLSReport.MxXPath_MxObjectType/MxModelReflection.MxObjectType/CompleteName","datasource":{"friendlyId":"XLSReport.MxColumn_NewEdit.referenceSelector3","type":"xpath","path":"MxModelReflection.MxObjectType","constrainedBy":["XLSReport.MxXPath/XLSReport.MxXPath_MxObjectReference/MxModelReflection.MxObjectReference/MxModelReflection.MxObjectReference_MxObjectType/MxModelReflection.MxObjectType"],"sort":[["CompleteName","asc"]]},"events":{"change":{"name":"XLSReport.OCh_XPath_Refresh","validate":"node","applyTo":"selection","allowedRoles":["Administrator"]}},"validation":null,"emptyOptionCaption":""' class='mx-name-referenceSelector3' tabindex='0'></div></td></tr><tr data-mendix-id='110_79'><td colspan='2'><div data-mendix-id='110_72' data-mendix-type='mxui.widget.DataView' data-mendix-props='"friendlyId":"XLSReport.MxColumn_NewEdit.dataView5","entity":"XLSReport.MxXPath","schema":"ffd55c02-01b6-48c0-a8f2-a9e9efc9bbd2","hideFooter":true,"datasource":{"friendlyId":"XLSReport.MxColumn_NewEdit.dataView5","type":"direct","path":"XLSReport.MxXPath_ParentMxXPath/XLSReport.MxXPath"},"conditions":{"110_80_82_106":{"visible":{"type":"function","name":"=","parameters":[{"type":"variable","variable":"currentObject","path":"RetrieveType"},{"type":"literal","value":"Attribute"}]}},"110_80_82_107":{"visible":{"type":"function","name":"=","parameters":[{"type":"variable","variable":"currentObject","path":"RetrieveType"},{"type":"literal","value":"Attribute"}]}},"110_80_82_108":{"visible":{"type":"function","name":"=","parameters":[{"type":"variable","variable":"currentObject","path":"RetrieveType"},{"type":"literal","value":"Reference"}]}},"110_80_82_109":{"visible":{"type":"function","name":"=","parameters":[{"type":"variable","variable":"currentObject","path":"RetrieveType"},{"type":"literal","value":"Reference"}]}},"110_80_110":{"visible":{"type":"variable","variable":"currentObject","path":"SubVisible"}}}' class='mx-name-dataView5' tabindex='0'></div></td></tr></tbody></table></m:template><m:template widget-id='110_72' name='content'><table class='mx-table mx-name-table1'><colgroup><col style='width:25%'></col><col style='width:75%'></col></colgroup><tbody><tr><th><label class='mx-name-label1' data-mendix-id='110_80_82_85'>Retrieve type</label></th><td><div data-mendix-id='110_80_82_87' data-mendix-type='mxui.widget.EnumSelect' data-mendix-props='"friendlyId":"XLSReport.SN_Xpath_Template.dropDown1","insideFormGroup":false,"attributePath":"XLSReport.MxXPath/RetrieveType","readOnlyStyle":"text","validation":null,"events":{"change":{"name":"XLSReport.OCh_Xpath_RetrieveType","validate":"node","applyTo":"selection","allowedRoles":["Administrator"]}},"emptyOptionCaption":""' class='mx-name-dropDown1' tabindex='0'></div></td></tr><tr data-mendix-id='110_80_82_106'><th><label class='mx-name-label2' data-mendix-id='110_80_82_89'>Select attribute</label></th><td><div data-mendix-id='110_80_82_91' data-mendix-type='mxui.widget.ReferenceSelector' data-mendix-props='"friendlyId":"XLSReport.SN_Xpath_Template.referenceSelector1","insideFormGroup":false,"attributePath":"XLSReport.MxXPath/XLSReport.MxXPath_MxObjectMember/MxModelReflection.MxObjectMember/AttributeName","readOnlyStyle":"text","attributePath":"XLSReport.MxXPath/XLSReport.MxXPath_MxObjectMember/MxModelReflection.MxObjectMember/AttributeName","datasource":{"friendlyId":"XLSReport.SN_Xpath_Template.referenceSelector1","type":"microflow","microflow":"XLSReport.DS_Attribute","path":"MxModelReflection.MxObjectMember"},"validation":null,"emptyOptionCaption":""' class='mx-name-referenceSelector1' tabindex='0'></div></td></tr><tr data-mendix-id='110_80_82_107'><td></td><td><label class='mx-name-label5' data-mendix-id='110_80_82_94'>Virtual attributes can't be used, because those attributes can't be retrieved with OQL</label></td></tr><tr data-mendix-id='110_80_82_108'><th><label class='mx-name-label3' data-mendix-id='110_80_82_96'>Select reference</label></th><td><div data-mendix-id='110_80_82_98' data-mendix-type='mxui.widget.ReferenceSelector' data-mendix-props='"friendlyId":"XLSReport.SN_Xpath_Template.referenceSelector2","insideFormGroup":false,"attributePath":"XLSReport.MxXPath/XLSReport.MxXPath_MxObjectReference/MxModelReflection.MxObjectReference/CompleteName","readOnlyStyle":"text","attributePath":"XLSReport.MxXPath/XLSReport.MxXPath_MxObjectReference/MxModelReflection.MxObjectReference/CompleteName","datasource":{"friendlyId":"XLSReport.SN_Xpath_Template.referenceSelector2","type":"microflow","microflow":"XLSReport.DS_Reference","path":"MxModelReflection.MxObjectReference"},"validation":null,"emptyOptionCaption":""' class='mx-name-referenceSelector2' tabindex='0'></div></td></tr><tr data-mendix-id='110_80_82_109'><th><label class='mx-name-label4' data-mendix-id='110_80_82_100'>Select object</label></th><td><div data-mendix-id='110_80_82_102' data-mendix-type='mxui.widget.ReferenceSelector' data-mendix-props='"friendlyId":"XLSReport.SN_Xpath_Template.referenceSelector3","insideFormGroup":false,"attributePath":"XLSReport.MxXPath/XLSReport.MxXPath_MxObjectType/MxModelReflection.MxObjectType/CompleteName","readOnlyStyle":"text","attributePath":"XLSReport.MxXPath/XLSReport.MxXPath_MxObjectType/MxModelReflection.MxObjectType/CompleteName","datasource":{"friendlyId":"XLSReport.SN_Xpath_Template.referenceSelector3","type":"xpath","path":"MxModelReflection.MxObjectType","constrainedBy":["XLSReport.MxXPath/XLSReport.MxXPath_MxObjectReference/MxModelReflection.MxObjectReference/MxModelReflection.MxObjectReference_MxObjectType/MxModelReflection.MxObjectType"],"sort":[["CompleteName","asc"]]},"events":{"change":{"name":"XLSReport.OCh_XPath_Refresh","validate":"node","applyTo":"selection","allowedRoles":["Administrator"]}},"validation":null,"emptyOptionCaption":""' class='mx-name-referenceSelector3' tabindex='0'></div></td></tr></tbody></table><div data-mendix-id='110_80_110' data-mendix-type='mxui.widget.DataView' data-mendix-props='"friendlyId":"XLSReport.SN_Xpath_MASTER.dataView2","entity":"XLSReport.MxXPath","schema":"1f68c124-d5fe-4ce0-b0f6-c3a6f0baa9b1","datasource":{"friendlyId":"XLSReport.SN_Xpath_MASTER.dataView2","type":"direct","path":"XLSReport.MxXPath_ParentMxXPath/XLSReport.MxXPath"},"conditions":{"110_80_111_113_106":{"visible":{"type":"function","name":"=","parameters":[{"type":"variable","variable":"currentObject","path":"RetrieveType"},{"type":"literal","value":"Attribute"}]}},"110_80_111_113_107":{"visible":{"type":"function","name":"=","parameters":[{"type":"variable","variable":"currentObject","path":"RetrieveType"},{"type":"literal","value":"Attribute"}]}},"110_80_111_113_108":{"visible":{"type":"function","name":"=","parameters":[{"type":"variable","variable":"currentObject","path":"RetrieveType"},{"type":"literal","value":"Reference"}]}},"110_80_111_113_109":{"visible":{"type":"function","name":"=","parameters":[{"type":"variable","variable":"currentObject","path":"RetrieveType"},{"type":"literal","value":"Reference"}]}},"110_80_111_114":{"visible":{"type":"variable","variable":"currentObject","path":"SubVisible"}}}' class='mx-name-dataView2' tabindex='0'></div></m:template><m:template widget-id='110_80_110' name='content'><table class='mx-table mx-name-table1'><colgroup><col style='width:25%'></col><col style='width:75%'></col></colgroup><tbody><tr><th><label class='mx-name-label1' data-mendix-id='110_80_111_113_85'>Retrieve type</label></th><td><div data-mendix-id='110_80_111_113_87' data-mendix-type='mxui.widget.EnumSelect' data-mendix-props='"friendlyId":"XLSReport.SN_Xpath_Template.dropDown1","insideFormGroup":false,"attributePath":"XLSReport.MxXPath/RetrieveType","readOnlyStyle":"text","validation":null,"events":{"change":{"name":"XLSReport.OCh_Xpath_RetrieveType","validate":"node","applyTo":"selection","allowedRoles":["Administrator"]}},"emptyOptionCaption":""' class='mx-name-dropDown1' tabindex='0'></div></td></tr><tr data-mendix-id='110_80_111_113_106'><th><label class='mx-name-label2' data-mendix-id='110_80_111_113_89'>Select attribute</label></th><td><div data-mendix-id='110_80_111_113_91' data-mendix-type='mxui.widget.ReferenceSelector' data-mendix-props='"friendlyId":"XLSReport.SN_Xpath_Template.referenceSelector1","insideFormGroup":false,"attributePath":"XLSReport.MxXPath/XLSReport.MxXPath_MxObjectMember/MxModelReflection.MxObjectMember/AttributeName","readOnlyStyle":"text","attributePath":"XLSReport.MxXPath/XLSReport.MxXPath_MxObjectMember/MxModelReflection.MxObjectMember/AttributeName","datasource":{"friendlyId":"XLSReport.SN_Xpath_Template.referenceSelector1","type":"microflow","microflow":"XLSReport.DS_Attribute","path":"MxModelReflection.MxObjectMember"},"validation":null,"emptyOptionCaption":""' class='mx-name-referenceSelector1' tabindex='0'></div></td></tr><tr data-mendix-id='110_80_111_113_107'><td></td><td><label class='mx-name-label5' data-mendix-id='110_80_111_113_94'>Virtual attributes can't be used, because those attributes can't be retrieved with OQL</label></td></tr><tr data-mendix-id='110_80_111_113_108'><th><label class='mx-name-label3' data-mendix-id='110_80_111_113_96'>Select reference</label></th><td><div data-mendix-id='110_80_111_113_98' data-mendix-type='mxui.widget.ReferenceSelector' data-mendix-props='"friendlyId":"XLSReport.SN_Xpath_Template.referenceSelector2","insideFormGroup":false,"attributePath":"XLSReport.MxXPath/XLSReport.MxXPath_MxObjectReference/MxModelReflection.MxObjectReference/CompleteName","readOnlyStyle":"text","attributePath":"XLSReport.MxXPath/XLSReport.MxXPath_MxObjectReference/MxModelReflection.MxObjectReference/CompleteName","datasource":{"friendlyId":"XLSReport.SN_Xpath_Template.referenceSelector2","type":"microflow","microflow":"XLSReport.DS_Reference","path":"MxModelReflection.MxObjectReference"},"validation":null,"emptyOptionCaption":""' class='mx-name-referenceSelector2' tabindex='0'></div></td></tr><tr data-mendix-id='110_80_111_113_109'><th><label class='mx-name-label4' data-mendix-id='110_80_111_113_100'>Select object</label></th><td><div data-mendix-id='110_80_111_113_102' data-mendix-type='mxui.widget.ReferenceSelector' data-mendix-props='"friendlyId":"XLSReport.SN_Xpath_Template.referenceSelector3","insideFormGroup":false,"attributePath":"XLSReport.MxXPath/XLSReport.MxXPath_MxObjectType/MxModelReflection.MxObjectType/CompleteName","readOnlyStyle":"text","attributePath":"XLSReport.MxXPath/XLSReport.MxXPath_MxObjectType/MxModelReflection.MxObjectType/CompleteName","datasource":{"friendlyId":"XLSReport.SN_Xpath_Template.referenceSelector3","type":"xpath","path":"MxModelReflection.MxObjectType","constrainedBy":["XLSReport.MxXPath/XLSReport.MxXPath_MxObjectReference/MxModelReflection.MxObjectReference/MxModelReflection.MxObjectReference_MxObjectType/MxModelReflection.MxObjectType"],"sort":[["CompleteName","asc"]]},"events":{"change":{"name":"XLSReport.OCh_XPath_Refresh","validate":"node","applyTo":"selection","allowedRoles":["Administrator"]}},"validation":null,"emptyOptionCaption":""' class='mx-name-referenceSelector3' tabindex='0'></div></td></tr></tbody></table><div data-mendix-id='110_80_111_114' data-mendix-type='mxui.widget.DataView' data-mendix-props='"friendlyId":"XLSReport.SN_Xpath_2.dataView2","entity":"XLSReport.MxXPath","schema":"a15803da-0438-4209-bcc0-cb45277090d8","datasource":{"friendlyId":"XLSReport.SN_Xpath_2.dataView2","type":"direct","path":"XLSReport.MxXPath_ParentMxXPath/XLSReport.MxXPath"},"conditions":{"110_80_111_115_117_106":{"visible":{"type":"function","name":"=","parameters":[{"type":"variable","variable":"currentObject","path":"RetrieveType"},{"type":"literal","value":"Attribute"}]}},"110_80_111_115_117_107":{"visible":{"type":"function","name":"=","parameters":[{"type":"variable","variable":"currentObject","path":"RetrieveType"},{"type":"literal","value":"Attribute"}]}},"110_80_111_115_117_108":{"visible":{"type":"function","name":"=","parameters":[{"type":"variable","variable":"currentObject","path":"RetrieveType"},{"type":"literal","value":"Reference"}]}},"110_80_111_115_117_109":{"visible":{"type":"function","name":"=","parameters":[{"type":"variable","variable":"currentObject","path":"RetrieveType"},{"type":"literal","value":"Reference"}]}},"110_80_111_115_118":{"visible":{"type":"variable","variable":"currentObject","path":"SubVisible"}}}' class='mx-name-dataView2' tabindex='0'></div></m:template><m:template widget-id='110_80_111_114' name='content'><table class='mx-table mx-name-table1'><colgroup><col style='width:25%'></col><col style='width:75%'></col></colgroup><tbody><tr><th><label class='mx-name-label1' data-mendix-id='110_80_111_115_117_85'>Retrieve type</label></th><td><div data-mendix-id='110_80_111_115_117_87' data-mendix-type='mxui.widget.EnumSelect' data-mendix-props='"friendlyId":"XLSReport.SN_Xpath_Template.dropDown1","insideFormGroup":false,"attributePath":"XLSReport.MxXPath/RetrieveType","readOnlyStyle":"text","validation":null,"events":{"change":{"name":"XLSReport.OCh_Xpath_RetrieveType","validate":"node","applyTo":"selection","allowedRoles":["Administrator"]}},"emptyOptionCaption":""' class='mx-name-dropDown1' tabindex='0'></div></td></tr><tr data-mendix-id='110_80_111_115_117_106'><th><label class='mx-name-label2' data-mendix-id='110_80_111_115_117_89'>Select attribute</label></th><td><div data-mendix-id='110_80_111_115_117_91' data-mendix-type='mxui.widget.ReferenceSelector' data-mendix-props='"friendlyId":"XLSReport.SN_Xpath_Template.referenceSelector1","insideFormGroup":false,"attributePath":"XLSReport.MxXPath/XLSReport.MxXPath_MxObjectMember/MxModelReflection.MxObjectMember/AttributeName","readOnlyStyle":"text","attributePath":"XLSReport.MxXPath/XLSReport.MxXPath_MxObjectMember/MxModelReflection.MxObjectMember/AttributeName","datasource":{"friendlyId":"XLSReport.SN_Xpath_Template.referenceSelector1","type":"microflow","microflow":"XLSReport.DS_Attribute","path":"MxModelReflection.MxObjectMember"},"validation":null,"emptyOptionCaption":""' class='mx-name-referenceSelector1' tabindex='0'></div></td></tr><tr data-mendix-id='110_80_111_115_117_107'><td></td><td><label class='mx-name-label5' data-mendix-id='110_80_111_115_117_94'>Virtual attributes can't be used, because those attributes can't be retrieved with OQL</label></td></tr><tr data-mendix-id='110_80_111_115_117_108'><th><label class='mx-name-label3' data-mendix-id='110_80_111_115_117_96'>Select reference</label></th><td><div data-mendix-id='110_80_111_115_117_98' data-mendix-type='mxui.widget.ReferenceSelector' data-mendix-props='"friendlyId":"XLSReport.SN_Xpath_Template.referenceSelector2","insideFormGroup":false,"attributePath":"XLSReport.MxXPath/XLSReport.MxXPath_MxObjectReference/MxModelReflection.MxObjectReference/CompleteName","readOnlyStyle":"text","attributePath":"XLSReport.MxXPath/XLSReport.MxXPath_MxObjectReference/MxModelReflection.MxObjectReference/CompleteName","datasource":{"friendlyId":"XLSReport.SN_Xpath_Template.referenceSelector2","type":"microflow","microflow":"XLSReport.DS_Reference","path":"MxModelReflection.MxObjectReference"},"validation":null,"emptyOptionCaption":""' class='mx-name-referenceSelector2' tabindex='0'></div></td></tr><tr data-mendix-id='110_80_111_115_117_109'><th><label class='mx-name-label4' data-mendix-id='110_80_111_115_117_100'>Select object</label></th><td><div data-mendix-id='110_80_111_115_117_102' data-mendix-type='mxui.widget.ReferenceSelector' data-mendix-props='"friendlyId":"XLSReport.SN_Xpath_Template.referenceSelector3","insideFormGroup":false,"attributePath":"XLSReport.MxXPath/XLSReport.MxXPath_MxObjectType/MxModelReflection.MxObjectType/CompleteName","readOnlyStyle":"text","attributePath":"XLSReport.MxXPath/XLSReport.MxXPath_MxObjectType/MxModelReflection.MxObjectType/CompleteName","datasource":{"friendlyId":"XLSReport.SN_Xpath_Template.referenceSelector3","type":"xpath","path":"MxModelReflection.MxObjectType","constrainedBy":["XLSReport.MxXPath/XLSReport.MxXPath_MxObjectReference/MxModelReflection.MxObjectReference/MxModelReflection.MxObjectReference_MxObjectType/MxModelReflection.MxObjectType"],"sort":[["CompleteName","asc"]]},"events":{"change":{"name":"XLSReport.OCh_XPath_Refresh","validate":"node","applyTo":"selection","allowedRoles":["Administrator"]}},"validation":null,"emptyOptionCaption":""' class='mx-name-referenceSelector3' tabindex='0'></div></td></tr></tbody></table><div data-mendix-id='110_80_111_115_118' data-mendix-type='mxui.widget.DataView' data-mendix-props='"friendlyId":"XLSReport.SN_Xpath_3.dataView2","entity":"XLSReport.MxXPath","schema":"93309e58-07a0-4d96-acf8-4c8ac22cbd1c","datasource":{"friendlyId":"XLSReport.SN_Xpath_3.dataView2","type":"direct","path":"XLSReport.MxXPath_ParentMxXPath/XLSReport.MxXPath"},"conditions":{"110_80_111_115_119_121_106":{"visible":{"type":"function","name":"=","parameters":[{"type":"variable","variable":"currentObject","path":"RetrieveType"},{"type":"literal","value":"Attribute"}]}},"110_80_111_115_119_121_107":{"visible":{"type":"function","name":"=","parameters":[{"type":"variable","variable":"currentObject","path":"RetrieveType"},{"type":"literal","value":"Attribute"}]}},"110_80_111_115_119_121_108":{"visible":{"type":"function","name":"=","parameters":[{"type":"variable","variable":"currentObject","path":"RetrieveType"},{"type":"literal","value":"Reference"}]}},"110_80_111_115_119_121_109":{"visible":{"type":"function","name":"=","parameters":[{"type":"variable","variable":"currentObject","path":"RetrieveType"},{"type":"literal","value":"Reference"}]}},"110_80_111_115_119_122":{"visible":{"type":"variable","variable":"currentObject","path":"SubVisible"}}}' class='mx-name-dataView2' tabindex='0'></div></m:template><m:template widget-id='110_80_111_115_118' name='content'><table class='mx-table mx-name-table1'><colgroup><col style='width:25%'></col><col style='width:75%'></col></colgroup><tbody><tr><th><label class='mx-name-label1' data-mendix-id='110_80_111_115_119_121_85'>Retrieve type</label></th><td><div data-mendix-id='110_80_111_115_119_121_87' data-mendix-type='mxui.widget.EnumSelect' data-mendix-props='"friendlyId":"XLSReport.SN_Xpath_Template.dropDown1","insideFormGroup":false,"attributePath":"XLSReport.MxXPath/RetrieveType","readOnlyStyle":"text","validation":null,"events":{"change":{"name":"XLSReport.OCh_Xpath_RetrieveType","validate":"node","applyTo":"selection","allowedRoles":["Administrator"]}},"emptyOptionCaption":""' class='mx-name-dropDown1' tabindex='0'></div></td></tr><tr data-mendix-id='110_80_111_115_119_121_106'><th><label class='mx-name-label2' data-mendix-id='110_80_111_115_119_121_89'>Select attribute</label></th><td><div data-mendix-id='110_80_111_115_119_121_91' data-mendix-type='mxui.widget.ReferenceSelector' data-mendix-props='"friendlyId":"XLSReport.SN_Xpath_Template.referenceSelector1","insideFormGroup":false,"attributePath":"XLSReport.MxXPath/XLSReport.MxXPath_MxObjectMember/MxModelReflection.MxObjectMember/AttributeName","readOnlyStyle":"text","attributePath":"XLSReport.MxXPath/XLSReport.MxXPath_MxObjectMember/MxModelReflection.MxObjectMember/AttributeName","datasource":{"friendlyId":"XLSReport.SN_Xpath_Template.referenceSelector1","type":"microflow","microflow":"XLSReport.DS_Attribute","path":"MxModelReflection.MxObjectMember"},"validation":null,"emptyOptionCaption":""' class='mx-name-referenceSelector1' tabindex='0'></div></td></tr><tr data-mendix-id='110_80_111_115_119_121_107'><td></td><td><label class='mx-name-label5' data-mendix-id='110_80_111_115_119_121_94'>Virtual attributes can't be used, because those attributes can't be retrieved with OQL</label></td></tr><tr data-mendix-id='110_80_111_115_119_121_108'><th><label class='mx-name-label3' data-mendix-id='110_80_111_115_119_121_96'>Select reference</label></th><td><div data-mendix-id='110_80_111_115_119_121_98' data-mendix-type='mxui.widget.ReferenceSelector' data-mendix-props='"friendlyId":"XLSReport.SN_Xpath_Template.referenceSelector2","insideFormGroup":false,"attributePath":"XLSReport.MxXPath/XLSReport.MxXPath_MxObjectReference/MxModelReflection.MxObjectReference/CompleteName","readOnlyStyle":"text","attributePath":"XLSReport.MxXPath/XLSReport.MxXPath_MxObjectReference/MxModelReflection.MxObjectReference/CompleteName","datasource":{"friendlyId":"XLSReport.SN_Xpath_Template.referenceSelector2","type":"microflow","microflow":"XLSReport.DS_Reference","path":"MxModelReflection.MxObjectReference"},"validation":null,"emptyOptionCaption":""' class='mx-name-referenceSelector2' tabindex='0'></div></td></tr><tr data-mendix-id='110_80_111_115_119_121_109'><th><label class='mx-name-label4' data-mendix-id='110_80_111_115_119_121_100'>Select object</label></th><td><div data-mendix-id='110_80_111_115_119_121_102' data-mendix-type='mxui.widget.ReferenceSelector' data-mendix-props='"friendlyId":"XLSReport.SN_Xpath_Template.referenceSelector3","insideFormGroup":false,"attributePath":"XLSReport.MxXPath/XLSReport.MxXPath_MxObjectType/MxModelReflection.MxObjectType/CompleteName","readOnlyStyle":"text","attributePath":"XLSReport.MxXPath/XLSReport.MxXPath_MxObjectType/MxModelReflection.MxObjectType/CompleteName","datasource":{"friendlyId":"XLSReport.SN_Xpath_Template.referenceSelector3","type":"xpath","path":"MxModelReflection.MxObjectType","constrainedBy":["XLSReport.MxXPath/XLSReport.MxXPath_MxObjectReference/MxModelReflection.MxObjectReference/MxModelReflection.MxObjectReference_MxObjectType/MxModelReflection.MxObjectType"],"sort":[["CompleteName","asc"]]},"events":{"change":{"name":"XLSReport.OCh_XPath_Refresh","validate":"node","applyTo":"selection","allowedRoles":["Administrator"]}},"validation":null,"emptyOptionCaption":""' class='mx-name-referenceSelector3' tabindex='0'></div></td></tr></tbody></table><div data-mendix-id='110_80_111_115_119_122' data-mendix-type='mxui.widget.DataView' data-mendix-props='"friendlyId":"XLSReport.SN_Xpath_4.dataView2","entity":"XLSReport.MxXPath","schema":"c8f61a38-51f0-44bb-8168-39c37b0061fa","datasource":{"friendlyId":"XLSReport.SN_Xpath_4.dataView2","type":"direct","path":"XLSReport.MxXPath_ParentMxXPath/XLSReport.MxXPath"},"conditions":{"110_80_111_115_119_123_125_106":{"visible":{"type":"function","name":"=","parameters":[{"type":"variable","variable":"currentObject","path":"RetrieveType"},{"type":"literal","value":"Attribute"}]}},"110_80_111_115_119_123_125_107":{"visible":{"type":"function","name":"=","parameters":[{"type":"variable","variable":"currentObject","path":"RetrieveType"},{"type":"literal","value":"Attribute"}]}},"110_80_111_115_119_123_125_108":{"visible":{"type":"function","name":"=","parameters":[{"type":"variable","variable":"currentObject","path":"RetrieveType"},{"type":"literal","value":"Reference"}]}},"110_80_111_115_119_123_125_109":{"visible":{"type":"function","name":"=","parameters":[{"type":"variable","variable":"currentObject","path":"RetrieveType"},{"type":"literal","value":"Reference"}]}},"110_80_111_115_119_123_126":{"visible":{"type":"variable","variable":"currentObject","path":"SubVisible"}}}' class='mx-name-dataView2' tabindex='0'></div></m:template><m:template widget-id='110_80_111_115_119_122' name='content'><table class='mx-table mx-name-table1'><colgroup><col style='width:25%'></col><col style='width:75%'></col></colgroup><tbody><tr><th><label class='mx-name-label1' data-mendix-id='110_80_111_115_119_123_125_85'>Retrieve type</label></th><td><div data-mendix-id='110_80_111_115_119_123_125_87' data-mendix-type='mxui.widget.EnumSelect' data-mendix-props='"friendlyId":"XLSReport.SN_Xpath_Template.dropDown1","insideFormGroup":false,"attributePath":"XLSReport.MxXPath/RetrieveType","readOnlyStyle":"text","validation":null,"events":{"change":{"name":"XLSReport.OCh_Xpath_RetrieveType","validate":"node","applyTo":"selection","allowedRoles":["Administrator"]}},"emptyOptionCaption":""' class='mx-name-dropDown1' tabindex='0'></div></td></tr><tr data-mendix-id='110_80_111_115_119_123_125_106'><th><label class='mx-name-label2' data-mendix-id='110_80_111_115_119_123_125_89'>Select attribute</label></th><td><div data-mendix-id='110_80_111_115_119_123_125_91' data-mendix-type='mxui.widget.ReferenceSelector' data-mendix-props='"friendlyId":"XLSReport.SN_Xpath_Template.referenceSelector1","insideFormGroup":false,"attributePath":"XLSReport.MxXPath/XLSReport.MxXPath_MxObjectMember/MxModelReflection.MxObjectMember/AttributeName","readOnlyStyle":"text","attributePath":"XLSReport.MxXPath/XLSReport.MxXPath_MxObjectMember/MxModelReflection.MxObjectMember/AttributeName","datasource":{"friendlyId":"XLSReport.SN_Xpath_Template.referenceSelector1","type":"microflow","microflow":"XLSReport.DS_Attribute","path":"MxModelReflection.MxObjectMember"},"validation":null,"emptyOptionCaption":""' class='mx-name-referenceSelector1' tabindex='0'></div></td></tr><tr data-mendix-id='110_80_111_115_119_123_125_107'><td></td><td><label class='mx-name-label5' data-mendix-id='110_80_111_115_119_123_125_94'>Virtual attributes can't be used, because those attributes can't be retrieved with OQL</label></td></tr><tr data-mendix-id='110_80_111_115_119_123_125_108'><th><label class='mx-name-label3' data-mendix-id='110_80_111_115_119_123_125_96'>Select reference</label></th><td><div data-mendix-id='110_80_111_115_119_123_125_98' data-mendix-type='mxui.widget.ReferenceSelector' data-mendix-props='"friendlyId":"XLSReport.SN_Xpath_Template.referenceSelector2","insideFormGroup":false,"attributePath":"XLSReport.MxXPath/XLSReport.MxXPath_MxObjectReference/MxModelReflection.MxObjectReference/CompleteName","readOnlyStyle":"text","attributePath":"XLSReport.MxXPath/XLSReport.MxXPath_MxObjectReference/MxModelReflection.MxObjectReference/CompleteName","datasource":{"friendlyId":"XLSReport.SN_Xpath_Template.referenceSelector2","type":"microflow","microflow":"XLSReport.DS_Reference","path":"MxModelReflection.MxObjectReference"},"validation":null,"emptyOptionCaption":""' class='mx-name-referenceSelector2' tabindex='0'></div></td></tr><tr data-mendix-id='110_80_111_115_119_123_125_109'><th><label class='mx-name-label4' data-mendix-id='110_80_111_115_119_123_125_100'>Select object</label></th><td><div data-mendix-id='110_80_111_115_119_123_125_102' data-mendix-type='mxui.widget.ReferenceSelector' data-mendix-props='"friendlyId":"XLSReport.SN_Xpath_Template.referenceSelector3","insideFormGroup":false,"attributePath":"XLSReport.MxXPath/XLSReport.MxXPath_MxObjectType/MxModelReflection.MxObjectType/CompleteName","readOnlyStyle":"text","attributePath":"XLSReport.MxXPath/XLSReport.MxXPath_MxObjectType/MxModelReflection.MxObjectType/CompleteName","datasource":{"friendlyId":"XLSReport.SN_Xpath_Template.referenceSelector3","type":"xpath","path":"MxModelReflection.MxObjectType","constrainedBy":["XLSReport.MxXPath/XLSReport.MxXPath_MxObjectReference/MxModelReflection.MxObjectReference/MxModelReflection.MxObjectReference_MxObjectType/MxModelReflection.MxObjectType"],"sort":[["CompleteName","asc"]]},"events":{"change":{"name":"XLSReport.OCh_XPath_Refresh","validate":"node","applyTo":"selection","allowedRoles":["Administrator"]}},"validation":null,"emptyOptionCaption":""' class='mx-name-referenceSelector3' tabindex='0'></div></td></tr></tbody></table><div data-mendix-id='110_80_111_115_119_123_126' data-mendix-type='mxui.widget.DataView' data-mendix-props='"friendlyId":"XLSReport.SN_Xpath_5.dataView2","entity":"XLSReport.MxXPath","schema":"839ce520-0ede-4a68-ad88-f6aa3ea1b891","datasource":{"friendlyId":"XLSReport.SN_Xpath_5.dataView2","type":"direct","path":"XLSReport.MxXPath_ParentMxXPath/XLSReport.MxXPath"},"conditions":{"110_80_111_115_119_123_127_106":{"visible":{"type":"function","name":"=","parameters":[{"type":"variable","variable":"currentObject","path":"RetrieveType"},{"type":"literal","value":"Attribute"}]}},"110_80_111_115_119_123_127_107":{"visible":{"type":"function","name":"=","parameters":[{"type":"variable","variable":"currentObject","path":"RetrieveType"},{"type":"literal","value":"Attribute"}]}},"110_80_111_115_119_123_127_108":{"visible":{"type":"function","name":"=","parameters":[{"type":"variable","variable":"currentObject","path":"RetrieveType"},{"type":"literal","value":"Reference"}]}},"110_80_111_115_119_123_127_109":{"visible":{"type":"function","name":"=","parameters":[{"type":"variable","variable":"currentObject","path":"RetrieveType"},{"type":"literal","value":"Reference"}]}}}' class='mx-name-dataView2' tabindex='0'></div></m:template><m:template widget-id='110_80_111_115_119_123_126' name='content'><table class='mx-table mx-name-table1'><colgroup><col style='width:25%'></col><col style='width:75%'></col></colgroup><tbody><tr><th><label class='mx-name-label1' data-mendix-id='110_80_111_115_119_123_127_85'>Retrieve type</label></th><td><div data-mendix-id='110_80_111_115_119_123_127_87' data-mendix-type='mxui.widget.EnumSelect' data-mendix-props='"friendlyId":"XLSReport.SN_Xpath_Template.dropDown1","insideFormGroup":false,"attributePath":"XLSReport.MxXPath/RetrieveType","readOnlyStyle":"text","validation":null,"events":{"change":{"name":"XLSReport.OCh_Xpath_RetrieveType","validate":"node","applyTo":"selection","allowedRoles":["Administrator"]}},"emptyOptionCaption":""' class='mx-name-dropDown1' tabindex='0'></div></td></tr><tr data-mendix-id='110_80_111_115_119_123_127_106'><th><label class='mx-name-label2' data-mendix-id='110_80_111_115_119_123_127_89'>Select attribute</label></th><td><div data-mendix-id='110_80_111_115_119_123_127_91' data-mendix-type='mxui.widget.ReferenceSelector' data-mendix-props='"friendlyId":"XLSReport.SN_Xpath_Template.referenceSelector1","insideFormGroup":false,"attributePath":"XLSReport.MxXPath/XLSReport.MxXPath_MxObjectMember/MxModelReflection.MxObjectMember/AttributeName","readOnlyStyle":"text","attributePath":"XLSReport.MxXPath/XLSReport.MxXPath_MxObjectMember/MxModelReflection.MxObjectMember/AttributeName","datasource":{"friendlyId":"XLSReport.SN_Xpath_Template.referenceSelector1","type":"microflow","microflow":"XLSReport.DS_Attribute","path":"MxModelReflection.MxObjectMember"},"validation":null,"emptyOptionCaption":""' class='mx-name-referenceSelector1' tabindex='0'></div></td></tr><tr data-mendix-id='110_80_111_115_119_123_127_107'><td></td><td><label class='mx-name-label5' data-mendix-id='110_80_111_115_119_123_127_94'>Virtual attributes can't be used, because those attributes can't be retrieved with OQL</label></td></tr><tr data-mendix-id='110_80_111_115_119_123_127_108'><th><label class='mx-name-label3' data-mendix-id='110_80_111_115_119_123_127_96'>Select reference</label></th><td><div data-mendix-id='110_80_111_115_119_123_127_98' data-mendix-type='mxui.widget.ReferenceSelector' data-mendix-props='"friendlyId":"XLSReport.SN_Xpath_Template.referenceSelector2","insideFormGroup":false,"attributePath":"XLSReport.MxXPath/XLSReport.MxXPath_MxObjectReference/MxModelReflection.MxObjectReference/CompleteName","readOnlyStyle":"text","attributePath":"XLSReport.MxXPath/XLSReport.MxXPath_MxObjectReference/MxModelReflection.MxObjectReference/CompleteName","datasource":{"friendlyId":"XLSReport.SN_Xpath_Template.referenceSelector2","type":"microflow","microflow":"XLSReport.DS_Reference","path":"MxModelReflection.MxObjectReference"},"validation":null,"emptyOptionCaption":""' class='mx-name-referenceSelector2' tabindex='0'></div></td></tr><tr data-mendix-id='110_80_111_115_119_123_127_109'><th><label class='mx-name-label4' data-mendix-id='110_80_111_115_119_123_127_100'>Select object</label></th><td><div data-mendix-id='110_80_111_115_119_123_127_102' data-mendix-type='mxui.widget.ReferenceSelector' data-mendix-props='"friendlyId":"XLSReport.SN_Xpath_Template.referenceSelector3","insideFormGroup":false,"attributePath":"XLSReport.MxXPath/XLSReport.MxXPath_MxObjectType/MxModelReflection.MxObjectType/CompleteName","readOnlyStyle":"text","attributePath":"XLSReport.MxXPath/XLSReport.MxXPath_MxObjectType/MxModelReflection.MxObjectType/CompleteName","datasource":{"friendlyId":"XLSReport.SN_Xpath_Template.referenceSelector3","type":"xpath","path":"MxModelReflection.MxObjectType","constrainedBy":["XLSReport.MxXPath/XLSReport.MxXPath_MxObjectReference/MxModelReflection.MxObjectReference/MxModelReflection.MxObjectReference_MxObjectType/MxModelReflection.MxObjectType"],"sort":[["CompleteName","asc"]]},"events":{"change":{"name":"XLSReport.OCh_XPath_Refresh","validate":"node","applyTo":"selection","allowedRoles":["Administrator"]}},"validation":null,"emptyOptionCaption":""' class='mx-name-referenceSelector3' tabindex='0'></div></td></tr></tbody></table></m:template></m:templates></m:page>