﻿<?xml version='1.0' encoding='utf-8'?><m:page id='b4c8a7ee-54d2-4247-9b48-62628f20fe48' xmlns='http://www.w3.org/1999/xhtml' title='Select an objecttype' xmlns:m='http://schemas.mendix.com/forms/1.0'><m:layouts><m:layout path='XLSReport/PopupLayout.layout.xml'></m:layout></m:layouts><m:arguments><m:argument parameterName='64e38021-d2bb-4b3d-b75c-6321c7b57eb0'><div data-mendix-id='116_2' data-mendix-type='mxui.widget.DataGrid' data-mendix-props='"friendlyId":"XLSReport.MxObjectType_Select.grid1","entity":"MxModelReflection.MxObjectType","schema":"019af28e-03a5-4bef-9907-407c576d0cdb","config":{"locale":"en_US","gridType":"Standalone","gridpresentation":{"rows":20,"columns":1,"controlbar":true,"pagingbar":true,"sortparams":[["Module","asc"],["Name","asc"]],"searchbar":true,"waitforsearch":false,"selectionmode":"single","editable":false,"sortable":true,"refresh":0,"selectfirst":false,"showemptyrows":false},"datasource":{"friendlyId":"XLSReport.MxObjectType_Select.grid1","type":"xpath","path":"MxModelReflection.MxObjectType"},"searchOptions":{"searchBar":true,"toggleable":false,"toggledByDefault":false},"searchElements":[{"searchInputName":"searchField1","defaults":null,"defaultsParser":"Simple","caption":"Module","path":"Module","operator":"contains"},{"searchInputName":"searchField2","defaults":null,"defaultsParser":"Simple","caption":"Object name","path":"Name","operator":"contains"}],"controlBar":{"gridTools":[{"mxid":"116_0","friendlyId":"XLSReport.MxObjectType_Select.selectButton1","name":"selectButton1","caption":{"$type":"textTemplate","text":"Select","friendlyId":"XLSReport.MxObjectType_Select.selectButton1"},"title":"","iconUrl":"img/System$Select.png?636468842603385563","cssClass":"btn-default"},{"mxid":"116_1","friendlyId":"XLSReport.MxObjectType_Select.editButton1","name":"editButton1","caption":{"$type":"textTemplate","text":"View","friendlyId":"XLSReport.MxObjectType_Select.editButton1"},"title":"","iconUrl":"img/MxModelReflection$Edit.png?636468842603385563","cssClass":"btn-default","visibleForRoles":["Administrator","User"]}],"gridActions":[{"keyValue":"116_0","gridFunction":"ReturnSelection"},{"keyValue":"116_1","gridFunction":"EditSelection","params":{"MxModelReflection.MxObjectType":{"pageSettings":{"path":"MxModelReflection/MxObject_Details.page.xml","title":"View details","location":"popup","width":1000,"resizable":true,"allowedRoles":["Administrator","User"]}}}}]},"defaultButton":{"clickType":"double","mxid":"116_0"},"griddata":[{"tag":"Module","name":"column1","editable":false,"render":"String","display":{"width":"50%","string":"Module"}},{"tag":"Name","name":"column2","editable":false,"render":"String","display":{"width":"50%","string":"Object name"}}],"plugins":{}}' class='mx-datagrid mx-name-grid1' tabindex='0'></div></m:argument></m:arguments></m:page>