﻿<?xml version='1.0' encoding='utf-8'?><m:page id='06c92388-0386-4995-bc86-514d1e7ebfb4' xmlns='http://www.w3.org/1999/xhtml' title='Select an object member' xmlns:m='http://schemas.mendix.com/forms/1.0'><m:layouts><m:layout path='XLSReport/PopupLayout.layout.xml'></m:layout></m:layouts><m:arguments><m:argument parameterName='64e38021-d2bb-4b3d-b75c-6321c7b57eb0'><div data-mendix-id='115_1' data-mendix-type='mxui.widget.DataGrid' data-mendix-props='"friendlyId":"XLSReport.MxObjectMember_Select.grid1","entity":"MxModelReflection.MxObjectMember","schema":"9eb8207b-d31a-47d9-9b3d-d51adfb52d42","config":{"locale":"en_US","gridType":"Standalone","gridpresentation":{"rows":20,"columns":1,"controlbar":true,"pagingbar":true,"sortparams":[["AttributeName","asc"]],"searchbar":true,"waitforsearch":false,"selectionmode":"single","editable":false,"sortable":true,"refresh":0,"selectfirst":false,"showemptyrows":false},"datasource":{"friendlyId":"XLSReport.MxObjectMember_Select.grid1","type":"xpath","path":"MxModelReflection.MxObjectMember"},"searchOptions":{"searchBar":true,"toggleable":false,"toggledByDefault":false},"searchElements":[{"searchInputName":"searchField1","defaults":null,"defaultsParser":"Simple","caption":"Member name","path":"AttributeName","operator":"contains"},{"searchInputName":"searchField2","defaults":null,"defaultsParser":"Simple","caption":"Type","path":"MxModelReflection.MxObjectMember_Type/MxModelReflection.ValueType/Name","operator":"contains"}],"controlBar":{"gridTools":[{"mxid":"115_0","friendlyId":"XLSReport.MxObjectMember_Select.selectButton1","name":"selectButton1","caption":{"$type":"textTemplate","text":"Select","friendlyId":"XLSReport.MxObjectMember_Select.selectButton1"},"title":"","iconUrl":"img/System$Select.png?636468842603385563","cssClass":"btn-default"}],"gridActions":[{"keyValue":"115_0","gridFunction":"ReturnSelection"}]},"defaultButton":{"clickType":"double","mxid":"115_0"},"griddata":[{"tag":"AttributeName","name":"column1","editable":false,"render":"String","display":{"width":"30%","string":"Member name"}},{"tag":"MxModelReflection.MxObjectMember_Type/MxModelReflection.ValueType/Name","name":"column2","editable":false,"render":"String","display":{"width":"35%","string":"Type"}},{"tag":"MxModelReflection.MxObjectMember_MxObjectType/MxModelReflection.MxObjectType/CompleteName","name":"column3","editable":false,"render":"String","display":{"width":"35%","string":"Object"}}],"plugins":{}}' class='mx-datagrid mx-name-grid1' tabindex='0'></div></m:argument></m:arguments></m:page>