﻿<?xml version='1.0' encoding='utf-8'?><m:page id='a8c4c021-95a9-4dd2-84eb-8d19ef509b0d' xmlns='http://www.w3.org/1999/xhtml' title='Edit Mx Reference Handling' closeButton='104_0' xmlns:m='http://schemas.mendix.com/forms/1.0'><m:layouts><m:layout path='XLSReport/PopupLayout.layout.xml'></m:layout></m:layouts><m:arguments><m:argument parameterName='64e38021-d2bb-4b3d-b75c-6321c7b57eb0'><div data-mendix-id='104_1' data-mendix-type='mxui.widget.DataView' data-mendix-props='"friendlyId":"XLSReport.MxReferenceHandling_NewEdit.dataView1","entity":"XLSReport.MxReferenceHandling","schema":"7db573c5-6226-4bc9-bae9-9e55823ef9a2","datasource":{"friendlyId":"XLSReport.MxReferenceHandling_NewEdit.dataView1","type":"direct","path":"XLSReport.MxReferenceHandling"}' class='mx-name-dataView1' tabindex='0'></div></m:argument></m:arguments><m:templates><m:template widget-id='104_1' name='content'><table class='mx-table mx-name-table1'><colgroup><col style='width:20%'></col><col style='width:30%'></col><col style='width:20%'></col><col style='width:30%'></col></colgroup><tbody><tr><th><label class='mx-name-label2' data-mendix-id='104_4'>Reference</label></th><td><div data-mendix-id='104_6' data-mendix-type='mxui.widget.TextInput' data-mendix-props='"friendlyId":"XLSReport.MxReferenceHandling_NewEdit.textBox1","readOnly":true,"insideFormGroup":false,"attributePath":"XLSReport.MxReferenceHandling/Reference","readOnlyStyle":"text","validation":null,"placeholder":"","maxLength":200' class='mx-name-textBox1' tabindex='0'></div></td><th><label class='mx-name-label1' data-mendix-id='104_8'>JOIN type</label></th><td><div data-mendix-id='104_10' data-mendix-type='mxui.widget.EnumSelect' data-mendix-props='"friendlyId":"XLSReport.MxReferenceHandling_NewEdit.dropDown1","insideFormGroup":false,"attributePath":"XLSReport.MxReferenceHandling/JoinType","readOnlyStyle":"text","validation":{"message":"The JOIN type is required","expression":{"type":"function","name":"!=","parameters":[{"type":"variable","variable":"value","path":null},{"type":"literal","value":null}]}},"emptyOptionCaption":""' class='mx-name-dropDown1' tabindex='0'></div></td></tr></tbody></table></m:template><m:template widget-id='104_1' name='footer'><div data-mendix-id='104_17' data-mendix-type='mxui.widget.ActionButton' data-mendix-props='"friendlyId":"XLSReport.MxReferenceHandling_NewEdit.saveButton1","caption":{"$type":"textTemplate","text":"Save","friendlyId":"XLSReport.MxReferenceHandling_NewEdit.saveButton1"},"iconUrl":"img/System$Save.png?636468842603385563","renderType":"button","action":{"type":"saveChanges","hasParameter":true,"params":{"closePage":true}}' class='mx-name-saveButton1 btn-default' tabindex='0'></div><div data-mendix-id='104_0' data-mendix-type='mxui.widget.ActionButton' data-mendix-props='"friendlyId":"XLSReport.MxReferenceHandling_NewEdit.cancelButton1","caption":{"$type":"textTemplate","text":"Cancel","friendlyId":"XLSReport.MxReferenceHandling_NewEdit.cancelButton1"},"iconUrl":"img/System$Cancel.png?636468842603385563","renderType":"button","action":{"type":"cancelChanges","hasParameter":false,"params":{"closePage":true}}' class='mx-name-cancelButton1 btn-default' tabindex='0'></div></m:template></m:templates></m:page>