﻿<?xml version='1.0' encoding='utf-8'?><m:page id='0c5cbd9d-0a03-4399-b3f7-de2ada91e94d' xmlns='http://www.w3.org/1999/xhtml' title='Edit Mx row settings' closeButton='107_0' xmlns:m='http://schemas.mendix.com/forms/1.0'><m:layouts><m:layout path='XLSReport/PopupLayout.layout.xml'></m:layout></m:layouts><m:arguments><m:argument parameterName='64e38021-d2bb-4b3d-b75c-6321c7b57eb0'><div data-mendix-id='107_1' data-mendix-type='mxui.widget.DataView' data-mendix-props='"friendlyId":"XLSReport.MxRowSettings_NewEdit.dataView1","entity":"XLSReport.MxRowSettings","schema":"d9f8173e-ce85-4bdc-864c-8cc4b30717e6","datasource":{"friendlyId":"XLSReport.MxRowSettings_NewEdit.dataView1","type":"direct","path":"XLSReport.MxRowSettings"},"conditions":{"107_19":{"visible":{"type":"function","name":"not","parameters":[{"type":"variable","variable":"currentObject","path":"DefaultHeight"}]}}}' class='mx-name-dataView1' tabindex='0'></div></m:argument></m:arguments><m:templates><m:template widget-id='107_1' name='content'><table class='mx-table mx-name-table1'><colgroup><col style='width:25%'></col><col style='width:75%'></col></colgroup><tbody><tr><th><label class='mx-name-label3' data-mendix-id='107_4'>Row number</label></th><td><div data-mendix-id='107_6' data-mendix-type='mxui.widget.NumberInput' data-mendix-props='"friendlyId":"XLSReport.MxRowSettings_NewEdit.textBox2","insideFormGroup":false,"attributePath":"XLSReport.MxRowSettings/RowIndex","readOnlyStyle":"text","validation":{"message":"The row number is required","expression":{"type":"function","name":"!=","parameters":[{"type":"variable","variable":"value","path":null},{"type":"literal","value":null}]}},"placeholder":""' class='mx-name-textBox2' tabindex='0'></div></td></tr><tr><th><label class='mx-name-label2' data-mendix-id='107_8'>Automatic height</label></th><td><div data-mendix-id='107_10' data-mendix-type='mxui.widget.BoolSelect' data-mendix-props='"friendlyId":"XLSReport.MxRowSettings_NewEdit.checkBox1","insideFormGroup":false,"attributePath":"XLSReport.MxRowSettings/DefaultHeight","readOnlyStyle":"text","validation":null' class='mx-name-checkBox1' tabindex='0'></div></td></tr><tr data-mendix-id='107_19'><th><label class='mx-name-label1' data-mendix-id='107_12'>Row height</label></th><td><div data-mendix-id='107_14' data-mendix-type='mxui.widget.NumberInput' data-mendix-props='"friendlyId":"XLSReport.MxRowSettings_NewEdit.textBox1","insideFormGroup":false,"attributePath":"XLSReport.MxRowSettings/RowHeight","readOnlyStyle":"text","validation":null,"placeholder":""' class='mx-name-textBox1' tabindex='0'></div></td></tr></tbody></table></m:template><m:template widget-id='107_1' name='footer'><div data-mendix-id='107_21' data-mendix-type='mxui.widget.ActionButton' data-mendix-props='"friendlyId":"XLSReport.MxRowSettings_NewEdit.saveButton1","caption":{"$type":"textTemplate","text":"Save","friendlyId":"XLSReport.MxRowSettings_NewEdit.saveButton1"},"iconUrl":"img/System$Save.png?636468842603385563","renderType":"button","action":{"type":"saveChanges","hasParameter":true,"params":{"closePage":false}}' class='mx-name-saveButton1 btn-default' tabindex='0'></div><div data-mendix-id='107_0' data-mendix-type='mxui.widget.ActionButton' data-mendix-props='"friendlyId":"XLSReport.MxRowSettings_NewEdit.cancelButton1","caption":{"$type":"textTemplate","text":"Cancel","friendlyId":"XLSReport.MxRowSettings_NewEdit.cancelButton1"},"iconUrl":"img/System$Cancel.png?636468842603385563","renderType":"button","action":{"type":"cancelChanges","hasParameter":false,"params":{"closePage":false}}' class='mx-name-cancelButton1 btn-default' tabindex='0'></div></m:template></m:templates></m:page>