﻿<?xml version='1.0' encoding='utf-8'?><m:page id='f2d4c32b-0c59-481c-ac4e-99b1b5b4a058' xmlns='http://www.w3.org/1999/xhtml' title='Edit sheet' class='navlayout-topbar' xmlns:m='http://schemas.mendix.com/forms/1.0'><m:layouts><m:layout path='XLSReport/DesktopLayout.layout.xml'></m:layout><m:layout path='XLSReport/TopBar.layout.xml'></m:layout></m:layouts><m:arguments><m:argument parameterName='61b51089-3319-4193-af5b-b88b383919e4'><div data-mendix-id='105_0' data-mendix-type='mxui.widget.DataView' data-mendix-props='"friendlyId":"XLSReport.MxSheet_NewEdit.dataView1","entity":"XLSReport.MxSheet","schema":"2bca96c4-209b-4bce-aabd-38eebd44a3c0","datasource":{"friendlyId":"XLSReport.MxSheet_NewEdit.dataView1","type":"direct","path":"XLSReport.MxSheet"},"conditions":{"105_63":{"visible":{"type":"function","name":"not","parameters":[{"type":"variable","variable":"currentObject","path":"ColumnWidthDefault"}]}},"105_65":{"visible":{"type":"function","name":"not","parameters":[{"type":"variable","variable":"currentObject","path":"RowHeightDefault"}]}},"105_84":{"visible":{"type":"variable","variable":"currentObject","path":"DataUsage"}},"105_225":{"visible":{"type":"variable","variable":"currentObject","path":"FormLayout_GroupBy"}}}' class='mx-name-dataView1' tabindex='0'></div></m:argument></m:arguments><m:templates><m:template widget-id='105_0' name='content'><table class='mx-table mx-name-table1'><colgroup><col style='width:20%'></col><col style='width:30%'></col><col style='width:20%'></col><col style='width:30%'></col></colgroup><tbody><tr><th><label class='mx-name-label3' data-mendix-id='105_3'>Name</label></th><td><div data-mendix-id='105_5' data-mendix-type='mxui.widget.TextInput' data-mendix-props='"friendlyId":"XLSReport.MxSheet_NewEdit.textBox1","insideFormGroup":false,"attributePath":"XLSReport.MxSheet/Name","readOnlyStyle":"text","validation":null,"placeholder":"","maxLength":200' class='mx-name-textBox1' tabindex='0'></div></td><th><label class='mx-name-label2' data-mendix-id='105_7'>Sequence</label></th><td><div data-mendix-id='105_9' data-mendix-type='mxui.widget.NumberInput' data-mendix-props='"friendlyId":"XLSReport.MxSheet_NewEdit.textBox2","readOnly":true,"insideFormGroup":false,"attributePath":"XLSReport.MxSheet/Sequence","readOnlyStyle":"text","validation":null,"placeholder":""' class='mx-name-textBox2' tabindex='0'></div></td></tr><tr><th><label class='mx-name-label6' data-mendix-id='105_11'>Row object</label></th><td><div data-mendix-id='105_13' data-mendix-type='mxui.widget.ReferenceSelector' data-mendix-props='"friendlyId":"XLSReport.MxSheet_NewEdit.referenceSelector1","insideFormGroup":false,"attributePath":"XLSReport.MxSheet/XLSReport.MxSheet_RowObject/MxModelReflection.MxObjectType/CompleteName","readOnlyStyle":"text","attributePath":"XLSReport.MxSheet/XLSReport.MxSheet_RowObject/MxModelReflection.MxObjectType/CompleteName","datasource":{"friendlyId":"XLSReport.MxSheet_NewEdit.referenceSelector1","type":"xpath","path":"MxModelReflection.MxObjectType","constrainedBy":[],"sort":[["CompleteName","asc"]]},"selectPageSettings":{"path":"XLSReport/MxObjectType_Select.page.xml","location":"modal","resizable":true},"events":{"change":{"name":"XLSReport.OCh_Sheet_Object","validate":"node","applyTo":"selection","allowedRoles":["Administrator"]}},"validation":null,"emptyOptionCaption":""' class='mx-name-referenceSelector1' tabindex='0'></div></td><td></td><td></td></tr><tr><th><label class='mx-name-label9' data-mendix-id='105_17'>Reference to template input object</label></th><td><div data-mendix-id='105_19' data-mendix-type='mxui.widget.ReferenceSelector' data-mendix-props='"friendlyId":"XLSReport.MxSheet_NewEdit.referenceSelector2","insideFormGroup":false,"attributePath":"XLSReport.MxSheet/XLSReport.MxSheet_MxObjectReference/MxModelReflection.MxObjectReference/CompleteName","readOnlyStyle":"text","attributePath":"XLSReport.MxSheet/XLSReport.MxSheet_MxObjectReference/MxModelReflection.MxObjectReference/CompleteName","datasource":{"friendlyId":"XLSReport.MxSheet_NewEdit.referenceSelector2","type":"xpath","path":"MxModelReflection.MxObjectReference","constraint":"[MxModelReflection.MxObjectReference_MxObjectType/MxModelReflection.MxObjectType/XLSReport.MxSheet_RowObject = &apos;[%CurrentObject%]&apos;] [MxModelReflection.MxObjectReference_MxObjectType/MxModelReflection.MxObjectType/XLSReport.MxTemplate_InputObject/XLSReport.MxTemplate/XLSReport.MxSheet_Template = &apos;[%CurrentObject%]&apos;]","constrainedBy":["XLSReport.MxSheet/XLSReport.MxSheet_RowObject/MxModelReflection.MxObjectType/MxModelReflection.MxObjectReference_MxObjectType/MxModelReflection.MxObjectReference"],"sort":[["CompleteName","asc"]]},"selectPageSettings":{"path":"XLSReport/MxObjectReference_Select.page.xml","location":"modal","resizable":true},"events":{"change":{"name":"XLSReport.OCh_Sheet_Reference","validate":"node","applyTo":"selection","allowedRoles":["Administrator"]}},"validation":null,"emptyOptionCaption":""' class='mx-name-referenceSelector2' tabindex='0'></div></td><td></td><td></td></tr><tr><th><label class='mx-name-label14' data-mendix-id='105_23'>Sheet input object</label></th><td><div data-mendix-id='105_25' data-mendix-type='mxui.widget.TextInput' data-mendix-props='"friendlyId":"XLSReport.MxSheet_NewEdit.textBox5","readOnly":true,"insideFormGroup":false,"attributePath":"XLSReport.MxSheet/XLSReport.MxSheet_Template/XLSReport.MxTemplate/XLSReport.MxTemplate_InputObject/MxModelReflection.MxObjectType/CompleteName","readOnlyStyle":"text","validation":null,"placeholder":"","maxLength":200' class='mx-name-textBox5' tabindex='0'></div></td><td></td><td></td></tr><tr><th><label class='mx-name-label7' data-mendix-id='105_29'>Start retrieved data at row</label></th><td><div data-mendix-id='105_31' data-mendix-type='mxui.widget.NumberInput' data-mendix-props='"friendlyId":"XLSReport.MxSheet_NewEdit.textBox3","insideFormGroup":false,"attributePath":"XLSReport.MxSheet/StartRow","readOnlyStyle":"text","validation":null,"placeholder":""' class='mx-name-textBox3' tabindex='0'></div></td><td></td><td></td></tr><tr><th><label class='mx-name-label5' data-mendix-id='105_35'>Distinct duplicate data</label></th><td><div data-mendix-id='105_37' data-mendix-type='mxui.widget.BoolSelect' data-mendix-props='"friendlyId":"XLSReport.MxSheet_NewEdit.checkBox4","insideFormGroup":false,"attributePath":"XLSReport.MxSheet/DistinctData","readOnlyStyle":"text","validation":null' class='mx-name-checkBox4' tabindex='0'></div></td><th><label class='mx-name-label1' data-mendix-id='105_39'>Use static data</label></th><td><div data-mendix-id='105_41' data-mendix-type='mxui.widget.BoolSelect' data-mendix-props='"friendlyId":"XLSReport.MxSheet_NewEdit.checkBox1","insideFormGroup":false,"attributePath":"XLSReport.MxSheet/DataUsage","readOnlyStyle":"text","validation":null' class='mx-name-checkBox1' tabindex='0'></div></td></tr><tr><td class='nopadding ' colspan='2'><table class='mx-table mx-name-table3'><colgroup><col style='width:40%'></col><col style='width:60%'></col></colgroup><tbody><tr><th><label class='mx-name-label17' data-mendix-id='105_45'>Column default width</label></th><td><div data-mendix-id='105_47' data-mendix-type='mxui.widget.BoolSelect' data-mendix-props='"friendlyId":"XLSReport.MxSheet_NewEdit.checkBox2","insideFormGroup":false,"attributePath":"XLSReport.MxSheet/ColumnWidthDefault","readOnlyStyle":"text","validation":null' class='mx-name-checkBox2' tabindex='0'></div></td></tr><tr data-mendix-id='105_63'><th><label class='mx-name-label18' data-mendix-id='105_49'>Default column width in pixels</label></th><td><div data-mendix-id='105_51' data-mendix-type='mxui.widget.NumberInput' data-mendix-props='"friendlyId":"XLSReport.MxSheet_NewEdit.textBox6","insideFormGroup":false,"attributePath":"XLSReport.MxSheet/ColumnWidthPixels","readOnlyStyle":"text","validation":null,"placeholder":""' class='mx-name-textBox6' tabindex='0'></div></td></tr><tr><th><label class='mx-name-label13' data-mendix-id='105_53'>Row default height</label></th><td><div data-mendix-id='105_55' data-mendix-type='mxui.widget.BoolSelect' data-mendix-props='"friendlyId":"XLSReport.MxSheet_NewEdit.checkBox3","insideFormGroup":false,"attributePath":"XLSReport.MxSheet/RowHeightDefault","readOnlyStyle":"text","validation":null' class='mx-name-checkBox3' tabindex='0'></div></td></tr><tr data-mendix-id='105_65'><th><label class='mx-name-label19' data-mendix-id='105_57'>Default row height in points</label></th><td><div data-mendix-id='105_59' data-mendix-type='mxui.widget.NumberInput' data-mendix-props='"friendlyId":"XLSReport.MxSheet_NewEdit.textBox7","insideFormGroup":false,"attributePath":"XLSReport.MxSheet/RowHeightPoint","readOnlyStyle":"text","validation":null,"placeholder":""' class='mx-name-textBox7' tabindex='0'></div></td></tr></tbody></table></td><td class='nopadding ' colspan='2'><table class='mx-table mx-name-table2'><colgroup><col style='width:40%'></col><col style='width:60%'></col></colgroup><tbody><tr><th><label class='mx-name-label8' data-mendix-id='105_69'>Default text style</label></th><td><div data-mendix-id='105_71' data-mendix-type='mxui.widget.ReferenceSelector' data-mendix-props='"friendlyId":"XLSReport.MxSheet_NewEdit.referenceSelector3","insideFormGroup":false,"attributePath":"XLSReport.MxSheet/XLSReport.MxSheet_DefaultStyle/XLSReport.MxCellStyle/Name","readOnlyStyle":"text","attributePath":"XLSReport.MxSheet/XLSReport.MxSheet_DefaultStyle/XLSReport.MxCellStyle/Name","datasource":{"friendlyId":"XLSReport.MxSheet_NewEdit.referenceSelector3","type":"xpath","path":"XLSReport.MxCellStyle","constrainedBy":["XLSReport.MxSheet/XLSReport.MxSheet_Template/XLSReport.MxTemplate/XLSReport.MxCellStyle_Template/XLSReport.MxCellStyle"],"sort":[["Name","asc"]]},"validation":null,"emptyOptionCaption":""' class='mx-name-referenceSelector3' tabindex='0'></div></td></tr><tr><th><label class='mx-name-label10' data-mendix-id='105_73'>Default header text style</label></th><td><div data-mendix-id='105_75' data-mendix-type='mxui.widget.ReferenceSelector' data-mendix-props='"friendlyId":"XLSReport.MxSheet_NewEdit.referenceSelector4","insideFormGroup":false,"attributePath":"XLSReport.MxSheet/XLSReport.MxSheet_HeaderStyle/XLSReport.MxCellStyle/Name","readOnlyStyle":"text","attributePath":"XLSReport.MxSheet/XLSReport.MxSheet_HeaderStyle/XLSReport.MxCellStyle/Name","datasource":{"friendlyId":"XLSReport.MxSheet_NewEdit.referenceSelector4","type":"xpath","path":"XLSReport.MxCellStyle","constrainedBy":["XLSReport.MxSheet/XLSReport.MxSheet_Template/XLSReport.MxTemplate/XLSReport.MxCellStyle_Template/XLSReport.MxCellStyle"],"sort":[["Name","asc"]]},"validation":null,"emptyOptionCaption":""' class='mx-name-referenceSelector4' tabindex='0'></div></td></tr></tbody></table></td></tr><tr data-mendix-id='105_225'><td colspan='4'><label class='mx-name-label11' data-mendix-id='105_81'>In 1 or more columns there is data aggregation. The effect is that the data will be grouped on the other columns.</label></td></tr><tr><td colspan='4'><div data-mendix-id='105_83' data-mendix-type='mxui.widget.TabContainer' data-mendix-props='"friendlyId":"XLSReport.MxSheet_NewEdit.tabControl1"' class='mx-name-tabControl1' tabindex='0'></div></td></tr></tbody></table></m:template><m:template widget-id='105_0' name='footer'><div data-mendix-id='105_228' data-mendix-type='mxui.widget.ActionButton' data-mendix-props='"friendlyId":"XLSReport.MxSheet_NewEdit.microflowButton1","caption":{"$type":"textTemplate","text":"Save","friendlyId":"XLSReport.MxSheet_NewEdit.microflowButton1"},"iconUrl":"img/System$Save.png?636468842603385563","renderType":"button","action":{"type":"callMicroflow","hasParameter":true,"params":{"name":"XLSReport.Sheet_Save","applyTo":"selection","allowedRoles":["Administrator"]}}' data-mendix-roles='Administrator' class='mx-name-microflowButton1 btn-default' tabindex='0'></div><div data-mendix-id='105_229' data-mendix-type='mxui.widget.ActionButton' data-mendix-props='"friendlyId":"XLSReport.MxSheet_NewEdit.cancelButton1","caption":{"$type":"textTemplate","text":"Cancel","friendlyId":"XLSReport.MxSheet_NewEdit.cancelButton1"},"iconUrl":"img/System$Cancel.png?636468842603385563","renderType":"button","action":{"type":"cancelChanges","hasParameter":false,"params":{"closePage":true}}' class='mx-name-cancelButton1 btn-default' tabindex='0'></div></m:template><m:template widget-id='105_83' name='pages'><div data-mendix-id='105_84' data-mendix-type='mxui.widget.TabContent' data-mendix-props='"title":"Static data","delayLoading":false,"tabName":"tabPage1"'></div><div data-mendix-id='105_104' data-mendix-type='mxui.widget.TabContent' data-mendix-props='"title":"Column data","delayLoading":true,"tabName":"tabPage2"'></div><div data-mendix-id='105_124' data-mendix-type='mxui.widget.TabContent' data-mendix-props='"title":"Associations, constraints and sorting","delayLoading":true,"tabName":"tabPage3"'></div><div data-mendix-id='105_176' data-mendix-type='mxui.widget.TabContent' data-mendix-props='"title":"Sheet preferences","delayLoading":true,"tabName":"tabPage4"'></div></m:template><m:template widget-id='105_84' name='content'><div data-mendix-id='105_85' data-mendix-type='mxui.widget.DataGrid' data-mendix-props='"friendlyId":"XLSReport.MxSheet_NewEdit.grid1","entity":"XLSReport.MxStatic","schema":"6f84e3cf-c1b6-4a0e-a58f-f3294d8c10ce","config":{"locale":"en_US","gridType":"Standalone","gridpresentation":{"rows":10,"columns":1,"controlbar":true,"pagingbar":true,"sortparams":[["RowPlace","asc"],["ColumnPlace","asc"]],"searchbar":true,"waitforsearch":false,"selectionmode":"single","editable":false,"sortable":true,"refresh":0,"selectfirst":false,"showemptyrows":false},"datasource":{"friendlyId":"XLSReport.MxSheet_NewEdit.grid1","type":"xpath","path":"XLSReport.MxData_MxSheet/XLSReport.MxStatic"},"searchOptions":{"searchBar":true,"toggleable":true,"toggledByDefault":true},"searchElements":[{"searchInputName":"searchField1","defaults":null,"defaultsParser":"Simple","caption":"Column place","path":"ColumnPlace","operator":"="},{"searchInputName":"searchField2","defaults":null,"defaultsParser":"Simple","caption":"Row place","path":"RowPlace","operator":"="},{"searchInputName":"searchField3","defaults":null,"defaultsParser":"Simple","caption":"Static type","path":"StaticType","operator":"=","retriever":"Enum"},{"searchInputName":"searchField4","defaults":null,"defaultsParser":"Simple","caption":"Name","path":"Name","operator":"contains"}],"controlBar":{"gridTools":[{"mxid":"105_94","friendlyId":"XLSReport.MxSheet_NewEdit.searchButton1","name":"searchButton1","caption":{"$type":"textTemplate","text":"Search","friendlyId":"XLSReport.MxSheet_NewEdit.searchButton1"},"title":"","iconUrl":"img/System$Search.png?636468842603385563","cssClass":"btn-default"},{"mxid":"105_95","friendlyId":"XLSReport.MxSheet_NewEdit.microflowButton2","name":"microflowButton2","caption":{"$type":"textTemplate","text":"New","friendlyId":"XLSReport.MxSheet_NewEdit.microflowButton2"},"title":"","iconUrl":"img/System$New.png?636468842603385563","cssClass":"btn-default","visibleForRoles":["Administrator"]},{"mxid":"105_96","friendlyId":"XLSReport.MxSheet_NewEdit.editButton1","name":"editButton1","caption":{"$type":"textTemplate","text":"Edit","friendlyId":"XLSReport.MxSheet_NewEdit.editButton1"},"title":"","iconUrl":"img/System$Edit.png?636468842603385563","cssClass":"btn-default","visibleForRoles":["Administrator"]},{"mxid":"105_97","friendlyId":"XLSReport.MxSheet_NewEdit.deleteButton1","name":"deleteButton1","caption":{"$type":"textTemplate","text":"Delete","friendlyId":"XLSReport.MxSheet_NewEdit.deleteButton1"},"title":"","iconUrl":"img/System$Delete.png?636468842603385563","cssClass":"btn-default"}],"gridActions":[{"keyValue":"105_94","gridFunction":"ToggleSearch"},{"keyValue":"105_95","gridFunction":"InvokeAction","params":{"XLSReport.MxStatic":{"action":{"type":"callMicroflow","hasParameter":false,"params":{"name":"XLSReport.Static_New","allowedRoles":["Administrator"]}},"maintainSelection":false}}},{"keyValue":"105_96","gridFunction":"EditSelection","params":{"XLSReport.MxStatic":{"pageSettings":{"path":"XLSReport/MxStatic_NewEdit.page.xml","location":"modal","resizable":true,"allowedRoles":["Administrator"]}}}},{"keyValue":"105_97","gridFunction":"DeleteSelection"}]},"defaultButton":{"clickType":"double","mxid":"105_96"},"griddata":[{"tag":"Status","name":"column1","editable":false,"render":"EnumIcon","display":{"width":"6%","string":"Status","mapping":{"Yes":"img/System$Completed.gif?636468842603385563","No":"img/System$Cancel.png?636468842603385563"}}},{"tag":"RowPlace","name":"column2","editable":false,"render":"Integer","display":{"width":"6%","string":"Row","align":"right","formatted":false}},{"tag":"ColumnPlace","name":"column3","editable":false,"render":"Integer","display":{"width":"7%","string":"Column","align":"right","formatted":false}},{"tag":"StaticType","name":"column4","editable":false,"render":"Enum","display":{"width":"11%","string":"Type"}},{"tag":"Name","name":"column5","editable":false,"render":"String","display":{"width":"22%","string":"Name"}},{"tag":"StaticType","name":"column6","editable":false,"render":"Enum","display":{"width":"24%","string":"Static type"}},{"tag":"XLSReport.MxData_MxCellStyle/XLSReport.MxCellStyle/Name","name":"column7","editable":false,"render":"String","display":{"width":"24%","string":"Style"}}],"plugins":{}}' class='mx-datagrid mx-name-grid1' tabindex='0'></div></m:template><m:template widget-id='105_104' name='content'><div data-mendix-id='105_105' data-mendix-type='mxui.widget.DataGrid' data-mendix-props='"friendlyId":"XLSReport.MxSheet_NewEdit.grid2","entity":"XLSReport.MxColumn","schema":"8838af19-d8a9-445e-91dc-497f014cc058","config":{"locale":"en_US","gridType":"Standalone","gridpresentation":{"rows":10,"columns":1,"controlbar":true,"pagingbar":true,"sortparams":[["ColumnNumber","asc"]],"searchbar":false,"waitforsearch":false,"selectionmode":"single","editable":false,"sortable":true,"refresh":0,"selectfirst":false,"showemptyrows":false},"datasource":{"friendlyId":"XLSReport.MxSheet_NewEdit.grid2","type":"xpath","path":"XLSReport.MxData_MxSheet/XLSReport.MxColumn"},"controlBar":{"gridTools":[{"mxid":"105_117","friendlyId":"XLSReport.MxSheet_NewEdit.microflowButton3","name":"microflowButton3","caption":{"$type":"textTemplate","text":"New","friendlyId":"XLSReport.MxSheet_NewEdit.microflowButton3"},"title":"","iconUrl":"img/System$New.png?636468842603385563","cssClass":"btn-default","visibleForRoles":["Administrator"]},{"mxid":"105_118","friendlyId":"XLSReport.MxSheet_NewEdit.editButton2","name":"editButton2","caption":{"$type":"textTemplate","text":"Edit","friendlyId":"XLSReport.MxSheet_NewEdit.editButton2"},"title":"","iconUrl":"img/System$Edit.png?636468842603385563","cssClass":"btn-default","visibleForRoles":["Administrator"]},{"mxid":"105_119","friendlyId":"XLSReport.MxSheet_NewEdit.microflowButton4","name":"microflowButton4","caption":{"$type":"textTemplate","text":"Delete","friendlyId":"XLSReport.MxSheet_NewEdit.microflowButton4"},"title":"","iconUrl":"img/System$Delete.png?636468842603385563","cssClass":"btn-default","visibleForRoles":["Administrator"]},{"mxid":"105_120","friendlyId":"XLSReport.MxSheet_NewEdit.microflowButton5","name":"microflowButton5","caption":{"$type":"textTemplate","text":" ","friendlyId":"XLSReport.MxSheet_NewEdit.microflowButton5"},"title":"","iconUrl":"img/XLSReport$arrow_up.gif?636468842603385563","cssClass":"btn-default","visibleForRoles":["Administrator"]},{"mxid":"105_121","friendlyId":"XLSReport.MxSheet_NewEdit.microflowButton6","name":"microflowButton6","caption":{"$type":"textTemplate","text":" ","friendlyId":"XLSReport.MxSheet_NewEdit.microflowButton6"},"title":"","iconUrl":"img/XLSReport$arrow_down.gif?636468842603385563","cssClass":"btn-default","visibleForRoles":["Administrator"]}],"gridActions":[{"keyValue":"105_117","gridFunction":"InvokeAction","params":{"XLSReport.MxColumn":{"action":{"type":"callMicroflow","hasParameter":false,"params":{"name":"XLSReport.IVK_Column_New","allowedRoles":["Administrator"]}},"maintainSelection":false}}},{"keyValue":"105_118","gridFunction":"EditSelection","params":{"XLSReport.MxColumn":{"pageSettings":{"path":"XLSReport/MxColumn_NewEdit.page.xml","location":"modal","resizable":true,"allowedRoles":["Administrator"]}}}},{"keyValue":"105_119","gridFunction":"InvokeAction","params":{"XLSReport.MxColumn":{"action":{"type":"callMicroflow","hasParameter":true,"params":{"name":"XLSReport.IVK_DeleteColumn","validate":"view","confirmation":{"question":"Are you sure you want to delete the column?","proceed":"Yes","cancel":"No"},"applyTo":"selection","allowedRoles":["Administrator"]}},"maintainSelection":false}}},{"keyValue":"105_120","gridFunction":"InvokeAction","params":{"XLSReport.MxColumn":{"action":{"type":"callMicroflow","hasParameter":true,"params":{"name":"XLSReport.IVK_ColumnLower","validate":"view","applyTo":"selection","allowedRoles":["Administrator"]}},"maintainSelection":false}}},{"keyValue":"105_121","gridFunction":"InvokeAction","params":{"XLSReport.MxColumn":{"action":{"type":"callMicroflow","hasParameter":true,"params":{"name":"XLSReport.IVK_ColumnHigher","validate":"view","applyTo":"selection","allowedRoles":["Administrator"]}},"maintainSelection":false}}}]},"defaultButton":{"clickType":"double","mxid":"105_118"},"griddata":[{"tag":"Status","name":"column8","editable":false,"render":"EnumIcon","display":{"width":"4%","string":"Status","mapping":{"Yes":"img/System$Completed.gif?636468842603385563","No":"img/System$Cancel.png?636468842603385563"}}},{"tag":"ColumnNumber","name":"column9","editable":false,"render":"Integer","display":{"width":"6%","string":"Sequence","align":"right","formatted":false}},{"tag":"Name","name":"column10","editable":false,"render":"String","display":{"width":"20%","string":"Column name"}},{"tag":"ObjectAttribute","name":"column11","editable":false,"render":"String","display":{"width":"20%","string":"Object and attribute"}},{"tag":"NameAsHeader","name":"column12","editable":false,"render":"Boolean","display":{"width":"10%","string":"Header"}},{"tag":"XLSReport.MxData_MxCellStyle/XLSReport.MxCellStyle/Name","name":"column13","editable":false,"render":"String","display":{"width":"10%","string":"Specific style"}},{"tag":"DataAggregate","name":"column14","editable":false,"render":"Boolean","display":{"width":"10%","string":"Data aggregate"}},{"tag":"DataAggregateFunction","name":"column15","editable":false,"render":"Enum","display":{"width":"10%","string":"Function"}},{"tag":"ResultAggregate","name":"column16","editable":false,"render":"Boolean","display":{"width":"10%","string":"Result aggregate"}}],"plugins":{}}' class='mx-datagrid mx-name-grid2' tabindex='0'></div></m:template><m:template widget-id='105_124' name='content'><table class='mx-table mx-name-table7'><colgroup><col style='width:33%'></col><col style='width:33%'></col><col style='width:34%'></col></colgroup><tbody><tr><td><div data-mendix-id='105_127' data-mendix-type='mxui.widget.ReactWidgetWrapper' data-mendix-props='"widgetTree":{"widget":"com.mendix.widget.core.Text","widgetId":"105_127","props":{"name":"label4","class":"mx-name-label4","style":{},"caption":{"$type":"textTemplate","text":"Associations","friendlyId":"XLSReport.MxSheet_NewEdit.label4"},"renderMode":"h2"},"children":[]}'></div></td><td><div data-mendix-id='105_129' data-mendix-type='mxui.widget.ReactWidgetWrapper' data-mendix-props='"widgetTree":{"widget":"com.mendix.widget.core.Text","widgetId":"105_129","props":{"name":"label21","class":"mx-name-label21","style":{},"caption":{"$type":"textTemplate","text":"Constraints","friendlyId":"XLSReport.MxSheet_NewEdit.label21"},"renderMode":"h2"},"children":[]}'></div></td><td><div data-mendix-id='105_131' data-mendix-type='mxui.widget.ReactWidgetWrapper' data-mendix-props='"widgetTree":{"widget":"com.mendix.widget.core.Text","widgetId":"105_131","props":{"name":"label22","class":"mx-name-label22","style":{},"caption":{"$type":"textTemplate","text":"Sorting","friendlyId":"XLSReport.MxSheet_NewEdit.label22"},"renderMode":"h2"},"children":[]}'></div></td></tr><tr><td><div data-mendix-id='105_133' data-mendix-type='mxui.widget.DataGrid' data-mendix-props='"friendlyId":"XLSReport.MxSheet_NewEdit.grid7","entity":"XLSReport.MxReferenceHandling","schema":"9a30abc8-2211-45bc-af44-e58138365d67","config":{"locale":"en_US","gridType":"Standalone","gridpresentation":{"rows":10,"columns":1,"controlbar":true,"pagingbar":true,"sortparams":[["Reference","asc"]],"searchbar":false,"waitforsearch":false,"selectionmode":"single","editable":false,"sortable":true,"refresh":0,"selectfirst":false,"showemptyrows":false},"datasource":{"friendlyId":"XLSReport.MxSheet_NewEdit.grid7","type":"xpath","path":"XLSReport.MxReferenceHandling_MxSheet/XLSReport.MxReferenceHandling"},"controlBar":{"gridTools":[{"mxid":"105_138","friendlyId":"XLSReport.MxSheet_NewEdit.newButton1","name":"newButton1","caption":{"$type":"textTemplate","text":"New","friendlyId":"XLSReport.MxSheet_NewEdit.newButton1"},"title":"","iconUrl":"img/System$New.png?636468842603385563","cssClass":"btn-default","visibleForRoles":["Administrator"]},{"mxid":"105_139","friendlyId":"XLSReport.MxSheet_NewEdit.editButton3","name":"editButton3","caption":{"$type":"textTemplate","text":"Edit","friendlyId":"XLSReport.MxSheet_NewEdit.editButton3"},"title":"","iconUrl":"img/System$Edit.png?636468842603385563","cssClass":"btn-default","visibleForRoles":["Administrator"]},{"mxid":"105_140","friendlyId":"XLSReport.MxSheet_NewEdit.deleteButton2","name":"deleteButton2","caption":{"$type":"textTemplate","text":"Delete","friendlyId":"XLSReport.MxSheet_NewEdit.deleteButton2"},"title":"","iconUrl":"img/System$Delete.png?636468842603385563","cssClass":"btn-default"}],"gridActions":[{"keyValue":"105_138","gridFunction":"InsertNew","params":{"XLSReport.MxReferenceHandling":{"pageSettings":{"path":"XLSReport/MxReferenceHandling_NewEdit.page.xml","location":"modal","resizable":true,"allowedRoles":["Administrator"]}}}},{"keyValue":"105_139","gridFunction":"EditSelection","params":{"XLSReport.MxReferenceHandling":{"pageSettings":{"path":"XLSReport/MxReferenceHandling_NewEdit.page.xml","location":"modal","resizable":true,"allowedRoles":["Administrator"]}}}},{"keyValue":"105_140","gridFunction":"DeleteSelection"}]},"defaultButton":{"clickType":"double","mxid":"105_139"},"griddata":[{"tag":"Reference","name":"column17","editable":false,"render":"String","display":{"width":"80%","string":"Association"}},{"tag":"JoinType","name":"column18","editable":false,"render":"Enum","display":{"width":"20%","string":"Join type"}}],"plugins":{}}' class='mx-datagrid mx-name-grid7' tabindex='0'></div></td><td><div data-mendix-id='105_144' data-mendix-type='mxui.widget.DataGrid' data-mendix-props='"friendlyId":"XLSReport.MxSheet_NewEdit.grid6","entity":"XLSReport.MxConstraint","schema":"4d9d77b8-366a-44c1-b9de-920bc8f11a4e","config":{"locale":"en_US","gridType":"Standalone","gridpresentation":{"rows":10,"columns":1,"controlbar":true,"pagingbar":true,"sortparams":[["Sequence","asc"]],"searchbar":false,"waitforsearch":false,"selectionmode":"single","editable":false,"sortable":true,"refresh":0,"selectfirst":false,"showemptyrows":false},"datasource":{"friendlyId":"XLSReport.MxSheet_NewEdit.grid6","type":"xpath","path":"XLSReport.MxConstraint_MxSheet/XLSReport.MxConstraint"},"controlBar":{"gridTools":[{"mxid":"105_150","friendlyId":"XLSReport.MxSheet_NewEdit.newButton2","name":"newButton2","caption":{"$type":"textTemplate","text":"New","friendlyId":"XLSReport.MxSheet_NewEdit.newButton2"},"title":"","iconUrl":"img/System$New.png?636468842603385563","cssClass":"btn-default","visibleForRoles":["Administrator"]},{"mxid":"105_151","friendlyId":"XLSReport.MxSheet_NewEdit.editButton4","name":"editButton4","caption":{"$type":"textTemplate","text":"Edit","friendlyId":"XLSReport.MxSheet_NewEdit.editButton4"},"title":"","iconUrl":"img/System$Edit.png?636468842603385563","cssClass":"btn-default","visibleForRoles":["Administrator"]},{"mxid":"105_152","friendlyId":"XLSReport.MxSheet_NewEdit.microflowButton7","name":"microflowButton7","caption":{"$type":"textTemplate","text":"Delete","friendlyId":"XLSReport.MxSheet_NewEdit.microflowButton7"},"title":"","iconUrl":"img/System$Delete.png?636468842603385563","cssClass":"btn-default","visibleForRoles":["Administrator"]},{"mxid":"105_153","friendlyId":"XLSReport.MxSheet_NewEdit.microflowButton8","name":"microflowButton8","caption":{"$type":"textTemplate","text":" ","friendlyId":"XLSReport.MxSheet_NewEdit.microflowButton8"},"title":"","iconUrl":"img/XLSReport$arrow_up.gif?636468842603385563","cssClass":"btn-default","visibleForRoles":["Administrator"]},{"mxid":"105_154","friendlyId":"XLSReport.MxSheet_NewEdit.microflowButton9","name":"microflowButton9","caption":{"$type":"textTemplate","text":" ","friendlyId":"XLSReport.MxSheet_NewEdit.microflowButton9"},"title":"","iconUrl":"img/XLSReport$arrow_down.gif?636468842603385563","cssClass":"btn-default","visibleForRoles":["Administrator"]}],"gridActions":[{"keyValue":"105_150","gridFunction":"InsertNew","params":{"XLSReport.MxConstraint":{"pageSettings":{"path":"XLSReport/MxConstraint_New.page.xml","location":"modal","resizable":true,"allowedRoles":["Administrator"]}}}},{"keyValue":"105_151","gridFunction":"EditSelection","params":{"XLSReport.MxConstraint":{"pageSettings":{"path":"XLSReport/MxConstraint_New.page.xml","location":"modal","resizable":true,"allowedRoles":["Administrator"]}}}},{"keyValue":"105_152","gridFunction":"InvokeAction","params":{"XLSReport.MxConstraint":{"action":{"type":"callMicroflow","hasParameter":true,"params":{"name":"XLSReport.IVK_ConstraintDelete","validate":"view","confirmation":{"question":"Are you sure you want to delete the constraint?","proceed":"Yes","cancel":"No"},"applyTo":"selection","allowedRoles":["Administrator"]}},"maintainSelection":false}}},{"keyValue":"105_153","gridFunction":"InvokeAction","params":{"XLSReport.MxConstraint":{"action":{"type":"callMicroflow","hasParameter":true,"params":{"name":"XLSReport.IVK_Constraint_Lower","validate":"view","applyTo":"selection","allowedRoles":["Administrator"]}},"maintainSelection":false}}},{"keyValue":"105_154","gridFunction":"InvokeAction","params":{"XLSReport.MxConstraint":{"action":{"type":"callMicroflow","hasParameter":true,"params":{"name":"XLSReport.IVK_Constraint_Higher","validate":"view","applyTo":"selection","allowedRoles":["Administrator"]}},"maintainSelection":false}}}]},"defaultButton":{"clickType":"double","mxid":"105_151"},"griddata":[{"tag":"Sequence","name":"column19","editable":false,"render":"Integer","display":{"width":"20%","string":"Sequence","align":"right","formatted":false}},{"tag":"AndOr","name":"column20","editable":false,"render":"Enum","display":{"width":"20%","string":"And/Or"}},{"tag":"Summary","name":"column21","editable":false,"render":"String","display":{"width":"60%","string":"Summary"}}],"plugins":{}}' class='mx-datagrid mx-name-grid6' tabindex='0'></div></td><td><div data-mendix-id='105_158' data-mendix-type='mxui.widget.DataGrid' data-mendix-props='"friendlyId":"XLSReport.MxSheet_NewEdit.grid3","entity":"XLSReport.MxSorting","schema":"318e60f7-e6cc-4b1c-9df2-b96f679a15f0","config":{"locale":"en_US","gridType":"Standalone","gridpresentation":{"rows":10,"columns":1,"controlbar":true,"pagingbar":true,"sortparams":[["Sequence","asc"]],"searchbar":false,"waitforsearch":false,"selectionmode":"single","editable":false,"sortable":true,"refresh":0,"selectfirst":false,"showemptyrows":false},"datasource":{"friendlyId":"XLSReport.MxSheet_NewEdit.grid3","type":"xpath","path":"XLSReport.MxSorting_MxSheet/XLSReport.MxSorting"},"controlBar":{"gridTools":[{"mxid":"105_164","friendlyId":"XLSReport.MxSheet_NewEdit.newButton3","name":"newButton3","caption":{"$type":"textTemplate","text":"New","friendlyId":"XLSReport.MxSheet_NewEdit.newButton3"},"title":"","iconUrl":"img/System$New.png?636468842603385563","cssClass":"btn-default","visibleForRoles":["Administrator"]},{"mxid":"105_165","friendlyId":"XLSReport.MxSheet_NewEdit.editButton5","name":"editButton5","caption":{"$type":"textTemplate","text":"Edit","friendlyId":"XLSReport.MxSheet_NewEdit.editButton5"},"title":"","iconUrl":"img/System$Edit.png?636468842603385563","cssClass":"btn-default","visibleForRoles":["Administrator"]},{"mxid":"105_166","friendlyId":"XLSReport.MxSheet_NewEdit.microflowButton10","name":"microflowButton10","caption":{"$type":"textTemplate","text":"Delete","friendlyId":"XLSReport.MxSheet_NewEdit.microflowButton10"},"title":"","iconUrl":"img/System$Delete.png?636468842603385563","cssClass":"btn-default","visibleForRoles":["Administrator"]},{"mxid":"105_167","friendlyId":"XLSReport.MxSheet_NewEdit.microflowButton11","name":"microflowButton11","caption":{"$type":"textTemplate","text":" ","friendlyId":"XLSReport.MxSheet_NewEdit.microflowButton11"},"title":"","iconUrl":"img/XLSReport$arrow_up.gif?636468842603385563","cssClass":"btn-default","visibleForRoles":["Administrator"]},{"mxid":"105_168","friendlyId":"XLSReport.MxSheet_NewEdit.microflowButton12","name":"microflowButton12","caption":{"$type":"textTemplate","text":" ","friendlyId":"XLSReport.MxSheet_NewEdit.microflowButton12"},"title":"","iconUrl":"img/XLSReport$arrow_down.gif?636468842603385563","cssClass":"btn-default","visibleForRoles":["Administrator"]}],"gridActions":[{"keyValue":"105_164","gridFunction":"InsertNew","params":{"XLSReport.MxSorting":{"pageSettings":{"path":"XLSReport/MxSorting_NewEdit.page.xml","location":"modal","resizable":true,"allowedRoles":["Administrator"]}}}},{"keyValue":"105_165","gridFunction":"EditSelection","params":{"XLSReport.MxSorting":{"pageSettings":{"path":"XLSReport/MxSorting_NewEdit.page.xml","location":"modal","resizable":true,"allowedRoles":["Administrator"]}}}},{"keyValue":"105_166","gridFunction":"InvokeAction","params":{"XLSReport.MxSorting":{"action":{"type":"callMicroflow","hasParameter":true,"params":{"name":"XLSReport.IVK_SortingDelete","validate":"view","confirmation":{"question":"Are you sure you want to delete the sorting?","proceed":"Yes","cancel":"No"},"applyTo":"selection","allowedRoles":["Administrator"]}},"maintainSelection":false}}},{"keyValue":"105_167","gridFunction":"InvokeAction","params":{"XLSReport.MxSorting":{"action":{"type":"callMicroflow","hasParameter":true,"params":{"name":"XLSReport.IVK_Sorting_Lower","validate":"view","applyTo":"selection","allowedRoles":["Administrator"]}},"maintainSelection":false}}},{"keyValue":"105_168","gridFunction":"InvokeAction","params":{"XLSReport.MxSorting":{"action":{"type":"callMicroflow","hasParameter":true,"params":{"name":"XLSReport.IVK_Sorting_Higher","validate":"view","applyTo":"selection","allowedRoles":["Administrator"]}},"maintainSelection":false}}}]},"defaultButton":{"clickType":"double","mxid":"105_165"},"griddata":[{"tag":"Sequence","name":"column22","editable":false,"render":"Integer","display":{"width":"18%","string":"Sequence","align":"right","formatted":false}},{"tag":"Summary","name":"column23","editable":false,"render":"String","display":{"width":"62%","string":"Summary"}},{"tag":"SortingDirection","name":"column24","editable":false,"render":"Enum","display":{"width":"20%","string":"Direction"}}],"plugins":{}}' class='mx-datagrid mx-name-grid3' tabindex='0'></div></td></tr></tbody></table></m:template><m:template widget-id='105_176' name='content'><table class='mx-table mx-name-table4'><colgroup><col style='width:50%'></col><col style='width:50%'></col></colgroup><tbody><tr><td><div data-mendix-id='105_179' data-mendix-type='mxui.widget.ReactWidgetWrapper' data-mendix-props='"widgetTree":{"widget":"com.mendix.widget.core.Text","widgetId":"105_179","props":{"name":"label15","class":"mx-name-label15","style":{},"caption":{"$type":"textTemplate","text":"Colomn settings","friendlyId":"XLSReport.MxSheet_NewEdit.label15"},"renderMode":"h2"},"children":[]}'></div></td><td><div data-mendix-id='105_181' data-mendix-type='mxui.widget.ReactWidgetWrapper' data-mendix-props='"widgetTree":{"widget":"com.mendix.widget.core.Text","widgetId":"105_181","props":{"name":"label16","class":"mx-name-label16","style":{},"caption":{"$type":"textTemplate","text":"Row settings","friendlyId":"XLSReport.MxSheet_NewEdit.label16"},"renderMode":"h2"},"children":[]}'></div></td></tr><tr><td><div data-mendix-id='105_183' data-mendix-type='mxui.widget.DataGrid' data-mendix-props='"friendlyId":"XLSReport.MxSheet_NewEdit.grid4","entity":"XLSReport.MxColumnSettings","schema":"204721c3-e73c-4f16-83d8-0a8d5720ecbe","config":{"locale":"en_US","gridType":"Standalone","gridpresentation":{"rows":10,"columns":1,"controlbar":true,"pagingbar":true,"sortparams":[["ColumnIndex","asc"]],"searchbar":true,"waitforsearch":false,"selectionmode":"single","editable":false,"sortable":true,"refresh":0,"selectfirst":false,"showemptyrows":false},"datasource":{"friendlyId":"XLSReport.MxSheet_NewEdit.grid4","type":"xpath","path":"XLSReport.ColumnSettings_MxSheet/XLSReport.MxColumnSettings"},"searchOptions":{"searchBar":true,"toggleable":true,"toggledByDefault":true},"searchElements":[{"searchInputName":"searchField5","defaults":null,"defaultsParser":"Simple","caption":"Column number","path":"ColumnIndex","operator":"="}],"controlBar":{"gridTools":[{"mxid":"105_188","friendlyId":"XLSReport.MxSheet_NewEdit.searchButton6","name":"searchButton6","caption":{"$type":"textTemplate","text":"Search","friendlyId":"XLSReport.MxSheet_NewEdit.searchButton6"},"title":"","iconUrl":"img/System$Search.png?636468842603385563","cssClass":"btn-default"},{"mxid":"105_189","friendlyId":"XLSReport.MxSheet_NewEdit.newButton4","name":"newButton4","caption":{"$type":"textTemplate","text":"New","friendlyId":"XLSReport.MxSheet_NewEdit.newButton4"},"title":"","iconUrl":"img/System$New.png?636468842603385563","cssClass":"btn-default","visibleForRoles":["Administrator"]},{"mxid":"105_190","friendlyId":"XLSReport.MxSheet_NewEdit.editButton6","name":"editButton6","caption":{"$type":"textTemplate","text":"Edit","friendlyId":"XLSReport.MxSheet_NewEdit.editButton6"},"title":"","iconUrl":"img/System$Edit.png?636468842603385563","cssClass":"btn-default","visibleForRoles":["Administrator"]},{"mxid":"105_191","friendlyId":"XLSReport.MxSheet_NewEdit.deleteButton3","name":"deleteButton3","caption":{"$type":"textTemplate","text":"Delete","friendlyId":"XLSReport.MxSheet_NewEdit.deleteButton3"},"title":"","iconUrl":"img/System$Delete.png?636468842603385563","cssClass":"btn-default"}],"gridActions":[{"keyValue":"105_188","gridFunction":"ToggleSearch"},{"keyValue":"105_189","gridFunction":"InsertNew","params":{"XLSReport.MxColumnSettings":{"pageSettings":{"path":"XLSReport/ColumnSettings_NewEdit.page.xml","location":"modal","resizable":true,"allowedRoles":["Administrator"]}}}},{"keyValue":"105_190","gridFunction":"EditSelection","params":{"XLSReport.MxColumnSettings":{"pageSettings":{"path":"XLSReport/ColumnSettings_NewEdit.page.xml","location":"modal","resizable":true,"allowedRoles":["Administrator"]}}}},{"keyValue":"105_191","gridFunction":"DeleteSelection"}]},"defaultButton":{"clickType":"double","mxid":"105_190"},"griddata":[{"tag":"ColumnIndex","name":"column25","editable":false,"render":"Integer","display":{"width":"33%","string":"Column number","align":"right","formatted":false}},{"tag":"AutoSize","name":"column26","editable":false,"render":"Boolean","display":{"width":"33%","string":"Automatic resize"}},{"tag":"ColumnWidth","name":"column27","editable":false,"render":"Integer","display":{"width":"34%","string":"Column width","align":"right","formatted":false}}],"plugins":{}}' class='mx-datagrid mx-name-grid4' tabindex='0'></div></td><td><div data-mendix-id='105_196' data-mendix-type='mxui.widget.DataGrid' data-mendix-props='"friendlyId":"XLSReport.MxSheet_NewEdit.grid5","entity":"XLSReport.MxRowSettings","schema":"033194b0-eb0d-4fbe-85c7-ce0f347ff8d1","config":{"locale":"en_US","gridType":"Standalone","gridpresentation":{"rows":10,"columns":1,"controlbar":true,"pagingbar":true,"sortparams":[["RowIndex","asc"]],"searchbar":true,"waitforsearch":false,"selectionmode":"single","editable":false,"sortable":true,"refresh":0,"selectfirst":false,"showemptyrows":false},"datasource":{"friendlyId":"XLSReport.MxSheet_NewEdit.grid5","type":"xpath","path":"XLSReport.MxRowSettings_MxSheet/XLSReport.MxRowSettings"},"searchOptions":{"searchBar":true,"toggleable":true,"toggledByDefault":true},"searchElements":[{"searchInputName":"searchField6","defaults":null,"defaultsParser":"Simple","caption":"Row index","path":"RowIndex","operator":"="},{"searchInputName":"searchField7","defaults":null,"defaultsParser":"Simple","caption":"Automatic height","path":"DefaultHeight","operator":"=","retriever":"Bool"},{"searchInputName":"searchField8","defaults":null,"defaultsParser":"Simple","caption":"Row height","path":"RowHeight","operator":"="}],"controlBar":{"gridTools":[{"mxid":"105_201","friendlyId":"XLSReport.MxSheet_NewEdit.searchButton7","name":"searchButton7","caption":{"$type":"textTemplate","text":"Search","friendlyId":"XLSReport.MxSheet_NewEdit.searchButton7"},"title":"","iconUrl":"img/System$Search.png?636468842603385563","cssClass":"btn-default"},{"mxid":"105_202","friendlyId":"XLSReport.MxSheet_NewEdit.newButton5","name":"newButton5","caption":{"$type":"textTemplate","text":"New","friendlyId":"XLSReport.MxSheet_NewEdit.newButton5"},"title":"","iconUrl":"img/System$New.png?636468842603385563","cssClass":"btn-default","visibleForRoles":["Administrator"]},{"mxid":"105_203","friendlyId":"XLSReport.MxSheet_NewEdit.editButton7","name":"editButton7","caption":{"$type":"textTemplate","text":"Edit","friendlyId":"XLSReport.MxSheet_NewEdit.editButton7"},"title":"","iconUrl":"img/System$Edit.png?636468842603385563","cssClass":"btn-default","visibleForRoles":["Administrator"]},{"mxid":"105_204","friendlyId":"XLSReport.MxSheet_NewEdit.deleteButton4","name":"deleteButton4","caption":{"$type":"textTemplate","text":"Delete","friendlyId":"XLSReport.MxSheet_NewEdit.deleteButton4"},"title":"","iconUrl":"img/System$Delete.png?636468842603385563","cssClass":"btn-default"}],"gridActions":[{"keyValue":"105_201","gridFunction":"ToggleSearch"},{"keyValue":"105_202","gridFunction":"InsertNew","params":{"XLSReport.MxRowSettings":{"pageSettings":{"path":"XLSReport/MxRowSettings_NewEdit.page.xml","location":"modal","resizable":true,"allowedRoles":["Administrator"]}}}},{"keyValue":"105_203","gridFunction":"EditSelection","params":{"XLSReport.MxRowSettings":{"pageSettings":{"path":"XLSReport/MxRowSettings_NewEdit.page.xml","location":"modal","resizable":true,"allowedRoles":["Administrator"]}}}},{"keyValue":"105_204","gridFunction":"DeleteSelection"}]},"defaultButton":{"clickType":"double","mxid":"105_203"},"griddata":[{"tag":"RowIndex","name":"column28","editable":false,"render":"Integer","display":{"width":"21%","string":"Row number","align":"right","formatted":false}},{"tag":"DefaultHeight","name":"column29","editable":false,"render":"Boolean","display":{"width":"32%","string":"Default height"}},{"tag":"RowHeight","name":"column30","editable":false,"render":"Integer","display":{"width":"47%","string":"Row height","align":"right","formatted":false}}],"plugins":{}}' class='mx-datagrid mx-name-grid5' tabindex='0'></div></td></tr></tbody></table></m:template></m:templates></m:page>