﻿<?xml version='1.0' encoding='utf-8'?><m:page id='c3412d9a-502f-4852-9eda-c7a326da0287' xmlns='http://www.w3.org/1999/xhtml' title='Edit sorting' closeButton='97_0' xmlns:m='http://schemas.mendix.com/forms/1.0'><m:layouts><m:layout path='XLSReport/PopupLayout.layout.xml'></m:layout></m:layouts><m:arguments><m:argument parameterName='64e38021-d2bb-4b3d-b75c-6321c7b57eb0'><div data-mendix-id='97_1' data-mendix-type='mxui.widget.DataView' data-mendix-props='"friendlyId":"XLSReport.MxSorting_NewEdit.dataView1","entity":"XLSReport.MxSorting","schema":"6a5c4768-daf1-4877-8228-9ab7ac495d96","datasource":{"friendlyId":"XLSReport.MxSorting_NewEdit.dataView1","type":"direct","path":"XLSReport.MxSorting"}' class='mx-name-dataView1' tabindex='0'></div></m:argument></m:arguments><m:templates><m:template widget-id='97_1' name='content'><table class='mx-table mx-name-table1'><colgroup><col style='width:20%'></col><col style='width:30%'></col><col style='width:20%'></col><col style='width:30%'></col></colgroup><tbody><tr><th><label class='mx-name-label2' data-mendix-id='97_4'>Sequence</label></th><td><div data-mendix-id='97_6' data-mendix-type='mxui.widget.NumberInput' data-mendix-props='"friendlyId":"XLSReport.MxSorting_NewEdit.textBox1","readOnly":true,"insideFormGroup":false,"attributePath":"XLSReport.MxSorting/Sequence","readOnlyStyle":"text","validation":{"message":"The sequence is required","expression":{"type":"function","name":"!=","parameters":[{"type":"variable","variable":"value","path":null},{"type":"literal","value":null}]}},"placeholder":""' class='mx-name-textBox1' tabindex='0'></div></td><th><label class='mx-name-label1' data-mendix-id='97_8'>Sorting direction</label></th><td><div data-mendix-id='97_10' data-mendix-type='mxui.widget.EnumSelect' data-mendix-props='"friendlyId":"XLSReport.MxSorting_NewEdit.dropDown1","insideFormGroup":false,"attributePath":"XLSReport.MxSorting/SortingDirection","readOnlyStyle":"text","validation":{"message":"The sorting direction is required.","expression":{"type":"function","name":"!=","parameters":[{"type":"variable","variable":"value","path":null},{"type":"literal","value":null}]}},"emptyOptionCaption":""' class='mx-name-dropDown1' tabindex='0'></div></td></tr><tr><td class='nopadding ' colspan='4'><div data-mendix-id='97_12' data-mendix-type='mxui.widget.DataView' data-mendix-props='"friendlyId":"XLSReport.MxSorting_NewEdit.dataView2","entity":"XLSReport.MxXPath","schema":"996062e2-2f45-4a6a-a2e0-faf676561518","hideFooter":true,"datasource":{"friendlyId":"XLSReport.MxSorting_NewEdit.dataView2","type":"direct","path":"XLSReport.MxSorting_MxXPath/XLSReport.MxXPath"},"conditions":{"97_43":{"visible":{"type":"function","name":"=","parameters":[{"type":"variable","variable":"currentObject","path":"RetrieveType"},{"type":"literal","value":"Attribute"}]}},"97_44":{"visible":{"type":"function","name":"=","parameters":[{"type":"variable","variable":"currentObject","path":"RetrieveType"},{"type":"literal","value":"Reference"}]}},"97_45":{"visible":{"type":"function","name":"=","parameters":[{"type":"variable","variable":"currentObject","path":"RetrieveType"},{"type":"literal","value":"Reference"}]}},"97_46":{"visible":{"type":"variable","variable":"currentObject","path":"SubVisible"}}}' class='mx-name-dataView2' tabindex='0'></div></td></tr></tbody></table></m:template><m:template widget-id='97_1' name='footer'><div data-mendix-id='97_20' data-mendix-type='mxui.widget.ActionButton' data-mendix-props='"friendlyId":"XLSReport.MxSorting_NewEdit.microflowButton1","caption":{"$type":"textTemplate","text":"Save","friendlyId":"XLSReport.MxSorting_NewEdit.microflowButton1"},"iconUrl":"img/System$Save.png?636468842603385563","renderType":"button","action":{"type":"callMicroflow","hasParameter":true,"params":{"name":"XLSReport.IVK_SortingSave","validate":"view","applyTo":"selection","allowedRoles":["Administrator"]}}' data-mendix-roles='Administrator' class='mx-name-microflowButton1 btn-default' tabindex='0'></div><div data-mendix-id='97_0' data-mendix-type='mxui.widget.ActionButton' data-mendix-props='"friendlyId":"XLSReport.MxSorting_NewEdit.cancelButton1","caption":{"$type":"textTemplate","text":"Cancel","friendlyId":"XLSReport.MxSorting_NewEdit.cancelButton1"},"iconUrl":"img/System$Cancel.png?636468842603385563","renderType":"button","action":{"type":"cancelChanges","hasParameter":false,"params":{"closePage":true}}' class='mx-name-cancelButton1 btn-default' tabindex='0'></div></m:template><m:template widget-id='97_12' name='content'><table class='mx-table mx-name-table5'><colgroup><col style='width:25%'></col><col style='width:75%'></col></colgroup><tbody><tr><th><label class='mx-name-label17' data-mendix-id='97_23'>Retrieve type</label></th><td><div data-mendix-id='97_25' data-mendix-type='mxui.widget.EnumSelect' data-mendix-props='"friendlyId":"XLSReport.MxSorting_NewEdit.dropDown3","insideFormGroup":false,"attributePath":"XLSReport.MxXPath/RetrieveType","readOnlyStyle":"text","validation":null,"events":{"change":{"name":"XLSReport.OCh_Xpath_RetrieveType","validate":"node","applyTo":"selection","allowedRoles":["Administrator"]}},"emptyOptionCaption":""' class='mx-name-dropDown3' tabindex='0'></div></td></tr><tr data-mendix-id='97_43'><th><label class='mx-name-label18' data-mendix-id='97_27'>Select attribute</label></th><td><div data-mendix-id='97_29' data-mendix-type='mxui.widget.ReferenceSelector' data-mendix-props='"friendlyId":"XLSReport.MxSorting_NewEdit.referenceSelector4","insideFormGroup":false,"attributePath":"XLSReport.MxXPath/XLSReport.MxXPath_MxObjectMember/MxModelReflection.MxObjectMember/AttributeName","readOnlyStyle":"text","attributePath":"XLSReport.MxXPath/XLSReport.MxXPath_MxObjectMember/MxModelReflection.MxObjectMember/AttributeName","datasource":{"friendlyId":"XLSReport.MxSorting_NewEdit.referenceSelector4","type":"microflow","microflow":"XLSReport.DS_Sorting_attribute","path":"MxModelReflection.MxObjectMember"},"validation":null,"emptyOptionCaption":""' class='mx-name-referenceSelector4' tabindex='0'></div></td></tr><tr data-mendix-id='97_44'><th><label class='mx-name-label19' data-mendix-id='97_31'>Select reference</label></th><td><div data-mendix-id='97_33' data-mendix-type='mxui.widget.ReferenceSelector' data-mendix-props='"friendlyId":"XLSReport.MxSorting_NewEdit.referenceSelector2","insideFormGroup":false,"attributePath":"XLSReport.MxXPath/XLSReport.MxXPath_MxObjectReference/MxModelReflection.MxObjectReference/CompleteName","readOnlyStyle":"text","attributePath":"XLSReport.MxXPath/XLSReport.MxXPath_MxObjectReference/MxModelReflection.MxObjectReference/CompleteName","datasource":{"friendlyId":"XLSReport.MxSorting_NewEdit.referenceSelector2","type":"microflow","microflow":"XLSReport.DS_Sorting_reference","path":"MxModelReflection.MxObjectReference"},"validation":null,"emptyOptionCaption":""' class='mx-name-referenceSelector2' tabindex='0'></div></td></tr><tr data-mendix-id='97_45'><th><label class='mx-name-label20' data-mendix-id='97_35'>Select object</label></th><td><div data-mendix-id='97_37' data-mendix-type='mxui.widget.ReferenceSelector' data-mendix-props='"friendlyId":"XLSReport.MxSorting_NewEdit.referenceSelector3","insideFormGroup":false,"attributePath":"XLSReport.MxXPath/XLSReport.MxXPath_MxObjectType/MxModelReflection.MxObjectType/CompleteName","readOnlyStyle":"text","attributePath":"XLSReport.MxXPath/XLSReport.MxXPath_MxObjectType/MxModelReflection.MxObjectType/CompleteName","datasource":{"friendlyId":"XLSReport.MxSorting_NewEdit.referenceSelector3","type":"xpath","path":"MxModelReflection.MxObjectType","constrainedBy":["XLSReport.MxXPath/XLSReport.MxXPath_MxObjectReference/MxModelReflection.MxObjectReference/MxModelReflection.MxObjectReference_MxObjectType/MxModelReflection.MxObjectType"],"sort":[["CompleteName","asc"]]},"events":{"change":{"name":"XLSReport.OCh_XPath_Refresh","validate":"node","applyTo":"selection","allowedRoles":["Administrator"]}},"validation":null,"emptyOptionCaption":""' class='mx-name-referenceSelector3' tabindex='0'></div></td></tr><tr data-mendix-id='97_46'><td colspan='2'><div data-mendix-id='97_39' data-mendix-type='mxui.widget.DataView' data-mendix-props='"friendlyId":"XLSReport.MxSorting_NewEdit.dataView5","entity":"XLSReport.MxXPath","schema":"436248b7-b4be-470e-81ca-87607665e463","hideFooter":true,"datasource":{"friendlyId":"XLSReport.MxSorting_NewEdit.dataView5","type":"direct","path":"XLSReport.MxXPath_ParentMxXPath/XLSReport.MxXPath"},"conditions":{"97_47_49_73":{"visible":{"type":"function","name":"=","parameters":[{"type":"variable","variable":"currentObject","path":"RetrieveType"},{"type":"literal","value":"Attribute"}]}},"97_47_49_74":{"visible":{"type":"function","name":"=","parameters":[{"type":"variable","variable":"currentObject","path":"RetrieveType"},{"type":"literal","value":"Attribute"}]}},"97_47_49_75":{"visible":{"type":"function","name":"=","parameters":[{"type":"variable","variable":"currentObject","path":"RetrieveType"},{"type":"literal","value":"Reference"}]}},"97_47_49_76":{"visible":{"type":"function","name":"=","parameters":[{"type":"variable","variable":"currentObject","path":"RetrieveType"},{"type":"literal","value":"Reference"}]}},"97_47_77":{"visible":{"type":"variable","variable":"currentObject","path":"SubVisible"}}}' class='mx-name-dataView5' tabindex='0'></div></td></tr></tbody></table></m:template><m:template widget-id='97_39' name='content'><table class='mx-table mx-name-table1'><colgroup><col style='width:25%'></col><col style='width:75%'></col></colgroup><tbody><tr><th><label class='mx-name-label1' data-mendix-id='97_47_49_52'>Retrieve type</label></th><td><div data-mendix-id='97_47_49_54' data-mendix-type='mxui.widget.EnumSelect' data-mendix-props='"friendlyId":"XLSReport.SN_Xpath_Template.dropDown1","insideFormGroup":false,"attributePath":"XLSReport.MxXPath/RetrieveType","readOnlyStyle":"text","validation":null,"events":{"change":{"name":"XLSReport.OCh_Xpath_RetrieveType","validate":"node","applyTo":"selection","allowedRoles":["Administrator"]}},"emptyOptionCaption":""' class='mx-name-dropDown1' tabindex='0'></div></td></tr><tr data-mendix-id='97_47_49_73'><th><label class='mx-name-label2' data-mendix-id='97_47_49_56'>Select attribute</label></th><td><div data-mendix-id='97_47_49_58' data-mendix-type='mxui.widget.ReferenceSelector' data-mendix-props='"friendlyId":"XLSReport.SN_Xpath_Template.referenceSelector1","insideFormGroup":false,"attributePath":"XLSReport.MxXPath/XLSReport.MxXPath_MxObjectMember/MxModelReflection.MxObjectMember/AttributeName","readOnlyStyle":"text","attributePath":"XLSReport.MxXPath/XLSReport.MxXPath_MxObjectMember/MxModelReflection.MxObjectMember/AttributeName","datasource":{"friendlyId":"XLSReport.SN_Xpath_Template.referenceSelector1","type":"microflow","microflow":"XLSReport.DS_Attribute","path":"MxModelReflection.MxObjectMember"},"validation":null,"emptyOptionCaption":""' class='mx-name-referenceSelector1' tabindex='0'></div></td></tr><tr data-mendix-id='97_47_49_74'><td></td><td><label class='mx-name-label5' data-mendix-id='97_47_49_61'>Virtual attributes can't be used, because those attributes can't be retrieved with OQL</label></td></tr><tr data-mendix-id='97_47_49_75'><th><label class='mx-name-label3' data-mendix-id='97_47_49_63'>Select reference</label></th><td><div data-mendix-id='97_47_49_65' data-mendix-type='mxui.widget.ReferenceSelector' data-mendix-props='"friendlyId":"XLSReport.SN_Xpath_Template.referenceSelector2","insideFormGroup":false,"attributePath":"XLSReport.MxXPath/XLSReport.MxXPath_MxObjectReference/MxModelReflection.MxObjectReference/CompleteName","readOnlyStyle":"text","attributePath":"XLSReport.MxXPath/XLSReport.MxXPath_MxObjectReference/MxModelReflection.MxObjectReference/CompleteName","datasource":{"friendlyId":"XLSReport.SN_Xpath_Template.referenceSelector2","type":"microflow","microflow":"XLSReport.DS_Reference","path":"MxModelReflection.MxObjectReference"},"validation":null,"emptyOptionCaption":""' class='mx-name-referenceSelector2' tabindex='0'></div></td></tr><tr data-mendix-id='97_47_49_76'><th><label class='mx-name-label4' data-mendix-id='97_47_49_67'>Select object</label></th><td><div data-mendix-id='97_47_49_69' data-mendix-type='mxui.widget.ReferenceSelector' data-mendix-props='"friendlyId":"XLSReport.SN_Xpath_Template.referenceSelector3","insideFormGroup":false,"attributePath":"XLSReport.MxXPath/XLSReport.MxXPath_MxObjectType/MxModelReflection.MxObjectType/CompleteName","readOnlyStyle":"text","attributePath":"XLSReport.MxXPath/XLSReport.MxXPath_MxObjectType/MxModelReflection.MxObjectType/CompleteName","datasource":{"friendlyId":"XLSReport.SN_Xpath_Template.referenceSelector3","type":"xpath","path":"MxModelReflection.MxObjectType","constrainedBy":["XLSReport.MxXPath/XLSReport.MxXPath_MxObjectReference/MxModelReflection.MxObjectReference/MxModelReflection.MxObjectReference_MxObjectType/MxModelReflection.MxObjectType"],"sort":[["CompleteName","asc"]]},"events":{"change":{"name":"XLSReport.OCh_XPath_Refresh","validate":"node","applyTo":"selection","allowedRoles":["Administrator"]}},"validation":null,"emptyOptionCaption":""' class='mx-name-referenceSelector3' tabindex='0'></div></td></tr></tbody></table><div data-mendix-id='97_47_77' data-mendix-type='mxui.widget.DataView' data-mendix-props='"friendlyId":"XLSReport.SN_Xpath_MASTER.dataView2","entity":"XLSReport.MxXPath","schema":"1f68c124-d5fe-4ce0-b0f6-c3a6f0baa9b1","datasource":{"friendlyId":"XLSReport.SN_Xpath_MASTER.dataView2","type":"direct","path":"XLSReport.MxXPath_ParentMxXPath/XLSReport.MxXPath"},"conditions":{"97_47_78_80_73":{"visible":{"type":"function","name":"=","parameters":[{"type":"variable","variable":"currentObject","path":"RetrieveType"},{"type":"literal","value":"Attribute"}]}},"97_47_78_80_74":{"visible":{"type":"function","name":"=","parameters":[{"type":"variable","variable":"currentObject","path":"RetrieveType"},{"type":"literal","value":"Attribute"}]}},"97_47_78_80_75":{"visible":{"type":"function","name":"=","parameters":[{"type":"variable","variable":"currentObject","path":"RetrieveType"},{"type":"literal","value":"Reference"}]}},"97_47_78_80_76":{"visible":{"type":"function","name":"=","parameters":[{"type":"variable","variable":"currentObject","path":"RetrieveType"},{"type":"literal","value":"Reference"}]}},"97_47_78_81":{"visible":{"type":"variable","variable":"currentObject","path":"SubVisible"}}}' class='mx-name-dataView2' tabindex='0'></div></m:template><m:template widget-id='97_47_77' name='content'><table class='mx-table mx-name-table1'><colgroup><col style='width:25%'></col><col style='width:75%'></col></colgroup><tbody><tr><th><label class='mx-name-label1' data-mendix-id='97_47_78_80_52'>Retrieve type</label></th><td><div data-mendix-id='97_47_78_80_54' data-mendix-type='mxui.widget.EnumSelect' data-mendix-props='"friendlyId":"XLSReport.SN_Xpath_Template.dropDown1","insideFormGroup":false,"attributePath":"XLSReport.MxXPath/RetrieveType","readOnlyStyle":"text","validation":null,"events":{"change":{"name":"XLSReport.OCh_Xpath_RetrieveType","validate":"node","applyTo":"selection","allowedRoles":["Administrator"]}},"emptyOptionCaption":""' class='mx-name-dropDown1' tabindex='0'></div></td></tr><tr data-mendix-id='97_47_78_80_73'><th><label class='mx-name-label2' data-mendix-id='97_47_78_80_56'>Select attribute</label></th><td><div data-mendix-id='97_47_78_80_58' data-mendix-type='mxui.widget.ReferenceSelector' data-mendix-props='"friendlyId":"XLSReport.SN_Xpath_Template.referenceSelector1","insideFormGroup":false,"attributePath":"XLSReport.MxXPath/XLSReport.MxXPath_MxObjectMember/MxModelReflection.MxObjectMember/AttributeName","readOnlyStyle":"text","attributePath":"XLSReport.MxXPath/XLSReport.MxXPath_MxObjectMember/MxModelReflection.MxObjectMember/AttributeName","datasource":{"friendlyId":"XLSReport.SN_Xpath_Template.referenceSelector1","type":"microflow","microflow":"XLSReport.DS_Attribute","path":"MxModelReflection.MxObjectMember"},"validation":null,"emptyOptionCaption":""' class='mx-name-referenceSelector1' tabindex='0'></div></td></tr><tr data-mendix-id='97_47_78_80_74'><td></td><td><label class='mx-name-label5' data-mendix-id='97_47_78_80_61'>Virtual attributes can't be used, because those attributes can't be retrieved with OQL</label></td></tr><tr data-mendix-id='97_47_78_80_75'><th><label class='mx-name-label3' data-mendix-id='97_47_78_80_63'>Select reference</label></th><td><div data-mendix-id='97_47_78_80_65' data-mendix-type='mxui.widget.ReferenceSelector' data-mendix-props='"friendlyId":"XLSReport.SN_Xpath_Template.referenceSelector2","insideFormGroup":false,"attributePath":"XLSReport.MxXPath/XLSReport.MxXPath_MxObjectReference/MxModelReflection.MxObjectReference/CompleteName","readOnlyStyle":"text","attributePath":"XLSReport.MxXPath/XLSReport.MxXPath_MxObjectReference/MxModelReflection.MxObjectReference/CompleteName","datasource":{"friendlyId":"XLSReport.SN_Xpath_Template.referenceSelector2","type":"microflow","microflow":"XLSReport.DS_Reference","path":"MxModelReflection.MxObjectReference"},"validation":null,"emptyOptionCaption":""' class='mx-name-referenceSelector2' tabindex='0'></div></td></tr><tr data-mendix-id='97_47_78_80_76'><th><label class='mx-name-label4' data-mendix-id='97_47_78_80_67'>Select object</label></th><td><div data-mendix-id='97_47_78_80_69' data-mendix-type='mxui.widget.ReferenceSelector' data-mendix-props='"friendlyId":"XLSReport.SN_Xpath_Template.referenceSelector3","insideFormGroup":false,"attributePath":"XLSReport.MxXPath/XLSReport.MxXPath_MxObjectType/MxModelReflection.MxObjectType/CompleteName","readOnlyStyle":"text","attributePath":"XLSReport.MxXPath/XLSReport.MxXPath_MxObjectType/MxModelReflection.MxObjectType/CompleteName","datasource":{"friendlyId":"XLSReport.SN_Xpath_Template.referenceSelector3","type":"xpath","path":"MxModelReflection.MxObjectType","constrainedBy":["XLSReport.MxXPath/XLSReport.MxXPath_MxObjectReference/MxModelReflection.MxObjectReference/MxModelReflection.MxObjectReference_MxObjectType/MxModelReflection.MxObjectType"],"sort":[["CompleteName","asc"]]},"events":{"change":{"name":"XLSReport.OCh_XPath_Refresh","validate":"node","applyTo":"selection","allowedRoles":["Administrator"]}},"validation":null,"emptyOptionCaption":""' class='mx-name-referenceSelector3' tabindex='0'></div></td></tr></tbody></table><div data-mendix-id='97_47_78_81' data-mendix-type='mxui.widget.DataView' data-mendix-props='"friendlyId":"XLSReport.SN_Xpath_2.dataView2","entity":"XLSReport.MxXPath","schema":"a15803da-0438-4209-bcc0-cb45277090d8","datasource":{"friendlyId":"XLSReport.SN_Xpath_2.dataView2","type":"direct","path":"XLSReport.MxXPath_ParentMxXPath/XLSReport.MxXPath"},"conditions":{"97_47_78_82_84_73":{"visible":{"type":"function","name":"=","parameters":[{"type":"variable","variable":"currentObject","path":"RetrieveType"},{"type":"literal","value":"Attribute"}]}},"97_47_78_82_84_74":{"visible":{"type":"function","name":"=","parameters":[{"type":"variable","variable":"currentObject","path":"RetrieveType"},{"type":"literal","value":"Attribute"}]}},"97_47_78_82_84_75":{"visible":{"type":"function","name":"=","parameters":[{"type":"variable","variable":"currentObject","path":"RetrieveType"},{"type":"literal","value":"Reference"}]}},"97_47_78_82_84_76":{"visible":{"type":"function","name":"=","parameters":[{"type":"variable","variable":"currentObject","path":"RetrieveType"},{"type":"literal","value":"Reference"}]}},"97_47_78_82_85":{"visible":{"type":"variable","variable":"currentObject","path":"SubVisible"}}}' class='mx-name-dataView2' tabindex='0'></div></m:template><m:template widget-id='97_47_78_81' name='content'><table class='mx-table mx-name-table1'><colgroup><col style='width:25%'></col><col style='width:75%'></col></colgroup><tbody><tr><th><label class='mx-name-label1' data-mendix-id='97_47_78_82_84_52'>Retrieve type</label></th><td><div data-mendix-id='97_47_78_82_84_54' data-mendix-type='mxui.widget.EnumSelect' data-mendix-props='"friendlyId":"XLSReport.SN_Xpath_Template.dropDown1","insideFormGroup":false,"attributePath":"XLSReport.MxXPath/RetrieveType","readOnlyStyle":"text","validation":null,"events":{"change":{"name":"XLSReport.OCh_Xpath_RetrieveType","validate":"node","applyTo":"selection","allowedRoles":["Administrator"]}},"emptyOptionCaption":""' class='mx-name-dropDown1' tabindex='0'></div></td></tr><tr data-mendix-id='97_47_78_82_84_73'><th><label class='mx-name-label2' data-mendix-id='97_47_78_82_84_56'>Select attribute</label></th><td><div data-mendix-id='97_47_78_82_84_58' data-mendix-type='mxui.widget.ReferenceSelector' data-mendix-props='"friendlyId":"XLSReport.SN_Xpath_Template.referenceSelector1","insideFormGroup":false,"attributePath":"XLSReport.MxXPath/XLSReport.MxXPath_MxObjectMember/MxModelReflection.MxObjectMember/AttributeName","readOnlyStyle":"text","attributePath":"XLSReport.MxXPath/XLSReport.MxXPath_MxObjectMember/MxModelReflection.MxObjectMember/AttributeName","datasource":{"friendlyId":"XLSReport.SN_Xpath_Template.referenceSelector1","type":"microflow","microflow":"XLSReport.DS_Attribute","path":"MxModelReflection.MxObjectMember"},"validation":null,"emptyOptionCaption":""' class='mx-name-referenceSelector1' tabindex='0'></div></td></tr><tr data-mendix-id='97_47_78_82_84_74'><td></td><td><label class='mx-name-label5' data-mendix-id='97_47_78_82_84_61'>Virtual attributes can't be used, because those attributes can't be retrieved with OQL</label></td></tr><tr data-mendix-id='97_47_78_82_84_75'><th><label class='mx-name-label3' data-mendix-id='97_47_78_82_84_63'>Select reference</label></th><td><div data-mendix-id='97_47_78_82_84_65' data-mendix-type='mxui.widget.ReferenceSelector' data-mendix-props='"friendlyId":"XLSReport.SN_Xpath_Template.referenceSelector2","insideFormGroup":false,"attributePath":"XLSReport.MxXPath/XLSReport.MxXPath_MxObjectReference/MxModelReflection.MxObjectReference/CompleteName","readOnlyStyle":"text","attributePath":"XLSReport.MxXPath/XLSReport.MxXPath_MxObjectReference/MxModelReflection.MxObjectReference/CompleteName","datasource":{"friendlyId":"XLSReport.SN_Xpath_Template.referenceSelector2","type":"microflow","microflow":"XLSReport.DS_Reference","path":"MxModelReflection.MxObjectReference"},"validation":null,"emptyOptionCaption":""' class='mx-name-referenceSelector2' tabindex='0'></div></td></tr><tr data-mendix-id='97_47_78_82_84_76'><th><label class='mx-name-label4' data-mendix-id='97_47_78_82_84_67'>Select object</label></th><td><div data-mendix-id='97_47_78_82_84_69' data-mendix-type='mxui.widget.ReferenceSelector' data-mendix-props='"friendlyId":"XLSReport.SN_Xpath_Template.referenceSelector3","insideFormGroup":false,"attributePath":"XLSReport.MxXPath/XLSReport.MxXPath_MxObjectType/MxModelReflection.MxObjectType/CompleteName","readOnlyStyle":"text","attributePath":"XLSReport.MxXPath/XLSReport.MxXPath_MxObjectType/MxModelReflection.MxObjectType/CompleteName","datasource":{"friendlyId":"XLSReport.SN_Xpath_Template.referenceSelector3","type":"xpath","path":"MxModelReflection.MxObjectType","constrainedBy":["XLSReport.MxXPath/XLSReport.MxXPath_MxObjectReference/MxModelReflection.MxObjectReference/MxModelReflection.MxObjectReference_MxObjectType/MxModelReflection.MxObjectType"],"sort":[["CompleteName","asc"]]},"events":{"change":{"name":"XLSReport.OCh_XPath_Refresh","validate":"node","applyTo":"selection","allowedRoles":["Administrator"]}},"validation":null,"emptyOptionCaption":""' class='mx-name-referenceSelector3' tabindex='0'></div></td></tr></tbody></table><div data-mendix-id='97_47_78_82_85' data-mendix-type='mxui.widget.DataView' data-mendix-props='"friendlyId":"XLSReport.SN_Xpath_3.dataView2","entity":"XLSReport.MxXPath","schema":"93309e58-07a0-4d96-acf8-4c8ac22cbd1c","datasource":{"friendlyId":"XLSReport.SN_Xpath_3.dataView2","type":"direct","path":"XLSReport.MxXPath_ParentMxXPath/XLSReport.MxXPath"},"conditions":{"97_47_78_82_86_88_73":{"visible":{"type":"function","name":"=","parameters":[{"type":"variable","variable":"currentObject","path":"RetrieveType"},{"type":"literal","value":"Attribute"}]}},"97_47_78_82_86_88_74":{"visible":{"type":"function","name":"=","parameters":[{"type":"variable","variable":"currentObject","path":"RetrieveType"},{"type":"literal","value":"Attribute"}]}},"97_47_78_82_86_88_75":{"visible":{"type":"function","name":"=","parameters":[{"type":"variable","variable":"currentObject","path":"RetrieveType"},{"type":"literal","value":"Reference"}]}},"97_47_78_82_86_88_76":{"visible":{"type":"function","name":"=","parameters":[{"type":"variable","variable":"currentObject","path":"RetrieveType"},{"type":"literal","value":"Reference"}]}},"97_47_78_82_86_89":{"visible":{"type":"variable","variable":"currentObject","path":"SubVisible"}}}' class='mx-name-dataView2' tabindex='0'></div></m:template><m:template widget-id='97_47_78_82_85' name='content'><table class='mx-table mx-name-table1'><colgroup><col style='width:25%'></col><col style='width:75%'></col></colgroup><tbody><tr><th><label class='mx-name-label1' data-mendix-id='97_47_78_82_86_88_52'>Retrieve type</label></th><td><div data-mendix-id='97_47_78_82_86_88_54' data-mendix-type='mxui.widget.EnumSelect' data-mendix-props='"friendlyId":"XLSReport.SN_Xpath_Template.dropDown1","insideFormGroup":false,"attributePath":"XLSReport.MxXPath/RetrieveType","readOnlyStyle":"text","validation":null,"events":{"change":{"name":"XLSReport.OCh_Xpath_RetrieveType","validate":"node","applyTo":"selection","allowedRoles":["Administrator"]}},"emptyOptionCaption":""' class='mx-name-dropDown1' tabindex='0'></div></td></tr><tr data-mendix-id='97_47_78_82_86_88_73'><th><label class='mx-name-label2' data-mendix-id='97_47_78_82_86_88_56'>Select attribute</label></th><td><div data-mendix-id='97_47_78_82_86_88_58' data-mendix-type='mxui.widget.ReferenceSelector' data-mendix-props='"friendlyId":"XLSReport.SN_Xpath_Template.referenceSelector1","insideFormGroup":false,"attributePath":"XLSReport.MxXPath/XLSReport.MxXPath_MxObjectMember/MxModelReflection.MxObjectMember/AttributeName","readOnlyStyle":"text","attributePath":"XLSReport.MxXPath/XLSReport.MxXPath_MxObjectMember/MxModelReflection.MxObjectMember/AttributeName","datasource":{"friendlyId":"XLSReport.SN_Xpath_Template.referenceSelector1","type":"microflow","microflow":"XLSReport.DS_Attribute","path":"MxModelReflection.MxObjectMember"},"validation":null,"emptyOptionCaption":""' class='mx-name-referenceSelector1' tabindex='0'></div></td></tr><tr data-mendix-id='97_47_78_82_86_88_74'><td></td><td><label class='mx-name-label5' data-mendix-id='97_47_78_82_86_88_61'>Virtual attributes can't be used, because those attributes can't be retrieved with OQL</label></td></tr><tr data-mendix-id='97_47_78_82_86_88_75'><th><label class='mx-name-label3' data-mendix-id='97_47_78_82_86_88_63'>Select reference</label></th><td><div data-mendix-id='97_47_78_82_86_88_65' data-mendix-type='mxui.widget.ReferenceSelector' data-mendix-props='"friendlyId":"XLSReport.SN_Xpath_Template.referenceSelector2","insideFormGroup":false,"attributePath":"XLSReport.MxXPath/XLSReport.MxXPath_MxObjectReference/MxModelReflection.MxObjectReference/CompleteName","readOnlyStyle":"text","attributePath":"XLSReport.MxXPath/XLSReport.MxXPath_MxObjectReference/MxModelReflection.MxObjectReference/CompleteName","datasource":{"friendlyId":"XLSReport.SN_Xpath_Template.referenceSelector2","type":"microflow","microflow":"XLSReport.DS_Reference","path":"MxModelReflection.MxObjectReference"},"validation":null,"emptyOptionCaption":""' class='mx-name-referenceSelector2' tabindex='0'></div></td></tr><tr data-mendix-id='97_47_78_82_86_88_76'><th><label class='mx-name-label4' data-mendix-id='97_47_78_82_86_88_67'>Select object</label></th><td><div data-mendix-id='97_47_78_82_86_88_69' data-mendix-type='mxui.widget.ReferenceSelector' data-mendix-props='"friendlyId":"XLSReport.SN_Xpath_Template.referenceSelector3","insideFormGroup":false,"attributePath":"XLSReport.MxXPath/XLSReport.MxXPath_MxObjectType/MxModelReflection.MxObjectType/CompleteName","readOnlyStyle":"text","attributePath":"XLSReport.MxXPath/XLSReport.MxXPath_MxObjectType/MxModelReflection.MxObjectType/CompleteName","datasource":{"friendlyId":"XLSReport.SN_Xpath_Template.referenceSelector3","type":"xpath","path":"MxModelReflection.MxObjectType","constrainedBy":["XLSReport.MxXPath/XLSReport.MxXPath_MxObjectReference/MxModelReflection.MxObjectReference/MxModelReflection.MxObjectReference_MxObjectType/MxModelReflection.MxObjectType"],"sort":[["CompleteName","asc"]]},"events":{"change":{"name":"XLSReport.OCh_XPath_Refresh","validate":"node","applyTo":"selection","allowedRoles":["Administrator"]}},"validation":null,"emptyOptionCaption":""' class='mx-name-referenceSelector3' tabindex='0'></div></td></tr></tbody></table><div data-mendix-id='97_47_78_82_86_89' data-mendix-type='mxui.widget.DataView' data-mendix-props='"friendlyId":"XLSReport.SN_Xpath_4.dataView2","entity":"XLSReport.MxXPath","schema":"c8f61a38-51f0-44bb-8168-39c37b0061fa","datasource":{"friendlyId":"XLSReport.SN_Xpath_4.dataView2","type":"direct","path":"XLSReport.MxXPath_ParentMxXPath/XLSReport.MxXPath"},"conditions":{"97_47_78_82_86_90_92_73":{"visible":{"type":"function","name":"=","parameters":[{"type":"variable","variable":"currentObject","path":"RetrieveType"},{"type":"literal","value":"Attribute"}]}},"97_47_78_82_86_90_92_74":{"visible":{"type":"function","name":"=","parameters":[{"type":"variable","variable":"currentObject","path":"RetrieveType"},{"type":"literal","value":"Attribute"}]}},"97_47_78_82_86_90_92_75":{"visible":{"type":"function","name":"=","parameters":[{"type":"variable","variable":"currentObject","path":"RetrieveType"},{"type":"literal","value":"Reference"}]}},"97_47_78_82_86_90_92_76":{"visible":{"type":"function","name":"=","parameters":[{"type":"variable","variable":"currentObject","path":"RetrieveType"},{"type":"literal","value":"Reference"}]}},"97_47_78_82_86_90_93":{"visible":{"type":"variable","variable":"currentObject","path":"SubVisible"}}}' class='mx-name-dataView2' tabindex='0'></div></m:template><m:template widget-id='97_47_78_82_86_89' name='content'><table class='mx-table mx-name-table1'><colgroup><col style='width:25%'></col><col style='width:75%'></col></colgroup><tbody><tr><th><label class='mx-name-label1' data-mendix-id='97_47_78_82_86_90_92_52'>Retrieve type</label></th><td><div data-mendix-id='97_47_78_82_86_90_92_54' data-mendix-type='mxui.widget.EnumSelect' data-mendix-props='"friendlyId":"XLSReport.SN_Xpath_Template.dropDown1","insideFormGroup":false,"attributePath":"XLSReport.MxXPath/RetrieveType","readOnlyStyle":"text","validation":null,"events":{"change":{"name":"XLSReport.OCh_Xpath_RetrieveType","validate":"node","applyTo":"selection","allowedRoles":["Administrator"]}},"emptyOptionCaption":""' class='mx-name-dropDown1' tabindex='0'></div></td></tr><tr data-mendix-id='97_47_78_82_86_90_92_73'><th><label class='mx-name-label2' data-mendix-id='97_47_78_82_86_90_92_56'>Select attribute</label></th><td><div data-mendix-id='97_47_78_82_86_90_92_58' data-mendix-type='mxui.widget.ReferenceSelector' data-mendix-props='"friendlyId":"XLSReport.SN_Xpath_Template.referenceSelector1","insideFormGroup":false,"attributePath":"XLSReport.MxXPath/XLSReport.MxXPath_MxObjectMember/MxModelReflection.MxObjectMember/AttributeName","readOnlyStyle":"text","attributePath":"XLSReport.MxXPath/XLSReport.MxXPath_MxObjectMember/MxModelReflection.MxObjectMember/AttributeName","datasource":{"friendlyId":"XLSReport.SN_Xpath_Template.referenceSelector1","type":"microflow","microflow":"XLSReport.DS_Attribute","path":"MxModelReflection.MxObjectMember"},"validation":null,"emptyOptionCaption":""' class='mx-name-referenceSelector1' tabindex='0'></div></td></tr><tr data-mendix-id='97_47_78_82_86_90_92_74'><td></td><td><label class='mx-name-label5' data-mendix-id='97_47_78_82_86_90_92_61'>Virtual attributes can't be used, because those attributes can't be retrieved with OQL</label></td></tr><tr data-mendix-id='97_47_78_82_86_90_92_75'><th><label class='mx-name-label3' data-mendix-id='97_47_78_82_86_90_92_63'>Select reference</label></th><td><div data-mendix-id='97_47_78_82_86_90_92_65' data-mendix-type='mxui.widget.ReferenceSelector' data-mendix-props='"friendlyId":"XLSReport.SN_Xpath_Template.referenceSelector2","insideFormGroup":false,"attributePath":"XLSReport.MxXPath/XLSReport.MxXPath_MxObjectReference/MxModelReflection.MxObjectReference/CompleteName","readOnlyStyle":"text","attributePath":"XLSReport.MxXPath/XLSReport.MxXPath_MxObjectReference/MxModelReflection.MxObjectReference/CompleteName","datasource":{"friendlyId":"XLSReport.SN_Xpath_Template.referenceSelector2","type":"microflow","microflow":"XLSReport.DS_Reference","path":"MxModelReflection.MxObjectReference"},"validation":null,"emptyOptionCaption":""' class='mx-name-referenceSelector2' tabindex='0'></div></td></tr><tr data-mendix-id='97_47_78_82_86_90_92_76'><th><label class='mx-name-label4' data-mendix-id='97_47_78_82_86_90_92_67'>Select object</label></th><td><div data-mendix-id='97_47_78_82_86_90_92_69' data-mendix-type='mxui.widget.ReferenceSelector' data-mendix-props='"friendlyId":"XLSReport.SN_Xpath_Template.referenceSelector3","insideFormGroup":false,"attributePath":"XLSReport.MxXPath/XLSReport.MxXPath_MxObjectType/MxModelReflection.MxObjectType/CompleteName","readOnlyStyle":"text","attributePath":"XLSReport.MxXPath/XLSReport.MxXPath_MxObjectType/MxModelReflection.MxObjectType/CompleteName","datasource":{"friendlyId":"XLSReport.SN_Xpath_Template.referenceSelector3","type":"xpath","path":"MxModelReflection.MxObjectType","constrainedBy":["XLSReport.MxXPath/XLSReport.MxXPath_MxObjectReference/MxModelReflection.MxObjectReference/MxModelReflection.MxObjectReference_MxObjectType/MxModelReflection.MxObjectType"],"sort":[["CompleteName","asc"]]},"events":{"change":{"name":"XLSReport.OCh_XPath_Refresh","validate":"node","applyTo":"selection","allowedRoles":["Administrator"]}},"validation":null,"emptyOptionCaption":""' class='mx-name-referenceSelector3' tabindex='0'></div></td></tr></tbody></table><div data-mendix-id='97_47_78_82_86_90_93' data-mendix-type='mxui.widget.DataView' data-mendix-props='"friendlyId":"XLSReport.SN_Xpath_5.dataView2","entity":"XLSReport.MxXPath","schema":"839ce520-0ede-4a68-ad88-f6aa3ea1b891","datasource":{"friendlyId":"XLSReport.SN_Xpath_5.dataView2","type":"direct","path":"XLSReport.MxXPath_ParentMxXPath/XLSReport.MxXPath"},"conditions":{"97_47_78_82_86_90_94_73":{"visible":{"type":"function","name":"=","parameters":[{"type":"variable","variable":"currentObject","path":"RetrieveType"},{"type":"literal","value":"Attribute"}]}},"97_47_78_82_86_90_94_74":{"visible":{"type":"function","name":"=","parameters":[{"type":"variable","variable":"currentObject","path":"RetrieveType"},{"type":"literal","value":"Attribute"}]}},"97_47_78_82_86_90_94_75":{"visible":{"type":"function","name":"=","parameters":[{"type":"variable","variable":"currentObject","path":"RetrieveType"},{"type":"literal","value":"Reference"}]}},"97_47_78_82_86_90_94_76":{"visible":{"type":"function","name":"=","parameters":[{"type":"variable","variable":"currentObject","path":"RetrieveType"},{"type":"literal","value":"Reference"}]}}}' class='mx-name-dataView2' tabindex='0'></div></m:template><m:template widget-id='97_47_78_82_86_90_93' name='content'><table class='mx-table mx-name-table1'><colgroup><col style='width:25%'></col><col style='width:75%'></col></colgroup><tbody><tr><th><label class='mx-name-label1' data-mendix-id='97_47_78_82_86_90_94_52'>Retrieve type</label></th><td><div data-mendix-id='97_47_78_82_86_90_94_54' data-mendix-type='mxui.widget.EnumSelect' data-mendix-props='"friendlyId":"XLSReport.SN_Xpath_Template.dropDown1","insideFormGroup":false,"attributePath":"XLSReport.MxXPath/RetrieveType","readOnlyStyle":"text","validation":null,"events":{"change":{"name":"XLSReport.OCh_Xpath_RetrieveType","validate":"node","applyTo":"selection","allowedRoles":["Administrator"]}},"emptyOptionCaption":""' class='mx-name-dropDown1' tabindex='0'></div></td></tr><tr data-mendix-id='97_47_78_82_86_90_94_73'><th><label class='mx-name-label2' data-mendix-id='97_47_78_82_86_90_94_56'>Select attribute</label></th><td><div data-mendix-id='97_47_78_82_86_90_94_58' data-mendix-type='mxui.widget.ReferenceSelector' data-mendix-props='"friendlyId":"XLSReport.SN_Xpath_Template.referenceSelector1","insideFormGroup":false,"attributePath":"XLSReport.MxXPath/XLSReport.MxXPath_MxObjectMember/MxModelReflection.MxObjectMember/AttributeName","readOnlyStyle":"text","attributePath":"XLSReport.MxXPath/XLSReport.MxXPath_MxObjectMember/MxModelReflection.MxObjectMember/AttributeName","datasource":{"friendlyId":"XLSReport.SN_Xpath_Template.referenceSelector1","type":"microflow","microflow":"XLSReport.DS_Attribute","path":"MxModelReflection.MxObjectMember"},"validation":null,"emptyOptionCaption":""' class='mx-name-referenceSelector1' tabindex='0'></div></td></tr><tr data-mendix-id='97_47_78_82_86_90_94_74'><td></td><td><label class='mx-name-label5' data-mendix-id='97_47_78_82_86_90_94_61'>Virtual attributes can't be used, because those attributes can't be retrieved with OQL</label></td></tr><tr data-mendix-id='97_47_78_82_86_90_94_75'><th><label class='mx-name-label3' data-mendix-id='97_47_78_82_86_90_94_63'>Select reference</label></th><td><div data-mendix-id='97_47_78_82_86_90_94_65' data-mendix-type='mxui.widget.ReferenceSelector' data-mendix-props='"friendlyId":"XLSReport.SN_Xpath_Template.referenceSelector2","insideFormGroup":false,"attributePath":"XLSReport.MxXPath/XLSReport.MxXPath_MxObjectReference/MxModelReflection.MxObjectReference/CompleteName","readOnlyStyle":"text","attributePath":"XLSReport.MxXPath/XLSReport.MxXPath_MxObjectReference/MxModelReflection.MxObjectReference/CompleteName","datasource":{"friendlyId":"XLSReport.SN_Xpath_Template.referenceSelector2","type":"microflow","microflow":"XLSReport.DS_Reference","path":"MxModelReflection.MxObjectReference"},"validation":null,"emptyOptionCaption":""' class='mx-name-referenceSelector2' tabindex='0'></div></td></tr><tr data-mendix-id='97_47_78_82_86_90_94_76'><th><label class='mx-name-label4' data-mendix-id='97_47_78_82_86_90_94_67'>Select object</label></th><td><div data-mendix-id='97_47_78_82_86_90_94_69' data-mendix-type='mxui.widget.ReferenceSelector' data-mendix-props='"friendlyId":"XLSReport.SN_Xpath_Template.referenceSelector3","insideFormGroup":false,"attributePath":"XLSReport.MxXPath/XLSReport.MxXPath_MxObjectType/MxModelReflection.MxObjectType/CompleteName","readOnlyStyle":"text","attributePath":"XLSReport.MxXPath/XLSReport.MxXPath_MxObjectType/MxModelReflection.MxObjectType/CompleteName","datasource":{"friendlyId":"XLSReport.SN_Xpath_Template.referenceSelector3","type":"xpath","path":"MxModelReflection.MxObjectType","constrainedBy":["XLSReport.MxXPath/XLSReport.MxXPath_MxObjectReference/MxModelReflection.MxObjectReference/MxModelReflection.MxObjectReference_MxObjectType/MxModelReflection.MxObjectType"],"sort":[["CompleteName","asc"]]},"events":{"change":{"name":"XLSReport.OCh_XPath_Refresh","validate":"node","applyTo":"selection","allowedRoles":["Administrator"]}},"validation":null,"emptyOptionCaption":""' class='mx-name-referenceSelector3' tabindex='0'></div></td></tr></tbody></table></m:template></m:templates></m:page>