﻿<?xml version='1.0' encoding='utf-8'?><m:page id='16aa272b-ac63-4194-9215-d4308c9797e4' xmlns='http://www.w3.org/1999/xhtml' title='Edit Mx static' closeButton='109_0' xmlns:m='http://schemas.mendix.com/forms/1.0'><m:layouts><m:layout path='XLSReport/PopupLayout.layout.xml'></m:layout></m:layouts><m:arguments><m:argument parameterName='64e38021-d2bb-4b3d-b75c-6321c7b57eb0'><div data-mendix-id='109_1' data-mendix-type='mxui.widget.DataView' data-mendix-props='"friendlyId":"XLSReport.MxStatic_NewEdit.dataView1","entity":"XLSReport.MxStatic","schema":"7805d5d4-7137-401b-98b9-067955ee20f8","datasource":{"friendlyId":"XLSReport.MxStatic_NewEdit.dataView1","type":"direct","path":"XLSReport.MxStatic"},"conditions":{"109_51":{"visible":{"type":"conditional","condition":{"type":"conditional","condition":{"type":"conditional","condition":{"type":"function","name":"=","parameters":[{"type":"variable","variable":"currentObject","path":"AggregateFunction"},{"type":"literal","value":"Sum"}]},"then":{"type":"literal","value":true},"else":{"type":"function","name":"=","parameters":[{"type":"variable","variable":"currentObject","path":"AggregateFunction"},{"type":"literal","value":"Max"}]}},"then":{"type":"literal","value":true},"else":{"type":"function","name":"=","parameters":[{"type":"variable","variable":"currentObject","path":"AggregateFunction"},{"type":"literal","value":"Min"}]}},"then":{"type":"literal","value":true},"else":{"type":"function","name":"=","parameters":[{"type":"variable","variable":"currentObject","path":"AggregateFunction"},{"type":"literal","value":"Average"}]}}},"109_52":{"visible":{"type":"function","name":"=","parameters":[{"type":"variable","variable":"currentObject","path":"AggregateFunction"},{"type":"literal","value":"Count"}]}},"109_58":{"visible":{"type":"conditional","condition":{"type":"conditional","condition":{"type":"function","name":"=","parameters":[{"type":"variable","variable":"currentObject","path":"StaticType"},{"type":"literal","value":"ObjectMember"}]},"then":{"type":"literal","value":true},"else":{"type":"function","name":"=","parameters":[{"type":"variable","variable":"currentObject","path":"StaticType"},{"type":"literal","value":"Aggregate"}]}},"then":{"type":"literal","value":true},"else":{"type":"function","name":"=","parameters":[{"type":"variable","variable":"currentObject","path":"StaticType"},{"type":"literal","value":null}]}}},"109_59":{"visible":{"type":"function","name":"=","parameters":[{"type":"variable","variable":"currentObject","path":"StaticType"},{"type":"literal","value":"StaticText"}]}},"109_61":{"visible":{"type":"function","name":"=","parameters":[{"type":"variable","variable":"currentObject","path":"StaticType"},{"type":"literal","value":"ObjectMember"}]}},"109_62":{"visible":{"type":"function","name":"=","parameters":[{"type":"variable","variable":"currentObject","path":"StaticType"},{"type":"literal","value":"Aggregate"}]}}}' class='mx-name-dataView1' tabindex='0'></div></m:argument></m:arguments><m:templates><m:template widget-id='109_1' name='content'><table class='mx-table mx-name-table1'><colgroup><col style='width:20%'></col><col style='width:30%'></col><col style='width:20%'></col><col style='width:30%'></col></colgroup><tbody><tr><th><label class='mx-name-label2' data-mendix-id='109_4'>Row</label></th><td><div data-mendix-id='109_6' data-mendix-type='mxui.widget.NumberInput' data-mendix-props='"friendlyId":"XLSReport.MxStatic_NewEdit.textBox2","insideFormGroup":false,"attributePath":"XLSReport.MxStatic/RowPlace","readOnlyStyle":"text","validation":null,"placeholder":""' class='mx-name-textBox2' tabindex='0'></div></td><th><label class='mx-name-label1' data-mendix-id='109_8'>Column</label></th><td><div data-mendix-id='109_10' data-mendix-type='mxui.widget.NumberInput' data-mendix-props='"friendlyId":"XLSReport.MxStatic_NewEdit.textBox1","insideFormGroup":false,"attributePath":"XLSReport.MxStatic/ColumnPlace","readOnlyStyle":"text","validation":null,"placeholder":""' class='mx-name-textBox1' tabindex='0'></div></td></tr><tr data-mendix-id='109_58'><th><label class='mx-name-label4' data-mendix-id='109_12'>Name</label></th><td><div data-mendix-id='109_14' data-mendix-type='mxui.widget.TextInput' data-mendix-props='"friendlyId":"XLSReport.MxStatic_NewEdit.textBox3","insideFormGroup":false,"attributePath":"XLSReport.MxStatic/Name","readOnlyStyle":"text","validation":null,"placeholder":"","maxLength":200' class='mx-name-textBox3' tabindex='0'></div></td><th><label class='mx-name-label3' data-mendix-id='109_16'>Type</label></th><td><div data-mendix-id='109_18' data-mendix-type='mxui.widget.EnumSelect' data-mendix-props='"friendlyId":"XLSReport.MxStatic_NewEdit.dropDown1","insideFormGroup":false,"attributePath":"XLSReport.MxStatic/StaticType","readOnlyStyle":"text","validation":null,"emptyOptionCaption":""' class='mx-name-dropDown1' tabindex='0'></div></td></tr><tr data-mendix-id='109_59'><th><label class='mx-name-label42' data-mendix-id='109_20'>Excel Text</label></th><td><div data-mendix-id='109_22' data-mendix-type='mxui.widget.TextInput' data-mendix-props='"friendlyId":"XLSReport.MxStatic_NewEdit.textBox32","insideFormGroup":false,"attributePath":"XLSReport.MxStatic/Name","readOnlyStyle":"text","validation":null,"placeholder":"","maxLength":200' class='mx-name-textBox32' tabindex='0'></div></td><th><label class='mx-name-label32' data-mendix-id='109_24'>Type</label></th><td><div data-mendix-id='109_26' data-mendix-type='mxui.widget.EnumSelect' data-mendix-props='"friendlyId":"XLSReport.MxStatic_NewEdit.dropDown12","insideFormGroup":false,"attributePath":"XLSReport.MxStatic/StaticType","readOnlyStyle":"text","validation":null,"emptyOptionCaption":""' class='mx-name-dropDown12' tabindex='0'></div></td></tr><tr><th><label class='mx-name-label6' data-mendix-id='109_28'>Style</label></th><td><div data-mendix-id='109_30' data-mendix-type='mxui.widget.ReferenceSelector' data-mendix-props='"friendlyId":"XLSReport.MxStatic_NewEdit.referenceSelector6","insideFormGroup":false,"attributePath":"XLSReport.MxStatic/XLSReport.MxData_MxCellStyle/XLSReport.MxCellStyle/Name","readOnlyStyle":"text","attributePath":"XLSReport.MxStatic/XLSReport.MxData_MxCellStyle/XLSReport.MxCellStyle/Name","datasource":{"friendlyId":"XLSReport.MxStatic_NewEdit.referenceSelector6","type":"xpath","path":"XLSReport.MxCellStyle","constrainedBy":["XLSReport.MxStatic/XLSReport.MxData_MxSheet/XLSReport.MxSheet/XLSReport.MxSheet_Template/XLSReport.MxTemplate/XLSReport.MxCellStyle_Template/XLSReport.MxCellStyle"],"sort":[["Name","asc"]]},"validation":null,"emptyOptionCaption":""' class='mx-name-referenceSelector6' tabindex='0'></div></td><td></td><td></td></tr><tr data-mendix-id='109_61'><th colspan='2'><label class='mx-name-label7' data-mendix-id='109_34'>Select attribute from the row object</label></th><td colspan='2'><div data-mendix-id='109_36' data-mendix-type='mxui.widget.ReferenceSelector' data-mendix-props='"friendlyId":"XLSReport.MxStatic_NewEdit.referenceSelector1","insideFormGroup":false,"attributePath":"XLSReport.MxStatic/XLSReport.MxStatic_MxObjectMember/MxModelReflection.MxObjectMember/AttributeName","readOnlyStyle":"text","attributePath":"XLSReport.MxStatic/XLSReport.MxStatic_MxObjectMember/MxModelReflection.MxObjectMember/AttributeName","datasource":{"friendlyId":"XLSReport.MxStatic_NewEdit.referenceSelector1","type":"microflow","microflow":"XLSReport.DS_StaticInputMember","path":"MxModelReflection.MxObjectMember"},"validation":null,"emptyOptionCaption":""' class='mx-name-referenceSelector1' tabindex='0'></div></td></tr><tr data-mendix-id='109_62'><th><label class='mx-name-label11' data-mendix-id='109_38'>Aggregate type</label></th><td><div data-mendix-id='109_40' data-mendix-type='mxui.widget.EnumSelect' data-mendix-props='"friendlyId":"XLSReport.MxStatic_NewEdit.dropDown3","insideFormGroup":false,"attributePath":"XLSReport.MxStatic/AggregateFunction","readOnlyStyle":"text","validation":null,"emptyOptionCaption":""' class='mx-name-dropDown3' tabindex='0'></div></td><td class='nopadding ' colspan='2'><table class='mx-table mx-name-table6'><colgroup><col style='width:40%'></col><col style='width:60%'></col></colgroup><tbody><tr data-mendix-id='109_51'><th><label class='mx-name-label17' data-mendix-id='109_44'>Aggregate column</label></th><td><div data-mendix-id='109_46' data-mendix-type='mxui.widget.ReferenceSelector' data-mendix-props='"friendlyId":"XLSReport.MxStatic_NewEdit.referenceSelector7","insideFormGroup":false,"attributePath":"XLSReport.MxStatic/XLSReport.MxStatic_MxColumn/XLSReport.MxColumn/Name","readOnlyStyle":"text","attributePath":"XLSReport.MxStatic/XLSReport.MxStatic_MxColumn/XLSReport.MxColumn/Name","datasource":{"friendlyId":"XLSReport.MxStatic_NewEdit.referenceSelector7","type":"xpath","path":"XLSReport.MxColumn","constrainedBy":[],"sort":[["Name","asc"]]},"validation":null,"emptyOptionCaption":""' class='mx-name-referenceSelector7' tabindex='0'></div></td></tr><tr data-mendix-id='109_52'><td colspan='2'><label class='mx-name-label14' data-mendix-id='109_48'>All the rows will be counted.</label></td></tr></tbody></table></td></tr></tbody></table></m:template><m:template widget-id='109_1' name='footer'><div data-mendix-id='109_64' data-mendix-type='mxui.widget.ActionButton' data-mendix-props='"friendlyId":"XLSReport.MxStatic_NewEdit.microflowButton1","caption":{"$type":"textTemplate","text":"Save","friendlyId":"XLSReport.MxStatic_NewEdit.microflowButton1"},"iconUrl":"img/System$Save.png?636468842603385563","renderType":"button","action":{"type":"callMicroflow","hasParameter":true,"params":{"name":"XLSReport.Static_Save","applyTo":"selection","allowedRoles":["Administrator"]}}' data-mendix-roles='Administrator' class='mx-name-microflowButton1 btn-default' tabindex='0'></div><div data-mendix-id='109_0' data-mendix-type='mxui.widget.ActionButton' data-mendix-props='"friendlyId":"XLSReport.MxStatic_NewEdit.cancelButton1","caption":{"$type":"textTemplate","text":"Cancel","friendlyId":"XLSReport.MxStatic_NewEdit.cancelButton1"},"iconUrl":"img/System$Cancel.png?636468842603385563","renderType":"button","action":{"type":"cancelChanges","hasParameter":false,"params":{"closePage":false}}' class='mx-name-cancelButton1 btn-default' tabindex='0'></div></m:template></m:templates></m:page>