﻿<?xml version='1.0' encoding='utf-8'?><m:page id='31bf3496-296d-4c96-8793-fc0966dd4532' xmlns='http://www.w3.org/1999/xhtml' title='Edit template' closeButton='102_0' xmlns:m='http://schemas.mendix.com/forms/1.0'><m:layouts><m:layout path='XLSReport/PopupLayout.layout.xml'></m:layout></m:layouts><m:arguments><m:argument parameterName='64e38021-d2bb-4b3d-b75c-6321c7b57eb0'><div data-mendix-id='102_1' data-mendix-type='mxui.widget.DataView' data-mendix-props='"friendlyId":"XLSReport.Template_New.dataView1","entity":"XLSReport.MxTemplate","schema":"4d12037d-99cf-474c-a651-86b3c41b6f9d","datasource":{"friendlyId":"XLSReport.Template_New.dataView1","type":"direct","path":"XLSReport.MxTemplate"}' class='mx-name-dataView1' tabindex='0'></div></m:argument></m:arguments><m:templates><m:template widget-id='102_1' name='content'><table class='mx-table mx-name-table1'><colgroup><col style='width:20%'></col><col style='width:30%'></col><col style='width:20%'></col><col style='width:30%'></col></colgroup><tbody><tr><th><label class='mx-name-label2' data-mendix-id='102_4'>Template ID</label></th><td><div data-mendix-id='102_6' data-mendix-type='mxui.widget.NumberInput' data-mendix-props='"friendlyId":"XLSReport.Template_New.textBox2","readOnly":true,"insideFormGroup":false,"attributePath":"XLSReport.MxTemplate/TemplateID","readOnlyStyle":"text","validation":null,"placeholder":""' class='mx-name-textBox2' tabindex='0'></div></td><th><label class='mx-name-label1' data-mendix-id='102_8'>Document type</label></th><td><div data-mendix-id='102_10' data-mendix-type='mxui.widget.EnumSelect' data-mendix-props='"friendlyId":"XLSReport.Template_New.dropDown1","insideFormGroup":false,"attributePath":"XLSReport.MxTemplate/DocumentType","readOnlyStyle":"text","validation":null,"emptyOptionCaption":""' class='mx-name-dropDown1' tabindex='0'></div></td></tr><tr><th><label class='mx-name-label3' data-mendix-id='102_12'>Filename</label></th><td><div data-mendix-id='102_14' data-mendix-type='mxui.widget.TextInput' data-mendix-props='"friendlyId":"XLSReport.Template_New.textBox1","insideFormGroup":false,"attributePath":"XLSReport.MxTemplate/Name","readOnlyStyle":"text","validation":null,"placeholder":"","maxLength":200' class='mx-name-textBox1' tabindex='0'></div></td><th><label class='mx-name-label7' data-mendix-id='102_16'>Input object</label></th><td><div data-mendix-id='102_18' data-mendix-type='mxui.widget.ReferenceSelector' data-mendix-props='"friendlyId":"XLSReport.Template_New.referenceSelector1","insideFormGroup":false,"attributePath":"XLSReport.MxTemplate/XLSReport.MxTemplate_InputObject/MxModelReflection.MxObjectType/CompleteName","readOnlyStyle":"text","attributePath":"XLSReport.MxTemplate/XLSReport.MxTemplate_InputObject/MxModelReflection.MxObjectType/CompleteName","datasource":{"friendlyId":"XLSReport.Template_New.referenceSelector1","type":"xpath","path":"MxModelReflection.MxObjectType","constrainedBy":[],"sort":[["CompleteName","asc"]]},"selectPageSettings":{"path":"XLSReport/MxObjectType_Select.page.xml","location":"modal","resizable":true},"events":{"change":{"name":"XLSReport.OCh_Template_Save","validate":"node","applyTo":"selection","allowedRoles":["Administrator"]}},"validation":null,"emptyOptionCaption":""' class='mx-name-referenceSelector1' tabindex='0'></div></td></tr><tr><th><label class='mx-name-label6' data-mendix-id='102_20'>Description</label></th><td colspan='3'><div data-mendix-id='102_22' data-mendix-type='mxui.widget.TextArea' data-mendix-props='"friendlyId":"XLSReport.Template_New.textArea1","insideFormGroup":false,"attributePath":"XLSReport.MxTemplate/Description","readOnlyStyle":"text","validation":null,"placeholder":"","rows":0' class='mx-name-textArea1' tabindex='0'></div></td></tr></tbody></table></m:template><m:template widget-id='102_1' name='footer'><div data-mendix-id='102_31' data-mendix-type='mxui.widget.ActionButton' data-mendix-props='"friendlyId":"XLSReport.Template_New.microflowButton1","caption":{"$type":"textTemplate","text":"Save and next","friendlyId":"XLSReport.Template_New.microflowButton1"},"iconUrl":"img/System$Save.png?636468842603385563","renderType":"button","action":{"type":"callMicroflow","hasParameter":true,"params":{"name":"XLSReport.IVK_TemplateSaveAndNext","validate":"view","applyTo":"selection","allowedRoles":["Administrator"]}}' data-mendix-roles='Administrator' class='mx-name-microflowButton1 btn-default' tabindex='0'></div><div data-mendix-id='102_0' data-mendix-type='mxui.widget.ActionButton' data-mendix-props='"friendlyId":"XLSReport.Template_New.cancelButton1","caption":{"$type":"textTemplate","text":"Cancel","friendlyId":"XLSReport.Template_New.cancelButton1"},"iconUrl":"img/System$Cancel.png?636468842603385563","renderType":"button","action":{"type":"cancelChanges","hasParameter":false,"params":{"closePage":true}}' class='mx-name-cancelButton1 btn-default' tabindex='0'></div></m:template></m:templates></m:page>