﻿<?xml version='1.0' encoding='utf-8'?><m:page id='a8f768e9-8639-481c-a341-0f8eec41d7df' xmlns='http://www.w3.org/1999/xhtml' title='Page Title' class='layout-sidebar-responsive' xmlns:m='http://schemas.mendix.com/forms/1.0'><m:layouts><m:layout path='NavigationLayouts/Sidebar_Full_Responsive.layout.xml'></m:layout></m:layouts><m:arguments><m:argument parameterName='90307765-bc1b-483c-818f-821454fe380b'><div data-mendix-id='103_0' class='mx-layoutgrid mx-layoutgrid-fluid mx-name-layoutGrid1'><div class='row'><div class='col-md-12'><label class='mx-name-label10' style='font-size:18px; font-weight:bold;' data-mendix-id='103_1'>Add Service Attribute</label><div data-mendix-id='103_2' data-mendix-type='mxui.widget.DataView' data-mendix-props='"friendlyId":"XLSReport.Template_Add_Service_Attribute.dataView1","entity":"XLSReport.MxTemplate","schema":"366065e2-006e-4cab-a664-d408a7382777","datasource":{"friendlyId":"XLSReport.Template_Add_Service_Attribute.dataView1","type":"direct","path":"XLSReport.MxTemplate"},"conditions":{"103_74":{"visible":{"type":"function","name":"=","parameters":[{"type":"variable","variable":"currentObject","path":"DateTimePresentation"},{"type":"literal","value":"custom"}]}}}' class='mx-name-dataView1 formCls' style='background-color: white;' tabindex='0'></div></div></div></div></m:argument></m:arguments><m:templates><m:template widget-id='103_2' name='content'><table class='mx-table mx-name-table1'><colgroup><col style='width:20%'></col><col style='width:30%'></col><col style='width:20%'></col><col style='width:20%'></col><col style='width:5%'></col><col style='width:5%'></col></colgroup><tbody><tr><th><label class='mx-name-label2' data-mendix-id='103_5'>Template ID</label></th><td><div data-mendix-id='103_7' data-mendix-type='mxui.widget.NumberInput' data-mendix-props='"friendlyId":"XLSReport.Template_Add_Service_Attribute.textBox2","readOnly":true,"insideFormGroup":false,"attributePath":"XLSReport.MxTemplate/TemplateID","readOnlyStyle":"text","validation":null,"placeholder":""' class='mx-name-textBox2 formCls' style='display:block;' tabindex='0'></div></td><th><label class='mx-name-label1' data-mendix-id='103_9'>Document type</label></th><td colspan='3'><div data-mendix-id='103_11' data-mendix-type='mxui.widget.EnumSelect' data-mendix-props='"friendlyId":"XLSReport.Template_Add_Service_Attribute.dropDown1","readOnly":true,"insideFormGroup":false,"attributePath":"XLSReport.MxTemplate/DocumentType","readOnlyStyle":"text","validation":null,"emptyOptionCaption":""' class='mx-name-dropDown1' tabindex='0'></div></td></tr><tr><th><label class='mx-name-label3' data-mendix-id='103_13'>Filename</label></th><td><div data-mendix-id='103_15' data-mendix-type='mxui.widget.TextInput' data-mendix-props='"friendlyId":"XLSReport.Template_Add_Service_Attribute.textBox1","insideFormGroup":false,"attributePath":"XLSReport.MxTemplate/Name","readOnlyStyle":"text","validation":{"message":"The name of the file is required","expression":{"type":"function","name":"!=","parameters":[{"type":"variable","variable":"value","path":null},{"type":"literal","value":null}]}},"placeholder":"","maxLength":200' class='mx-name-textBox1' tabindex='0'></div></td><th><label class='mx-name-label7' data-mendix-id='103_17'>Input object</label></th><td colspan='3'><div data-mendix-id='103_19' data-mendix-type='mxui.widget.ReferenceSelector' data-mendix-props='"friendlyId":"XLSReport.Template_Add_Service_Attribute.referenceSelector1","insideFormGroup":false,"attributePath":"XLSReport.MxTemplate/XLSReport.MxTemplate_InputObject/MxModelReflection.MxObjectType/CompleteName","readOnlyStyle":"text","attributePath":"XLSReport.MxTemplate/XLSReport.MxTemplate_InputObject/MxModelReflection.MxObjectType/CompleteName","datasource":{"friendlyId":"XLSReport.Template_Add_Service_Attribute.referenceSelector1","type":"xpath","path":"MxModelReflection.MxObjectType","constrainedBy":[],"sort":[["CompleteName","asc"]]},"selectPageSettings":{"path":"XLSReport/MxObjectType_Select.page.xml","location":"modal","resizable":true},"events":{"change":{"name":"XLSReport.OCh_Template_Save","validate":"node","applyTo":"selection","allowedRoles":["Administrator"]}},"validation":null,"emptyOptionCaption":""' class='mx-name-referenceSelector1' tabindex='0'></div></td></tr><tr><th><label class='mx-name-label6' data-mendix-id='103_21'>Desciption</label></th><td colspan='5'><div data-mendix-id='103_23' data-mendix-type='mxui.widget.TextArea' data-mendix-props='"friendlyId":"XLSReport.Template_Add_Service_Attribute.textArea1","insideFormGroup":false,"attributePath":"XLSReport.MxTemplate/Description","readOnlyStyle":"text","validation":null,"placeholder":"","rows":0' class='mx-name-textArea1' tabindex='0'></div></td></tr><tr><th><label class='mx-name-label' data-mendix-id='103_25'>Date time export format</label></th><td><div data-mendix-id='103_27' data-mendix-type='mxui.widget.EnumSelect' data-mendix-props='"friendlyId":"XLSReport.Template_Add_Service_Attribute.dropDown","insideFormGroup":false,"attributePath":"XLSReport.MxTemplate/DateTimePresentation","readOnlyStyle":"text","validation":{"message":"The datetime export format is required.","expression":{"type":"function","name":"!=","parameters":[{"type":"variable","variable":"value","path":null},{"type":"literal","value":null}]}},"emptyOptionCaption":""' class='mx-name-dropDown' tabindex='0'></div></td><th><label class='mx-name-label8' data-mendix-id='103_29'>Upload existing excel file</label></th><td><div data-mendix-id='103_31' data-mendix-type='mxui.widget.TextInput' data-mendix-props='"friendlyId":"XLSReport.Template_Add_Service_Attribute.textBox","readOnly":true,"insideFormGroup":false,"attributePath":"XLSReport.MxTemplate/XLSReport.MxTemplate_CustomExcel/XLSReport.CustomExcel/Name","readOnlyStyle":"text","validation":null,"placeholder":"","maxLength":400' class='mx-name-textBox' tabindex='0'></div></td><td><div data-mendix-id='103_33' data-mendix-type='mxui.widget.ActionButton' data-mendix-props='"friendlyId":"XLSReport.Template_Add_Service_Attribute.microflowButton","caption":{"$type":"textTemplate","text":"","friendlyId":"XLSReport.Template_Add_Service_Attribute.microflowButton"},"iconUrl":"img/MxModelReflection$New.png?636468842603385563","renderType":"button","action":{"type":"callMicroflow","hasParameter":true,"params":{"name":"XLSReport.IVK_UploadExcistFile","validate":"view","applyTo":"selection","allowedRoles":["Administrator"]}}' data-mendix-roles='Administrator' class='mx-name-microflowButton btn-default' tabindex='0'></div></td><td><div data-mendix-id='103_35' data-mendix-type='mxui.widget.ActionButton' data-mendix-props='"friendlyId":"XLSReport.Template_Add_Service_Attribute.microflowButton2","caption":{"$type":"textTemplate","text":"","friendlyId":"XLSReport.Template_Add_Service_Attribute.microflowButton2"},"iconUrl":"img/MxModelReflection$Delete.png?636468842603385563","renderType":"button","action":{"type":"callMicroflow","hasParameter":true,"params":{"name":"XLSReport.IVK_DeleteExcistFile","validate":"view","confirmation":{"question":"Are you sure?","proceed":"Proceed","cancel":"Cancel"},"applyTo":"selection","allowedRoles":["Administrator"]}}' data-mendix-roles='Administrator' class='mx-name-microflowButton2 btn-default' tabindex='0'></div></td></tr><tr data-mendix-id='103_74'><th><label class='mx-name-label9' data-mendix-id='103_37'>Custom date format</label></th><td><div data-mendix-id='103_39' data-mendix-type='mxui.widget.TextInput' data-mendix-props='"friendlyId":"XLSReport.Template_Add_Service_Attribute.textBox3","insideFormGroup":false,"attributePath":"XLSReport.MxTemplate/CustomeDateFormat","readOnlyStyle":"text","validation":null,"placeholder":"","maxLength":200' class='mx-name-textBox3' tabindex='0'></div></td><td></td><td></td><td></td><td></td></tr><tr><td colspan='2'></td><td colspan='4'><div data-mendix-id='103_46' data-mendix-type='mxui.widget.ReactWidgetWrapper' data-mendix-props='"widgetTree":{"widget":"com.mendix.widget.core.Text","widgetId":"103_46","props":{"name":"label4","class":"mx-name-label4","style":{},"caption":{"$type":"textTemplate","text":"Styles","friendlyId":"XLSReport.Template_Add_Service_Attribute.label4"},"renderMode":"h2"},"children":[]}'></div></td></tr><tr><td colspan='2'><div data-mendix-id='103_48' data-mendix-type='mxui.widget.TemplateGrid' data-mendix-props='"friendlyId":"XLSReport.Template_Add_Service_Attribute.templateGrid1","entity":"XLSReport.MxSheet","schema":"3cdc7846-a5d0-4cd1-b447-6833d4b0c449","config":{"locale":"en_US","gridType":"Standalone","gridpresentation":{"rows":1,"columns":1,"controlbar":false,"pagingbar":true,"searchbar":true,"waitforsearch":false,"selectionmode":"single","editable":false,"sortable":true,"refresh":0,"selectfirst":false},"datasource":{"friendlyId":"XLSReport.Template_Add_Service_Attribute.templateGrid1","type":"xpath","path":"XLSReport.MxSheet_Template/XLSReport.MxSheet"},"searchOptions":{"searchBar":true,"toggleable":true,"toggledByDefault":true},"searchElements":[],"controlBar":{"gridTools":[],"gridActions":[]},"plugins":{}}' class='mx-templategrid mx-name-templateGrid1' tabindex='0'></div></td><td colspan='4'><div data-mendix-id='103_55' data-mendix-type='mxui.widget.DataGrid' data-mendix-props='"friendlyId":"XLSReport.Template_Add_Service_Attribute.grid1","entity":"XLSReport.MxCellStyle","schema":"6843558f-ac07-40bb-b677-9e3fd9ce7130","config":{"locale":"en_US","gridType":"Standalone","gridpresentation":{"rows":10,"columns":1,"controlbar":true,"pagingbar":true,"sortparams":[["Name","asc"]],"searchbar":false,"waitforsearch":false,"selectionmode":"single","editable":false,"sortable":true,"refresh":0,"selectfirst":false,"showemptyrows":false},"datasource":{"friendlyId":"XLSReport.Template_Add_Service_Attribute.grid1","type":"xpath","path":"XLSReport.MxCellStyle_Template/XLSReport.MxCellStyle"},"controlBar":{"gridTools":[{"mxid":"103_59","friendlyId":"XLSReport.Template_Add_Service_Attribute.newButton1","name":"newButton1","caption":{"$type":"textTemplate","text":"New","friendlyId":"XLSReport.Template_Add_Service_Attribute.newButton1"},"title":"","iconUrl":"img/System$New.png?636468842603385563","cssClass":"btn-default","visibleForRoles":["Administrator"]},{"mxid":"103_60","friendlyId":"XLSReport.Template_Add_Service_Attribute.editButton2","name":"editButton2","caption":{"$type":"textTemplate","text":"Edit","friendlyId":"XLSReport.Template_Add_Service_Attribute.editButton2"},"title":"","iconUrl":"img/System$Edit.png?636468842603385563","cssClass":"btn-default","visibleForRoles":["Administrator"]},{"mxid":"103_61","friendlyId":"XLSReport.Template_Add_Service_Attribute.deleteButton2","name":"deleteButton2","caption":{"$type":"textTemplate","text":"Delete","friendlyId":"XLSReport.Template_Add_Service_Attribute.deleteButton2"},"title":"","iconUrl":"img/System$Delete.png?636468842603385563","cssClass":"btn-default"}],"gridActions":[{"keyValue":"103_59","gridFunction":"InsertNew","params":{"XLSReport.MxCellStyle":{"pageSettings":{"path":"XLSReport/CellStyle_NewEdit.page.xml","title":"New Style","location":"modal","resizable":true,"allowedRoles":["Administrator"]}}}},{"keyValue":"103_60","gridFunction":"EditSelection","params":{"XLSReport.MxCellStyle":{"pageSettings":{"path":"XLSReport/CellStyle_NewEdit.page.xml","title":"Edit style","location":"modal","resizable":true,"allowedRoles":["Administrator"]}}}},{"keyValue":"103_61","gridFunction":"DeleteSelection"}]},"defaultButton":{"clickType":"double","mxid":"103_60"},"griddata":[{"tag":"Name","name":"column4","editable":false,"render":"String","display":{"width":"100%","string":"Style name"}}],"plugins":{}}' class='mx-datagrid mx-name-grid1' tabindex='0'></div></td></tr></tbody></table></m:template><m:template widget-id='103_2' name='footer'><div data-mendix-id='103_78' data-mendix-type='mxui.widget.ActionButton' data-mendix-props='"friendlyId":"XLSReport.Template_Add_Service_Attribute.saveButton1","caption":{"$type":"textTemplate","text":"Save","friendlyId":"XLSReport.Template_Add_Service_Attribute.saveButton1"},"iconUrl":"img/System$Save.png?636468842603385563","renderType":"button","action":{"type":"saveChanges","hasParameter":true,"params":{"closePage":true}}' class='mx-name-saveButton1 btn-default' tabindex='0'></div><div data-mendix-id='103_79' data-mendix-type='mxui.widget.ActionButton' data-mendix-props='"friendlyId":"XLSReport.Template_Add_Service_Attribute.cancelButton1","caption":{"$type":"textTemplate","text":"Cancel","friendlyId":"XLSReport.Template_Add_Service_Attribute.cancelButton1"},"iconUrl":"img/System$Cancel.png?636468842603385563","renderType":"button","action":{"type":"cancelChanges","hasParameter":false,"params":{"closePage":true}}' class='mx-name-cancelButton1 btn-default' tabindex='0'></div></m:template><m:template widget-id='103_48' name='content'><div data-mendix-id='103_80' data-mendix-type='mxui.widget.DataView' data-mendix-props='"friendlyId":"XLSReport.Template_Add_Service_Attribute.templateGrid1","entity":"XLSReport.MxSheet","schema":"a189011b-d309-40fb-bef8-ef7bdde84469","readOnly":true,"datasource":{"friendlyId":"XLSReport.Template_Add_Service_Attribute.templateGrid1","type":"direct","path":"XLSReport.MxSheet"}' tabindex='0'></div></m:template><m:template widget-id='103_80' name='content'><table class='mx-table mx-name-table2'><colgroup><col style='width:50%'></col><col style='width:50%'></col></colgroup><tbody><tr><th><label class='mx-name-label5' data-mendix-id='103_84'>WorkSheet</label></th><td><div class='mx-name-container1'><div data-mendix-id='103_88' data-mendix-type='mxui.widget.ActionButton' data-mendix-props='"friendlyId":"XLSReport.Template_Add_Service_Attribute.actionButton1","caption":{"$type":"textTemplate","text":"","friendlyId":"XLSReport.Template_Add_Service_Attribute.actionButton1"},"iconUrl":"img/MyFirstModule$add.png?636468842603385563","renderType":"link","action":{"type":"callMicroflow","hasParameter":false,"params":{"name":"XLSReport.IVK_CreateNewSheet","validate":"view","allowedRoles":["Administrator"]}}' data-mendix-roles='Administrator' class='mx-name-actionButton1 imgCls' tabindex='0'></div><div data-mendix-id='103_89' data-mendix-type='mxui.widget.ActionButton' data-mendix-props='"friendlyId":"XLSReport.Template_Add_Service_Attribute.actionButton2","caption":{"$type":"textTemplate","text":"","friendlyId":"XLSReport.Template_Add_Service_Attribute.actionButton2"},"iconUrl":"img/MyFirstModule$edit_on.png?636468842603385563","renderType":"link","action":{"type":"openPage","hasParameter":true,"params":{"path":"XLSReport/MxSheet_NewEdit.page.xml","location":"content","allowedRoles":["Administrator"]}}' data-mendix-roles='Administrator' class='mx-name-actionButton2 imgCls' tabindex='0'></div></div></td></tr></tbody></table><table class='mx-table mx-name-table3'><colgroup><col style='width:33%'></col><col style='width:33%'></col><col style='width:34%'></col></colgroup><tbody><tr><td><div data-mendix-id='103_95' data-mendix-type='mxui.widget.ReactWidgetWrapper' data-mendix-props='"widgetTree":{"widget":"com.mendix.widget.core.Text","widgetId":"103_95","props":{"name":"text1","class":"mx-name-text1","style":{},"caption":{"$type":"textTemplate","text":"{1}","friendlyId":"XLSReport.Template_Add_Service_Attribute.text1","parameters":{"1":"XLSReport.MxSheet/Status"}},"renderMode":"span"},"children":[]}'></div></td><td><div data-mendix-id='103_97' data-mendix-type='mxui.widget.ReactWidgetWrapper' data-mendix-props='"widgetTree":{"widget":"com.mendix.widget.core.Text","widgetId":"103_97","props":{"name":"text2","class":"mx-name-text2","style":{},"caption":{"$type":"textTemplate","text":"{1}","friendlyId":"XLSReport.Template_Add_Service_Attribute.text2","parameters":{"1":"XLSReport.MxSheet/Sequence"}},"renderMode":"span"},"children":[]}'></div></td><td><div data-mendix-id='103_99' data-mendix-type='mxui.widget.ReactWidgetWrapper' data-mendix-props='"widgetTree":{"widget":"com.mendix.widget.core.Text","widgetId":"103_99","props":{"name":"text3","class":"mx-name-text3","style":{},"caption":{"$type":"textTemplate","text":"{1}","friendlyId":"XLSReport.Template_Add_Service_Attribute.text3","parameters":{"1":"XLSReport.MxSheet/Name"}},"renderMode":"span"},"children":[]}'></div></td></tr></tbody></table></m:template></m:templates></m:page>