﻿<?xml version='1.0' encoding='utf-8'?><m:page id='bb952762-5bb5-4940-ab83-7b9bacd2fc12' xmlns='http://www.w3.org/1999/xhtml' title='Edit template' class='navlayout-topbar' xmlns:m='http://schemas.mendix.com/forms/1.0'><m:layouts><m:layout path='XLSReport/DesktopLayout.layout.xml'></m:layout><m:layout path='XLSReport/TopBar.layout.xml'></m:layout></m:layouts><m:arguments><m:argument parameterName='61b51089-3319-4193-af5b-b88b383919e4'><div data-mendix-id='99_0' data-mendix-type='mxui.widget.DataView' data-mendix-props='"friendlyId":"XLSReport.Template_Edit_Excel.dataView1","entity":"XLSReport.MxTemplate","schema":"e4728689-6660-4fb6-9628-ee1773948572","datasource":{"friendlyId":"XLSReport.Template_Edit_Excel.dataView1","type":"direct","path":"XLSReport.MxTemplate"},"conditions":{"99_78":{"visible":{"type":"function","name":"=","parameters":[{"type":"variable","variable":"currentObject","path":"DateTimePresentation"},{"type":"literal","value":"custom"}]}}}' class='mx-name-dataView1' tabindex='0'></div></m:argument></m:arguments><m:templates><m:template widget-id='99_0' name='content'><table class='mx-table mx-name-table1'><colgroup><col style='width:20%'></col><col style='width:30%'></col><col style='width:20%'></col><col style='width:20%'></col><col style='width:5%'></col><col style='width:5%'></col></colgroup><tbody><tr><th><label class='mx-name-label2' data-mendix-id='99_3'>Template ID</label></th><td><div data-mendix-id='99_5' data-mendix-type='mxui.widget.NumberInput' data-mendix-props='"friendlyId":"XLSReport.Template_Edit_Excel.textBox2","readOnly":true,"insideFormGroup":false,"attributePath":"XLSReport.MxTemplate/TemplateID","readOnlyStyle":"text","validation":null,"placeholder":""' class='mx-name-textBox2' tabindex='0'></div></td><th><label class='mx-name-label1' data-mendix-id='99_7'>Document type</label></th><td colspan='3'><div data-mendix-id='99_9' data-mendix-type='mxui.widget.EnumSelect' data-mendix-props='"friendlyId":"XLSReport.Template_Edit_Excel.dropDown1","readOnly":true,"insideFormGroup":false,"attributePath":"XLSReport.MxTemplate/DocumentType","readOnlyStyle":"text","validation":null,"emptyOptionCaption":""' class='mx-name-dropDown1' tabindex='0'></div></td></tr><tr><th><label class='mx-name-label3' data-mendix-id='99_11'>Filename</label></th><td><div data-mendix-id='99_13' data-mendix-type='mxui.widget.TextInput' data-mendix-props='"friendlyId":"XLSReport.Template_Edit_Excel.textBox1","insideFormGroup":false,"attributePath":"XLSReport.MxTemplate/Name","readOnlyStyle":"text","validation":{"message":"The name of the file is required","expression":{"type":"function","name":"!=","parameters":[{"type":"variable","variable":"value","path":null},{"type":"literal","value":null}]}},"placeholder":"","maxLength":200' class='mx-name-textBox1' tabindex='0'></div></td><th><label class='mx-name-label7' data-mendix-id='99_15'>Input object</label></th><td colspan='3'><div data-mendix-id='99_17' data-mendix-type='mxui.widget.ReferenceSelector' data-mendix-props='"friendlyId":"XLSReport.Template_Edit_Excel.referenceSelector1","insideFormGroup":false,"attributePath":"XLSReport.MxTemplate/XLSReport.MxTemplate_InputObject/MxModelReflection.MxObjectType/CompleteName","readOnlyStyle":"text","attributePath":"XLSReport.MxTemplate/XLSReport.MxTemplate_InputObject/MxModelReflection.MxObjectType/CompleteName","datasource":{"friendlyId":"XLSReport.Template_Edit_Excel.referenceSelector1","type":"xpath","path":"MxModelReflection.MxObjectType","constrainedBy":[],"sort":[["CompleteName","asc"]]},"selectPageSettings":{"path":"XLSReport/MxObjectType_Select.page.xml","location":"modal","resizable":true},"events":{"change":{"name":"XLSReport.OCh_Template_Save","validate":"node","applyTo":"selection","allowedRoles":["Administrator"]}},"validation":null,"emptyOptionCaption":""' class='mx-name-referenceSelector1' tabindex='0'></div></td></tr><tr><th><label class='mx-name-label6' data-mendix-id='99_19'>Desciption</label></th><td colspan='5'><div data-mendix-id='99_21' data-mendix-type='mxui.widget.TextArea' data-mendix-props='"friendlyId":"XLSReport.Template_Edit_Excel.textArea1","insideFormGroup":false,"attributePath":"XLSReport.MxTemplate/Description","readOnlyStyle":"text","validation":null,"placeholder":"","rows":0' class='mx-name-textArea1' tabindex='0'></div></td></tr><tr><th><label class='mx-name-label' data-mendix-id='99_23'>Date time export format</label></th><td><div data-mendix-id='99_25' data-mendix-type='mxui.widget.EnumSelect' data-mendix-props='"friendlyId":"XLSReport.Template_Edit_Excel.dropDown","insideFormGroup":false,"attributePath":"XLSReport.MxTemplate/DateTimePresentation","readOnlyStyle":"text","validation":{"message":"The datetime export format is required.","expression":{"type":"function","name":"!=","parameters":[{"type":"variable","variable":"value","path":null},{"type":"literal","value":null}]}},"emptyOptionCaption":""' class='mx-name-dropDown' tabindex='0'></div></td><th><label class='mx-name-label8' data-mendix-id='99_27'>Upload existing excel file</label></th><td><div data-mendix-id='99_29' data-mendix-type='mxui.widget.TextInput' data-mendix-props='"friendlyId":"XLSReport.Template_Edit_Excel.textBox","readOnly":true,"insideFormGroup":false,"attributePath":"XLSReport.MxTemplate/XLSReport.MxTemplate_CustomExcel/XLSReport.CustomExcel/Name","readOnlyStyle":"text","validation":null,"placeholder":"","maxLength":400' class='mx-name-textBox' tabindex='0'></div></td><td><div data-mendix-id='99_31' data-mendix-type='mxui.widget.ActionButton' data-mendix-props='"friendlyId":"XLSReport.Template_Edit_Excel.microflowButton","caption":{"$type":"textTemplate","text":"","friendlyId":"XLSReport.Template_Edit_Excel.microflowButton"},"iconUrl":"img/MxModelReflection$New.png?636468842603385563","renderType":"button","action":{"type":"callMicroflow","hasParameter":true,"params":{"name":"XLSReport.IVK_UploadExcistFile","validate":"view","applyTo":"selection","allowedRoles":["Administrator"]}}' data-mendix-roles='Administrator' class='mx-name-microflowButton btn-default' tabindex='0'></div></td><td><div data-mendix-id='99_33' data-mendix-type='mxui.widget.ActionButton' data-mendix-props='"friendlyId":"XLSReport.Template_Edit_Excel.microflowButton2","caption":{"$type":"textTemplate","text":"","friendlyId":"XLSReport.Template_Edit_Excel.microflowButton2"},"iconUrl":"img/MxModelReflection$Delete.png?636468842603385563","renderType":"button","action":{"type":"callMicroflow","hasParameter":true,"params":{"name":"XLSReport.IVK_DeleteExcistFile","validate":"view","confirmation":{"question":"Are you sure?","proceed":"Proceed","cancel":"Cancel"},"applyTo":"selection","allowedRoles":["Administrator"]}}' data-mendix-roles='Administrator' class='mx-name-microflowButton2 btn-default' tabindex='0'></div></td></tr><tr data-mendix-id='99_78'><th><label class='mx-name-label9' data-mendix-id='99_35'>Custom date format</label></th><td><div data-mendix-id='99_37' data-mendix-type='mxui.widget.TextInput' data-mendix-props='"friendlyId":"XLSReport.Template_Edit_Excel.textBox3","insideFormGroup":false,"attributePath":"XLSReport.MxTemplate/CustomeDateFormat","readOnlyStyle":"text","validation":null,"placeholder":"","maxLength":200' class='mx-name-textBox3' tabindex='0'></div></td><td></td><td></td><td></td><td></td></tr><tr><td colspan='2'><div data-mendix-id='99_43' data-mendix-type='mxui.widget.ReactWidgetWrapper' data-mendix-props='"widgetTree":{"widget":"com.mendix.widget.core.Text","widgetId":"99_43","props":{"name":"label5","class":"mx-name-label5","style":{},"caption":{"$type":"textTemplate","text":"Worksheets","friendlyId":"XLSReport.Template_Edit_Excel.label5"},"renderMode":"h2"},"children":[]}'></div></td><td colspan='4'><div data-mendix-id='99_45' data-mendix-type='mxui.widget.ReactWidgetWrapper' data-mendix-props='"widgetTree":{"widget":"com.mendix.widget.core.Text","widgetId":"99_45","props":{"name":"label4","class":"mx-name-label4","style":{},"caption":{"$type":"textTemplate","text":"Styles","friendlyId":"XLSReport.Template_Edit_Excel.label4"},"renderMode":"h2"},"children":[]}'></div></td></tr><tr><td colspan='2'><div data-mendix-id='99_47' data-mendix-type='mxui.widget.DataGrid' data-mendix-props='"friendlyId":"XLSReport.Template_Edit_Excel.grid2","entity":"XLSReport.MxSheet","schema":"f4bd1f09-30ec-4e7d-b617-5d9109b47aa6","config":{"locale":"en_US","gridType":"Standalone","gridpresentation":{"rows":10,"columns":1,"controlbar":true,"pagingbar":true,"sortparams":[["Sequence","asc"]],"searchbar":false,"waitforsearch":false,"selectionmode":"single","editable":false,"sortable":true,"refresh":0,"selectfirst":false,"showemptyrows":false},"datasource":{"friendlyId":"XLSReport.Template_Edit_Excel.grid2","type":"xpath","path":"XLSReport.MxSheet_Template/XLSReport.MxSheet"},"controlBar":{"gridTools":[{"mxid":"99_53","friendlyId":"XLSReport.Template_Edit_Excel.microflowButton1","name":"microflowButton1","caption":{"$type":"textTemplate","text":"New","friendlyId":"XLSReport.Template_Edit_Excel.microflowButton1"},"title":"","iconUrl":"img/System$New.png?636468842603385563","cssClass":"btn-default","visibleForRoles":["Administrator"]},{"mxid":"99_54","friendlyId":"XLSReport.Template_Edit_Excel.editButton1","name":"editButton1","caption":{"$type":"textTemplate","text":"Edit","friendlyId":"XLSReport.Template_Edit_Excel.editButton1"},"title":"","iconUrl":"img/System$Edit.png?636468842603385563","cssClass":"btn-default","visibleForRoles":["Administrator"]},{"mxid":"99_55","friendlyId":"XLSReport.Template_Edit_Excel.deleteButton1","name":"deleteButton1","caption":{"$type":"textTemplate","text":"Delete","friendlyId":"XLSReport.Template_Edit_Excel.deleteButton1"},"title":"","iconUrl":"img/System$Delete.png?636468842603385563","cssClass":"btn-default"}],"gridActions":[{"keyValue":"99_53","gridFunction":"InvokeAction","params":{"XLSReport.MxSheet":{"action":{"type":"callMicroflow","hasParameter":false,"params":{"name":"XLSReport.IVK_CreateNewSheet","validate":"view","allowedRoles":["Administrator"]}},"maintainSelection":false}}},{"keyValue":"99_54","gridFunction":"EditSelection","params":{"XLSReport.MxSheet":{"pageSettings":{"path":"XLSReport/MxSheet_NewEdit.page.xml","title":"Edit worksheet","location":"content","allowedRoles":["Administrator"]}}}},{"keyValue":"99_55","gridFunction":"DeleteSelection"}]},"defaultButton":{"clickType":"double","mxid":"99_54"},"griddata":[{"tag":"Status","name":"column1","editable":false,"render":"EnumIcon","display":{"width":"10%","string":"Status","mapping":{"Yes":"img/System$Completed.gif?636468842603385563","No":"img/System$Cancel.png?636468842603385563"}}},{"tag":"Sequence","name":"column2","editable":false,"render":"Integer","display":{"width":"15%","string":"Sequence","align":"right","formatted":false}},{"tag":"Name","name":"column3","editable":false,"render":"String","display":{"width":"75%","string":"Name"}}],"plugins":{}}' class='mx-datagrid mx-name-grid2' tabindex='0'></div></td><td colspan='4'><div data-mendix-id='99_59' data-mendix-type='mxui.widget.DataGrid' data-mendix-props='"friendlyId":"XLSReport.Template_Edit_Excel.grid1","entity":"XLSReport.MxCellStyle","schema":"19e52d68-5d1c-4a85-87f5-9157f3d53fb4","config":{"locale":"en_US","gridType":"Standalone","gridpresentation":{"rows":10,"columns":1,"controlbar":true,"pagingbar":true,"sortparams":[["Name","asc"]],"searchbar":false,"waitforsearch":false,"selectionmode":"single","editable":false,"sortable":true,"refresh":0,"selectfirst":false,"showemptyrows":false},"datasource":{"friendlyId":"XLSReport.Template_Edit_Excel.grid1","type":"xpath","path":"XLSReport.MxCellStyle_Template/XLSReport.MxCellStyle"},"controlBar":{"gridTools":[{"mxid":"99_63","friendlyId":"XLSReport.Template_Edit_Excel.newButton1","name":"newButton1","caption":{"$type":"textTemplate","text":"New","friendlyId":"XLSReport.Template_Edit_Excel.newButton1"},"title":"","iconUrl":"img/System$New.png?636468842603385563","cssClass":"btn-default","visibleForRoles":["Administrator"]},{"mxid":"99_64","friendlyId":"XLSReport.Template_Edit_Excel.editButton2","name":"editButton2","caption":{"$type":"textTemplate","text":"Edit","friendlyId":"XLSReport.Template_Edit_Excel.editButton2"},"title":"","iconUrl":"img/System$Edit.png?636468842603385563","cssClass":"btn-default","visibleForRoles":["Administrator"]},{"mxid":"99_65","friendlyId":"XLSReport.Template_Edit_Excel.deleteButton2","name":"deleteButton2","caption":{"$type":"textTemplate","text":"Delete","friendlyId":"XLSReport.Template_Edit_Excel.deleteButton2"},"title":"","iconUrl":"img/System$Delete.png?636468842603385563","cssClass":"btn-default"}],"gridActions":[{"keyValue":"99_63","gridFunction":"InsertNew","params":{"XLSReport.MxCellStyle":{"pageSettings":{"path":"XLSReport/CellStyle_NewEdit.page.xml","title":"New Style","location":"modal","resizable":true,"allowedRoles":["Administrator"]}}}},{"keyValue":"99_64","gridFunction":"EditSelection","params":{"XLSReport.MxCellStyle":{"pageSettings":{"path":"XLSReport/CellStyle_NewEdit.page.xml","title":"Edit style","location":"modal","resizable":true,"allowedRoles":["Administrator"]}}}},{"keyValue":"99_65","gridFunction":"DeleteSelection"}]},"defaultButton":{"clickType":"double","mxid":"99_64"},"griddata":[{"tag":"Name","name":"column4","editable":false,"render":"String","display":{"width":"100%","string":"Style name"}}],"plugins":{}}' class='mx-datagrid mx-name-grid1' tabindex='0'></div></td></tr></tbody></table></m:template><m:template widget-id='99_0' name='footer'><div data-mendix-id='99_82' data-mendix-type='mxui.widget.ActionButton' data-mendix-props='"friendlyId":"XLSReport.Template_Edit_Excel.saveButton1","caption":{"$type":"textTemplate","text":"Save","friendlyId":"XLSReport.Template_Edit_Excel.saveButton1"},"iconUrl":"img/System$Save.png?636468842603385563","renderType":"button","action":{"type":"saveChanges","hasParameter":true,"params":{"closePage":true}}' class='mx-name-saveButton1 btn-default' tabindex='0'></div><div data-mendix-id='99_83' data-mendix-type='mxui.widget.ActionButton' data-mendix-props='"friendlyId":"XLSReport.Template_Edit_Excel.cancelButton1","caption":{"$type":"textTemplate","text":"Cancel","friendlyId":"XLSReport.Template_Edit_Excel.cancelButton1"},"iconUrl":"img/System$Cancel.png?636468842603385563","renderType":"button","action":{"type":"cancelChanges","hasParameter":false,"params":{"closePage":true}}' class='mx-name-cancelButton1 btn-default' tabindex='0'></div></m:template></m:templates></m:page>