﻿<?xml version='1.0' encoding='utf-8'?><m:layout id='55be93b3-019d-4681-8672-36722d5047b5' xmlns='http://www.w3.org/1999/xhtml' xmlns:m='http://schemas.mendix.com/forms/1.0'><m:arguments><m:argument><div data-mendix-id='86_0' data-mendix-type='mxui.widget.HorizontalScrollContainer' data-mendix-props='"fixed":true,"config":[{"position":"center"},{"position":"right","toggleMode":"pushContentAside","initiallyOpen":false}]' class='mx-layoutcontainer mx-scrollcontainer mx-layoutcontainer-horizontal mx-scrollcontainer-horizontal mx-layoutcontainer-fixed mx-scrollcontainer-fixed'><div class='mx-layoutcontainer-center mx-scrollcontainer-center '><div class='mx-layoutcontainer-wrapper mx-scrollcontainer-wrapper mx-layoutcontainer-nested mx-scrollcontainer-nested'><div data-mendix-id='86_1' data-mendix-type='mxui.widget.VerticalScrollContainer' data-mendix-props='"fixed":true,"config":[{"position":"top"},{"position":"middle"}]' class='mx-layoutcontainer mx-scrollcontainer mx-layoutcontainer-vertical mx-scrollcontainer-vertical mx-layoutcontainer-fixed mx-scrollcontainer-fixed'><div class='mx-layoutcontainer-top mx-scrollcontainer-top region-topbar'><div class='mx-layoutcontainer-wrapper mx-scrollcontainer-wrapper'><div class='mx-header mx-name-header1'><div class='mx-header-center'><div data-mendix-id='86_2' data-mendix-type='mxui.widget.Title' data-mendix-props='"friendlyId":"NavigationLayouts.Offline_Phone_TopSidebar."' class='mx-name-'></div></div><div class='mx-header-left'><div data-mx-placeholder='79329808-4600-4615-ba5a-20277db6cc0e' class='mx-placeholder'></div></div><div class='mx-header-right'><div class='mx-name-container1 mx-placeholder'><div data-mendix-id='86_3' data-mendix-type='mxui.widget.SidebarToggleButton' data-mendix-props='"friendlyId":"NavigationLayouts.Offline_Phone_TopSidebar.sidebarToggle1","caption":{"$type":"textTemplate","text":"","friendlyId":"NavigationLayouts.Offline_Phone_TopSidebar.sidebarToggle1"},"iconClass":"glyphicon-menu-hamburger","renderType":"link"' class='mx-name-sidebarToggle1 mx-sidebartoggle' tabindex='0'></div></div></div></div></div></div><div class='mx-layoutcontainer-middle mx-scrollcontainer-middle region-content'><div class='mx-layoutcontainer-wrapper mx-scrollcontainer-wrapper'><div data-mx-placeholder='a5a8076a-8d69-4f1d-b6d8-12abc4303f3e' class='mx-placeholder'></div></div></div></div></div></div><div class='mx-layoutcontainer-right mx-scrollcontainer-right region-sidebar' style='width:200px;'><div class='mx-layoutcontainer-wrapper mx-scrollcontainer-wrapper'><div class='mx-name-container3 sidebarheader text-center'><div data-mendix-id='86_4_5' data-mendix-type='mxui.widget.StaticImage' data-mendix-props='"friendlyId":"NavigationLayouts.Snippet_UserProfile.image1","url":"img/NavigationLayouts$logo.png?636468842603385563","width":"80px","height":"80px","action":{"type":"doNothing","hasParameter":false,"params":{}}' class='mx-name-image1 sidebarheader-img img-circle'></div><div class='mx-name-container1 sidebarheader-content'><label class='mx-name-label1 sidebarheader-title' data-mendix-id='86_4_6'>Name Employee</label><label class='mx-name-label2 sidebarheader-subtitle' data-mendix-id='86_4_7'>E-mail Address</label></div></div></div></div></div></m:argument></m:arguments></m:layout>