﻿<?xml version='1.0' encoding='utf-8'?><m:layout id='0170a201-1e72-4f57-8b99-0bf986f5467b' xmlns='http://www.w3.org/1999/xhtml' xmlns:m='http://schemas.mendix.com/forms/1.0'><m:arguments><m:argument><div data-mendix-id='83_0' data-mendix-type='mxui.widget.VerticalScrollContainer' data-mendix-props='"fixed":true,"config":[{"position":"top"},{"position":"middle"}]' class='mx-layoutcontainer mx-scrollcontainer mx-layoutcontainer-vertical mx-scrollcontainer-vertical mx-layoutcontainer-fixed mx-scrollcontainer-fixed'><div class='mx-layoutcontainer-top mx-scrollcontainer-top region-topbar'><div class='mx-layoutcontainer-wrapper mx-scrollcontainer-wrapper'><div class='mx-header mx-name-header1'><div class='mx-header-center'><div data-mendix-id='83_1' data-mendix-type='mxui.widget.Title' data-mendix-props='"friendlyId":"NavigationLayouts.Phone_Top."' class='mx-name-'></div></div><div class='mx-header-left'><div data-mx-placeholder='bc393af1-f0fe-4dcb-8b78-db4a129852da' class='mx-placeholder'></div></div><div class='mx-header-right'><div data-mx-placeholder='10000090-dc0c-4bd8-8a1f-3fa03563dd0a' class='mx-placeholder'></div></div></div></div></div><div class='mx-layoutcontainer-middle mx-scrollcontainer-middle region-content'><div class='mx-layoutcontainer-wrapper mx-scrollcontainer-wrapper'><div data-mx-placeholder='ce375584-4492-458a-8d10-7e10e9f5f42f' class='mx-placeholder'></div></div></div></div></m:argument></m:arguments></m:layout>