﻿<?xml version='1.0' encoding='utf-8'?><m:layout id='c35fb774-d599-4eed-9a02-dcee1224a913' xmlns='http://www.w3.org/1999/xhtml' xmlns:m='http://schemas.mendix.com/forms/1.0'><m:arguments><m:argument><div data-mendix-id='84_0' data-mendix-type='mxui.widget.HorizontalScrollContainer' data-mendix-props='"fixed":true,"config":[{"position":"center"},{"position":"right","toggleMode":"pushContentAside","initiallyOpen":false}]' class='mx-layoutcontainer mx-scrollcontainer mx-layoutcontainer-horizontal mx-scrollcontainer-horizontal mx-layoutcontainer-fixed mx-scrollcontainer-fixed'><div class='mx-layoutcontainer-center mx-scrollcontainer-center '><div class='mx-layoutcontainer-wrapper mx-scrollcontainer-wrapper mx-layoutcontainer-nested mx-scrollcontainer-nested'><div data-mendix-id='84_1' data-mendix-type='mxui.widget.VerticalScrollContainer' data-mendix-props='"fixed":true,"config":[{"position":"top"},{"position":"middle"}]' class='mx-layoutcontainer mx-scrollcontainer mx-layoutcontainer-vertical mx-scrollcontainer-vertical mx-layoutcontainer-fixed mx-scrollcontainer-fixed'><div class='mx-layoutcontainer-top mx-scrollcontainer-top region-topbar'><div class='mx-layoutcontainer-wrapper mx-scrollcontainer-wrapper'><div class='mx-header mx-name-header1'><div class='mx-header-center'><div data-mendix-id='84_2' data-mendix-type='mxui.widget.Title' data-mendix-props='"friendlyId":"NavigationLayouts.Phone_TopSidebar."' class='mx-name-'></div></div><div class='mx-header-left'><div data-mx-placeholder='3f04d9e7-3731-4f61-96cb-7f8312e5ea74' class='mx-placeholder'></div></div><div class='mx-header-right'><div class='mx-name-container1 mx-placeholder'><div data-mendix-id='84_3' data-mendix-type='mxui.widget.SidebarToggleButton' data-mendix-props='"friendlyId":"NavigationLayouts.Phone_TopSidebar.sidebarToggle1","caption":{"$type":"textTemplate","text":"","friendlyId":"NavigationLayouts.Phone_TopSidebar.sidebarToggle1"},"iconClass":"glyphicon-menu-hamburger","renderType":"link"' class='mx-name-sidebarToggle1 mx-sidebartoggle' tabindex='0'></div></div></div></div></div></div><div class='mx-layoutcontainer-middle mx-scrollcontainer-middle region-content'><div class='mx-layoutcontainer-wrapper mx-scrollcontainer-wrapper'><div data-mx-placeholder='cf64cd43-0d1e-43e3-b85e-c2bbf1e81e6c' class='mx-placeholder'></div></div></div></div></div></div><div class='mx-layoutcontainer-right mx-scrollcontainer-right region-sidebar' style='width:200px;'><div class='mx-layoutcontainer-wrapper mx-scrollcontainer-wrapper'><div class='mx-name-container3 sidebarheader text-center'><div data-mendix-id='84_4_5' data-mendix-type='mxui.widget.StaticImage' data-mendix-props='"friendlyId":"NavigationLayouts.Snippet_UserProfile.image1","url":"img/NavigationLayouts$logo.png?636468842603385563","width":"80px","height":"80px","action":{"type":"doNothing","hasParameter":false,"params":{}}' class='mx-name-image1 sidebarheader-img img-circle'></div><div class='mx-name-container1 sidebarheader-content'><label class='mx-name-label1 sidebarheader-title' data-mendix-id='84_4_6'>Name Employee</label><label class='mx-name-label2 sidebarheader-subtitle' data-mendix-id='84_4_7'>E-mail Address</label></div></div><div data-mendix-id='84_8' data-mendix-type='mxui.widget.NavigationTree' data-mendix-props='"friendlyId":"NavigationLayouts.Phone_TopSidebar.navigationTree1","menuID":"1050a277-1770-524d-ae43-915f7db3d569"' class='mx-name-navigationTree1'></div></div></div></div></m:argument></m:arguments></m:layout>