﻿<?xml version='1.0' encoding='utf-8'?><m:layout id='69df8e76-5e85-4ae5-89aa-ba5edbcc8c2a' xmlns='http://www.w3.org/1999/xhtml' xmlns:m='http://schemas.mendix.com/forms/1.0'><m:arguments><m:argument><div data-mendix-id='85_0' data-mendix-type='mxui.widget.VerticalScrollContainer' data-mendix-props='"fixed":true,"config":[{"position":"top"},{"position":"middle"},{"position":"bottom"}]' class='mx-layoutcontainer mx-scrollcontainer mx-layoutcontainer-vertical mx-scrollcontainer-vertical mx-layoutcontainer-fixed mx-scrollcontainer-fixed'><div class='mx-layoutcontainer-top mx-scrollcontainer-top region-topbar'><div class='mx-layoutcontainer-wrapper mx-scrollcontainer-wrapper'><div class='mx-header mx-name-header1'><div class='mx-header-center'><div data-mendix-id='85_1' data-mendix-type='mxui.widget.Title' data-mendix-props='"friendlyId":"NavigationLayouts.Phone_TopBottom."' class='mx-name-'></div></div><div class='mx-header-left'><div data-mx-placeholder='1ad59bad-1d30-48c2-8e09-1da5c3c808f9' class='mx-placeholder'></div></div><div class='mx-header-right'><div data-mx-placeholder='d79d94f5-cabe-4e44-a66e-458e2b7a07cf' class='mx-placeholder'></div></div></div></div></div><div class='mx-layoutcontainer-middle mx-scrollcontainer-middle region-content'><div class='mx-layoutcontainer-wrapper mx-scrollcontainer-wrapper'><div data-mx-placeholder='5fd14750-cd21-4efe-b136-b0629d579325' class='mx-placeholder'></div></div></div><div class='mx-layoutcontainer-bottom mx-scrollcontainer-bottom region-footer'><div class='mx-layoutcontainer-wrapper mx-scrollcontainer-wrapper'><div data-mendix-id='85_2' data-mendix-type='mxui.widget.MenuBar' data-mendix-props='"friendlyId":"NavigationLayouts.Phone_TopBottom.simpleMenuBar1","menuID":"1050a277-1770-524d-ae43-915f7db3d569","orientation":"horizontal"' class='mx-name-simpleMenuBar1 menubar-col-4 bottom-nav-text-icons'></div></div></div></div></m:argument></m:arguments></m:layout>