﻿<?xml version='1.0' encoding='utf-8'?><m:layout id='f4a3827e-ce2a-4e07-b9ee-4c6287c14383' xmlns='http://www.w3.org/1999/xhtml' xmlns:m='http://schemas.mendix.com/forms/1.0'><m:arguments><m:argument><div data-mendix-id='89_0' data-mendix-type='mxui.widget.HorizontalScrollContainer' data-mendix-props='"fixed":true,"config":[{"position":"left","toggleMode":"pushContentAside","initiallyOpen":false},{"position":"center"}]' class='mx-layoutcontainer mx-scrollcontainer mx-layoutcontainer-horizontal mx-scrollcontainer-horizontal mx-layoutcontainer-fixed mx-scrollcontainer-fixed'><div class='mx-layoutcontainer-left mx-scrollcontainer-left region-sidebar' style='width:200px;'><div class='mx-layoutcontainer-wrapper mx-scrollcontainer-wrapper'><div data-mendix-id='89_1' data-mendix-type='mxui.widget.NavigationTree' data-mendix-props='"friendlyId":"NavigationLayouts.Sidebar_Full_Responsive.navigationTree3","menuID":"159b6aef-dbc3-5b23-a735-cf99f8341771"' class='mx-name-navigationTree3'></div></div></div><div class='mx-layoutcontainer-center mx-scrollcontainer-center '><div class='mx-layoutcontainer-wrapper mx-scrollcontainer-wrapper mx-layoutcontainer-nested mx-scrollcontainer-nested'><div data-mendix-id='89_2' data-mendix-type='mxui.widget.VerticalScrollContainer' data-mendix-props='"fixed":true,"config":[{"position":"top"},{"position":"middle"}]' class='mx-layoutcontainer mx-scrollcontainer mx-layoutcontainer-vertical mx-scrollcontainer-vertical mx-layoutcontainer-fixed mx-scrollcontainer-fixed'><div class='mx-layoutcontainer-top mx-scrollcontainer-top region-topbar'><div class='mx-layoutcontainer-wrapper mx-scrollcontainer-wrapper'><div data-mendix-id='89_3' class='mx-layoutgrid mx-layoutgrid-fluid container-fluid mx-name-layoutGrid2'><div class='row'><div class='col-md-9 col-xs-12 col-sm-9'><div class='mx-name-container4 navbar-header'><div data-mendix-id='89_4' data-mendix-type='mxui.widget.StaticImage' data-mendix-props='"friendlyId":"NavigationLayouts.Sidebar_Full_Responsive.image1","url":"img/NavigationLayouts$logo_2.png?636468842603385563","action":{"type":"openPage","hasParameter":false,"params":{"path":"MyFirstModule/Template_Display_with_search.page.xml","location":"content","allowedRoles":["Administrator","User"]}}' data-mendix-roles='Administrator,User' class='mx-name-image1 img-responsive' style='margin-top: 12px; width: 12%;'></div><div data-mendix-id='89_5' data-mendix-type='mxui.widget.SidebarToggleButton' data-mendix-props='"friendlyId":"NavigationLayouts.Sidebar_Full_Responsive.sidebarToggle1","caption":{"$type":"textTemplate","text":"","friendlyId":"NavigationLayouts.Sidebar_Full_Responsive.sidebarToggle1"},"iconClass":"glyphicon-menu-hamburger","renderType":"button"' class='mx-name-sidebarToggle1 hidden-sm hidden-md hidden-lg btn-bordered toggle-btn btn-inverse' style='margin-top: -30px;' tabindex='-1'></div></div></div><div class='col-md-3 col-sm-3'><div class='mx-name-container1 nav navbar-nav navbar-right'><div data-mendix-id='89_6' data-mendix-type='mxui.widget.ActionButton' data-mendix-props='"friendlyId":"NavigationLayouts.Sidebar_Full_Responsive.signOutButton1","caption":{"$type":"textTemplate","text":"Sign Out","friendlyId":"NavigationLayouts.Sidebar_Full_Responsive.signOutButton1"},"title":"Sign Out","renderType":"button","action":{"type":"signOut","hasParameter":false,"params":{}}' data-mendix-named-user='true' class='mx-name-signOutButton1 btn-warning' style='margin-top: 20px; margin-right:20px; cursor: pointer; padding: 3px 7px ! important;' tabindex='0'></div></div></div></div></div></div></div><div class='mx-layoutcontainer-middle mx-scrollcontainer-middle region-content'><div class='mx-layoutcontainer-wrapper mx-scrollcontainer-wrapper'><div data-mendix-id='89_7' class='mx-layoutgrid mx-layoutgrid-fluid container-fluid mx-name-layoutGrid1'><div class='row no-gutter'><div class='col-md-2 region-sidebar-fixed col-sm-3'><div data-mendix-id='89_8' data-mendix-type='mxui.widget.NavigationTree' data-mendix-props='"friendlyId":"NavigationLayouts.Sidebar_Full_Responsive.navigationTree2","menuID":"159b6aef-dbc3-5b23-a735-cf99f8341771"' class='mx-name-navigationTree2'></div></div><div class='col-md-10 region-content col-sm-9 col-sm-offset-3 col-md-offset-2'><div data-mx-placeholder='90307765-bc1b-483c-818f-821454fe380b' class='mx-placeholder'></div></div></div></div></div></div></div></div></div></div></m:argument></m:arguments></m:layout>