﻿<?xml version='1.0' encoding='utf-8'?><m:layout id='799a569e-286b-4831-bd9c-648bfb009ed0' xmlns='http://www.w3.org/1999/xhtml' xmlns:m='http://schemas.mendix.com/forms/1.0'><m:arguments><m:argument><div data-mendix-id='91_0' data-mendix-type='mxui.widget.VerticalScrollContainer' data-mendix-props='"fixed":true,"config":[{"position":"top"},{"position":"middle"}]' class='mx-layoutcontainer mx-scrollcontainer mx-layoutcontainer-vertical mx-scrollcontainer-vertical mx-layoutcontainer-fixed mx-scrollcontainer-fixed'><div class='mx-layoutcontainer-top mx-scrollcontainer-top region-topbar'><div class='mx-layoutcontainer-wrapper mx-scrollcontainer-wrapper'><div data-mendix-id='91_1' class='mx-layoutgrid mx-layoutgrid-fluid container-fluid mx-name-layoutGrid2'><div class='row'><div class='col-md-9 col-xs-12 col-sm-9'><div class='mx-name-container5 navbar-header'><div data-mendix-id='91_2' data-mendix-type='mxui.widget.SidebarToggleButton' data-mendix-props='"friendlyId":"NavigationLayouts.Sidebar_Right.sidebarToggle2","caption":{"$type":"textTemplate","text":"","friendlyId":"NavigationLayouts.Sidebar_Right.sidebarToggle2"},"iconClass":"glyphicon-menu-hamburger","renderType":"button"' class='mx-name-sidebarToggle2 btn-bordered toggle-btn btn-inverse' tabindex='-1'></div><div data-mendix-id='91_3' data-mendix-type='mxui.widget.ActionButton' data-mendix-props='"friendlyId":"NavigationLayouts.Sidebar_Right.microflowButton2","caption":{"$type":"textTemplate","text":"App Name","friendlyId":"NavigationLayouts.Sidebar_Right.microflowButton2"},"iconUrl":"img/NavigationLayouts$logo.png?636468842603385563","renderType":"link","action":{"type":"callMicroflow","hasParameter":false,"params":{"name":"System.ShowHomePage","validate":"view","allowedRoles":["Administrator","User","Anonymous"]}}' data-mendix-roles='Administrator,User,Anonymous' class='mx-name-microflowButton2 navbar-brand' tabindex='0'></div></div></div><div class='col-md-3 col-sm-3'><div class='mx-name-container2 nav navbar-nav navbar-right'><div data-mendix-id='91_4' data-mendix-type='AppSwitcher.AppSwitcher' data-mendix-props='"friendlyId":"NavigationLayouts.Sidebar_Right.mendixAppSwitcher2","mendixserver":"https://home.mendix.com","popupBehavior":"bottom","frameHeight":48,"frameWidth":48,"iconColor":"#000000","iconSize":20' class='mx-name-mendixAppSwitcher2' tabindex='0'></div><div data-mendix-id='91_5' data-mendix-type='ProfileMenu.ProfileMenu' data-mendix-props='"friendlyId":"NavigationLayouts.Sidebar_Right.mendixProfileMenu2","mendixserver":"https://home.mendix.com","popupBehavior":"bottom","frameHeight":48,"frameWidth":48' class='mx-name-mendixProfileMenu2' tabindex='0'></div></div></div></div></div></div></div><div class='mx-layoutcontainer-middle mx-scrollcontainer-middle '><div class='mx-layoutcontainer-wrapper mx-scrollcontainer-wrapper mx-layoutcontainer-nested mx-scrollcontainer-nested'><div data-mendix-id='91_6' data-mendix-type='mxui.widget.HorizontalScrollContainer' data-mendix-props='"fixed":true,"config":[{"position":"center"},{"position":"right","toggleMode":"shrinkContent","initiallyOpen":true}]' class='mx-layoutcontainer mx-scrollcontainer mx-layoutcontainer-horizontal mx-scrollcontainer-horizontal mx-layoutcontainer-fixed mx-scrollcontainer-fixed'><div class='mx-layoutcontainer-center mx-scrollcontainer-center region-content'><div class='mx-layoutcontainer-wrapper mx-scrollcontainer-wrapper'><div data-mendix-id='91_7' class='mx-layoutgrid mx-layoutgrid-fluid container-fluid mx-name-layoutGrid1'><div class='row'><div class='col-md-12 region-content'><div data-mx-placeholder='de4a1b7e-803f-437f-9d9d-6947a4ce63cb' class='mx-placeholder'></div></div></div></div><div data-mendix-id='91_8' data-mendix-type='SprintrFeedbackWidget.SprintrFeedback' data-mendix-props='"friendlyId":"NavigationLayouts.Sidebar_Right.feedbackWidget1","entity":"","usernameattr":"","emailattr":"","allowFile":true,"allowSshot":false,"sprintrserver":"https://sprintr.home.mendix.com/","sprintrapp":"1504e405-4409-4371-b438-e5736076fa52"' class='mx-name-feedbackWidget1' tabindex='0'></div></div></div><div class='mx-layoutcontainer-right mx-scrollcontainer-right region-sidebar' style='width:230px;'><div class='mx-layoutcontainer-wrapper mx-scrollcontainer-wrapper'><div data-mendix-id='91_9' data-mendix-type='mxui.widget.NavigationTree' data-mendix-props='"friendlyId":"NavigationLayouts.Sidebar_Right.navigationTree1","menuID":"159b6aef-dbc3-5b23-a735-cf99f8341771"' class='mx-name-navigationTree1'></div></div></div></div></div></div></div></m:argument></m:arguments></m:layout>