﻿<?xml version='1.0' encoding='utf-8'?><m:layout id='42ecf46d-2cdc-4cc5-a35c-5f985693496b' xmlns='http://www.w3.org/1999/xhtml' xmlns:m='http://schemas.mendix.com/forms/1.0'><m:arguments><m:argument><div data-mendix-id='94_0' data-mendix-type='mxui.widget.HorizontalScrollContainer' data-mendix-props='"fixed":true,"config":[{"position":"center"},{"position":"right"}]' class='mx-layoutcontainer mx-scrollcontainer mx-layoutcontainer-horizontal mx-scrollcontainer-horizontal mx-layoutcontainer-fixed mx-scrollcontainer-fixed'><div class='mx-layoutcontainer-center mx-scrollcontainer-center region-content'><div class='mx-layoutcontainer-wrapper mx-scrollcontainer-wrapper'><div data-mx-placeholder='5c95e305-102c-47f0-8952-630b6c0c729c' class='mx-placeholder'></div></div></div><div class='mx-layoutcontainer-right mx-scrollcontainer-right region-sidebar' style='width:230px;'><div class='mx-layoutcontainer-wrapper mx-scrollcontainer-wrapper'><div data-mendix-id='94_1' data-mendix-type='mxui.widget.NavigationTree' data-mendix-props='"friendlyId":"NavigationLayouts.Tablet_SidebarRight.navigationTree1","menuID":"ea61ffbe-9386-4439-9510-3a08d64e10e6"' class='mx-name-navigationTree1'></div></div></div></div></m:argument></m:arguments></m:layout>