﻿<?xml version='1.0' encoding='utf-8'?><m:layout id='4fb0ddb1-4241-4c2e-b9ee-61551f2a7454' xmlns='http://www.w3.org/1999/xhtml' xmlns:m='http://schemas.mendix.com/forms/1.0'><m:arguments><m:argument><div data-mendix-id='95_0' data-mendix-type='mxui.widget.HorizontalScrollContainer' data-mendix-props='"fixed":true,"config":[{"position":"left"},{"position":"center"}]' class='mx-layoutcontainer mx-scrollcontainer mx-layoutcontainer-horizontal mx-scrollcontainer-horizontal mx-layoutcontainer-fixed mx-scrollcontainer-fixed'><div class='mx-layoutcontainer-left mx-scrollcontainer-left region-sidebar' style='width:80px;'><div class='mx-layoutcontainer-wrapper mx-scrollcontainer-wrapper'><div data-mendix-id='95_1' data-mendix-type='mxui.widget.NavigationTree' data-mendix-props='"friendlyId":"NavigationLayouts.Tablet_TopSidebar.navigationTree1","menuID":"ea61ffbe-9386-4439-9510-3a08d64e10e6"' class='mx-name-navigationTree1 nav-content-center'></div></div></div><div class='mx-layoutcontainer-center mx-scrollcontainer-center '><div class='mx-layoutcontainer-wrapper mx-scrollcontainer-wrapper mx-layoutcontainer-nested mx-scrollcontainer-nested'><div data-mendix-id='95_2' data-mendix-type='mxui.widget.VerticalScrollContainer' data-mendix-props='"fixed":true,"config":[{"position":"top"},{"position":"middle"}]' class='mx-layoutcontainer mx-scrollcontainer mx-layoutcontainer-vertical mx-scrollcontainer-vertical mx-layoutcontainer-fixed mx-scrollcontainer-fixed'><div class='mx-layoutcontainer-top mx-scrollcontainer-top region-topbar'><div class='mx-layoutcontainer-wrapper mx-scrollcontainer-wrapper'><div data-mendix-id='95_3_4' class='mx-layoutgrid mx-layoutgrid-fluid container-fluid mx-name-layoutGrid1'><div class='row'><div class='col-md-3'><div class='mx-name-container4 navbar-header'><div data-mendix-id='95_3_5' data-mendix-type='mxui.widget.ActionButton' data-mendix-props='"friendlyId":"NavigationLayouts.Snippet_Topbar.microflowButton1","caption":{"$type":"textTemplate","text":"App Name","friendlyId":"NavigationLayouts.Snippet_Topbar.microflowButton1"},"iconUrl":"img/NavigationLayouts$logo.png?636468842603385563","renderType":"link","action":{"type":"callMicroflow","hasParameter":false,"params":{"name":"System.ShowHomePage","validate":"view","allowedRoles":["Administrator","User","Anonymous"]}}' data-mendix-roles='Administrator,User,Anonymous' class='mx-name-microflowButton1 navbar-brand' tabindex='0'></div></div></div><div class='col-md-9'><div class='mx-name-container1 nav navbar-nav navbar-right'><div data-mendix-id='95_3_6' data-mendix-type='AppSwitcher.AppSwitcher' data-mendix-props='"friendlyId":"NavigationLayouts.Snippet_Topbar.mendixAppSwitcher1","mendixserver":"https://home.mendix.com/","frameHeight":48,"frameWidth":48,"iconColor":"#000000","iconSize":20,"popupBehavior":"bottom"' class='mx-name-mendixAppSwitcher1' tabindex='0'></div><div data-mendix-id='95_3_7' data-mendix-type='ProfileMenu.ProfileMenu' data-mendix-props='"friendlyId":"NavigationLayouts.Snippet_Topbar.mendixProfileMenu1","mendixserver":"https://home.mendix.com/","frameHeight":48,"frameWidth":48,"popupBehavior":"bottom"' class='mx-name-mendixProfileMenu1' tabindex='0'></div></div></div></div></div></div></div><div class='mx-layoutcontainer-middle mx-scrollcontainer-middle region-content'><div class='mx-layoutcontainer-wrapper mx-scrollcontainer-wrapper'><div data-mx-placeholder='8efcd58e-4cbf-4aeb-a70b-d69752d7accf' class='mx-placeholder'></div></div></div></div></div></div></div></m:argument></m:arguments></m:layout>