﻿<?xml version='1.0' encoding='utf-8'?><m:layout id='d031e4f2-f77c-4a96-b605-234514fd5e56' xmlns='http://www.w3.org/1999/xhtml' xmlns:m='http://schemas.mendix.com/forms/1.0'><m:arguments><m:argument><div data-mendix-id='96_0' data-mendix-type='mxui.widget.HorizontalScrollContainer' data-mendix-props='"fixed":true,"config":[{"position":"left"},{"position":"center"}]' class='mx-layoutcontainer mx-scrollcontainer mx-layoutcontainer-horizontal mx-scrollcontainer-horizontal mx-layoutcontainer-fixed mx-scrollcontainer-fixed'><div class='mx-layoutcontainer-left mx-scrollcontainer-left region-sidebar' style='width:230px;'><div class='mx-layoutcontainer-wrapper mx-scrollcontainer-wrapper'><div data-mendix-id='96_1' data-mendix-type='mxui.widget.NavigationTree' data-mendix-props='"friendlyId":"NavigationLayouts.Tablet_SidebarLeft.navigationTree1","menuID":"ea61ffbe-9386-4439-9510-3a08d64e10e6"' class='mx-name-navigationTree1 nav-content-center'></div></div></div><div class='mx-layoutcontainer-center mx-scrollcontainer-center region-content'><div class='mx-layoutcontainer-wrapper mx-scrollcontainer-wrapper'><div data-mx-placeholder='f1222899-f8de-4ea8-90db-11a395863106' class='mx-placeholder'></div></div></div></div></m:argument></m:arguments></m:layout>