﻿<?xml version='1.0' encoding='utf-8'?><m:layout id='e7e87030-73b7-4c4c-a608-4608525a9f20' xmlns='http://www.w3.org/1999/xhtml' xmlns:m='http://schemas.mendix.com/forms/1.0'><m:arguments><m:argument><div data-mendix-id='87_0' data-mendix-type='mxui.widget.VerticalScrollContainer' data-mendix-props='"fixed":false,"config":[{"position":"middle"}]' class='mx-layoutcontainer mx-scrollcontainer mx-layoutcontainer-vertical mx-scrollcontainer-vertical'><div class='mx-layoutcontainer-middle mx-scrollcontainer-middle region-content'><div class='mx-layoutcontainer-wrapper mx-scrollcontainer-wrapper'><div data-mx-placeholder='1bac8c00-be51-4804-b82c-2e7cc65ecca9' class='mx-placeholder'></div></div></div></div></m:argument></m:arguments></m:layout>