﻿<?xml version='1.0' encoding='utf-8'?><m:layout id='aaf86664-e6f2-468f-9b2a-58fd67b6a4df' xmlns='http://www.w3.org/1999/xhtml' xmlns:m='http://schemas.mendix.com/forms/1.0'><m:arguments><m:argument><div data-mendix-id='88_0' data-mendix-type='mxui.widget.HorizontalScrollContainer' data-mendix-props='"fixed":true,"config":[{"position":"left","toggleMode":"pushContentAside","initiallyOpen":false},{"position":"center"}]' class='mx-layoutcontainer mx-scrollcontainer mx-layoutcontainer-horizontal mx-scrollcontainer-horizontal mx-layoutcontainer-fixed mx-scrollcontainer-fixed'><div class='mx-layoutcontainer-left mx-scrollcontainer-left region-sidebar' style='width:200px;'><div class='mx-layoutcontainer-wrapper mx-scrollcontainer-wrapper'><div data-mendix-id='88_1' data-mendix-type='mxui.widget.NavigationTree' data-mendix-props='"friendlyId":"NavigationLayouts.TopBar_Fixed.navigationTree1","menuID":"159b6aef-dbc3-5b23-a735-cf99f8341771"' class='mx-name-navigationTree1'></div></div></div><div class='mx-layoutcontainer-center mx-scrollcontainer-center '><div class='mx-layoutcontainer-wrapper mx-scrollcontainer-wrapper mx-layoutcontainer-nested mx-scrollcontainer-nested'><div data-mendix-id='88_2' data-mendix-type='mxui.widget.VerticalScrollContainer' data-mendix-props='"fixed":true,"config":[{"position":"top"},{"position":"middle"}]' class='mx-layoutcontainer mx-scrollcontainer mx-layoutcontainer-vertical mx-scrollcontainer-vertical mx-layoutcontainer-fixed mx-scrollcontainer-fixed'><div class='mx-layoutcontainer-top mx-scrollcontainer-top region-topbar'><div class='mx-layoutcontainer-wrapper mx-scrollcontainer-wrapper'><div data-mendix-id='88_3' class='mx-layoutgrid mx-layoutgrid-fluid container-fluid mx-name-layoutGrid2'><div class='row'><div class='col-md-7 col-xs-12 col-sm-9'><div class='mx-name-container4 navbar-header'><div data-mendix-id='88_4' data-mendix-type='mxui.widget.SidebarToggleButton' data-mendix-props='"friendlyId":"NavigationLayouts.TopBar_Fixed.sidebarToggle1","caption":{"$type":"textTemplate","text":"","friendlyId":"NavigationLayouts.TopBar_Fixed.sidebarToggle1"},"iconClass":"glyphicon-menu-hamburger","renderType":"button"' class='mx-name-sidebarToggle1 hidden-sm hidden-md hidden-lg btn-bordered toggle-btn btn-primary' tabindex='-1'></div><div data-mendix-id='88_5' data-mendix-type='mxui.widget.ActionButton' data-mendix-props='"friendlyId":"NavigationLayouts.TopBar_Fixed.microflowButton1","caption":{"$type":"textTemplate","text":"MicroService Estimation","friendlyId":"NavigationLayouts.TopBar_Fixed.microflowButton1"},"renderType":"link","action":{"type":"callMicroflow","hasParameter":false,"params":{"name":"System.ShowHomePage","validate":"view","allowedRoles":["Administrator","User","Anonymous"]}}' data-mendix-roles='Administrator,User,Anonymous' class='mx-name-microflowButton1 navbar-brand' style='; font-size: 20px;' tabindex='0'></div></div></div><div class='col-md-5'><div data-mendix-id='88_6' data-mendix-type='mxui.widget.ActionButton' data-mendix-props='"friendlyId":"NavigationLayouts.TopBar_Fixed.action_button","caption":{"$type":"textTemplate","text":"Sign out","friendlyId":"NavigationLayouts.TopBar_Fixed.action_button"},"iconClass":"glyphicon-off","renderType":"button","action":{"type":"signOut","hasParameter":false,"params":{}}' data-mendix-named-user='true' class='mx-name-action_button btn-default' style='margin-top: 10px; margin-left: 475px; font-size: 12px; cursor: pointer;' tabindex='0'></div><div class='mx-name-container1'><div data-mendix-id='88_7' data-mendix-type='mxui.widget.ActionButton' data-mendix-props='"friendlyId":"NavigationLayouts.TopBar_Fixed.actionButton1","caption":{"$type":"textTemplate","text":"Home","friendlyId":"NavigationLayouts.TopBar_Fixed.actionButton1"},"renderType":"button","action":{"type":"openPage","hasParameter":false,"params":{"path":"MyFirstModule/Service_Attribute.page.xml","location":"content","allowedRoles":["Administrator","User"]}}' data-mendix-roles='Administrator,User' class='mx-name-actionButton1 btn-success' style='margin-left: 475px; margin-bottom: 10px; margin-right:100px; margin-top:20px; font-size: 12px; cursor: pointer;' tabindex='0'></div></div></div></div></div></div></div><div class='mx-layoutcontainer-middle mx-scrollcontainer-middle region-content'><div class='mx-layoutcontainer-wrapper mx-scrollcontainer-wrapper'><div data-mx-placeholder='784e67ae-427c-43b8-9af2-3cdcccd3adf8' class='mx-placeholder'></div></div></div></div></div></div></div></m:argument></m:arguments></m:layout>