﻿<?xml version='1.0' encoding='utf-8'?><m:page id='f9de6de2-360c-446b-aa79-cbb9f32035c5' xmlns='http://www.w3.org/1999/xhtml' title='New Account' closeButton='52_0' xmlns:m='http://schemas.mendix.com/forms/1.0'><m:layouts><m:layout path='NavigationLayouts/PopupLayout.layout.xml'></m:layout></m:layouts><m:arguments><m:argument parameterName='3eef2867-c100-4096-a8ea-2b35da5f61f1'><div data-mendix-id='52_1' data-mendix-type='mxui.widget.DataView' data-mendix-props='"friendlyId":"Administration.Account_New.dataView2","entity":"Administration.AccountPasswordData","schema":"ee92785c-4626-4fac-9a4d-6990dd530f62","datasource":{"friendlyId":"Administration.Account_New.dataView2","type":"direct","path":"Administration.AccountPasswordData"}' class='mx-name-dataView2 formCls' tabindex='0'></div></m:argument></m:arguments><m:templates><m:template widget-id='52_1' name='content'><div data-mendix-id='52_3' data-mendix-type='mxui.widget.DataView' data-mendix-props='"friendlyId":"Administration.Account_New.dataView1","entity":"Administration.Account","schema":"6172fc5f-626e-4955-bbd6-734be49d908b","hideFooter":true,"datasource":{"friendlyId":"Administration.Account_New.dataView1","type":"direct","path":"Administration.AccountPasswordData_Account/Administration.Account"}' class='mx-name-dataView1 formCls' tabindex='0'></div><div data-mendix-id='52_4' class='form-group mx-name-textBox5'><label class='control-label'>New password</label><div data-mendix-id='52_17' data-mendix-type='mxui.widget.PasswordInput' data-mendix-props='"friendlyId":"Administration.Account_New.textBox5","insideFormGroup":true,"attributePath":"Administration.AccountPasswordData/NewPassword","readOnlyStyle":"text","validation":{"message":"The password cannot be empty.","expression":{"type":"function","name":"!=","parameters":[{"type":"variable","variable":"value","path":null},{"type":"literal","value":null}]}},"placeholder":"","maxLength":200' tabindex='0'></div></div><div data-mendix-id='52_5' class='form-group mx-name-textBox7'><label class='control-label'>Confirm password</label><div data-mendix-id='52_18' data-mendix-type='mxui.widget.PasswordInput' data-mendix-props='"friendlyId":"Administration.Account_New.textBox7","insideFormGroup":true,"attributePath":"Administration.AccountPasswordData/ConfirmPassword","readOnlyStyle":"text","validation":{"message":"The password cannot be empty.","expression":{"type":"function","name":"!=","parameters":[{"type":"variable","variable":"value","path":null},{"type":"literal","value":null}]}},"placeholder":"","maxLength":200' tabindex='0'></div></div></m:template><m:template widget-id='52_1' name='footer'><div data-mendix-id='52_7' data-mendix-type='mxui.widget.ActionButton' data-mendix-props='"friendlyId":"Administration.Account_New.microflowButton1","caption":{"$type":"textTemplate","text":"Save","friendlyId":"Administration.Account_New.microflowButton1"},"renderType":"button","action":{"type":"callMicroflow","hasParameter":true,"params":{"name":"Administration.SaveNewAccount","validate":"view","applyTo":"selection","allowedRoles":["Administrator"]}}' data-mendix-roles='Administrator' class='mx-name-microflowButton1 btn-success' style='margin-top:30px; margin-left:150px' tabindex='0'></div><div data-mendix-id='52_0' data-mendix-type='mxui.widget.ActionButton' data-mendix-props='"friendlyId":"Administration.Account_New.cancelButton1","caption":{"$type":"textTemplate","text":"Cancel","friendlyId":"Administration.Account_New.cancelButton1"},"renderType":"button","action":{"type":"cancelChanges","hasParameter":false,"params":{"closePage":true}}' class='mx-name-cancelButton1 btn-default' style='margin-top:30px; margin-left:30px' tabindex='0'></div></m:template><m:template widget-id='52_3' name='content'><div data-mendix-id='52_9' class='form-group mx-name-textBox6'><label class='control-label'>Full name</label><div data-mendix-id='52_19' data-mendix-type='mxui.widget.TextInput' data-mendix-props='"friendlyId":"Administration.Account_New.textBox6","insideFormGroup":true,"attributePath":"Administration.Account/FullName","readOnlyStyle":"text","validation":null,"placeholder":"","maxLength":200' tabindex='0'></div></div><div data-mendix-id='52_10' class='form-group mx-name-textBox9'><label class='control-label'>User name</label><div data-mendix-id='52_20' data-mendix-type='mxui.widget.TextInput' data-mendix-props='"friendlyId":"Administration.Account_New.textBox9","insideFormGroup":true,"attributePath":"Administration.Account/Name","readOnlyStyle":"text","validation":null,"placeholder":"","maxLength":100' tabindex='0'></div></div><div data-mendix-id='52_11' class='form-group mx-name-textBox1'><label class='control-label'>Email</label><div data-mendix-id='52_21' data-mendix-type='mxui.widget.TextInput' data-mendix-props='"friendlyId":"Administration.Account_New.textBox1","insideFormGroup":true,"attributePath":"Administration.Account/Email","readOnlyStyle":"text","validation":null,"placeholder":"","maxLength":200' tabindex='0'></div></div><div data-mendix-id='52_12' class='form-group mx-name-referenceSetSelector2 formClsdropdown'><label class='control-label'>User role</label><div data-mendix-id='52_22' data-mendix-type='mxui.widget.InputReferenceSetSelector' data-mendix-props='"friendlyId":"Administration.Account_New.referenceSetSelector2","insideFormGroup":true,"attributePath":"Administration.Account/System.UserRoles/System.UserRole/Name","readOnlyStyle":"text","attributePath":"Administration.Account/System.UserRoles/System.UserRole/Name","datasource":{"friendlyId":"Administration.Account_New.referenceSetSelector2","type":"xpath","path":"System.UserRole","constrainedBy":[]},"selectPageSettings":{"path":"Administration/UserRole_Select.page.xml","location":"modal","resizable":true}' tabindex='0'></div></div><div data-mendix-id='52_13' class='form-group mx-name-checkBox1'><label class='control-label'>Blocked</label><div data-mendix-id='52_23' data-mendix-type='mxui.widget.BoolSelect' data-mendix-props='"friendlyId":"Administration.Account_New.checkBox1","insideFormGroup":true,"attributePath":"Administration.Account/Blocked","readOnlyStyle":"text","validation":null' tabindex='0'></div></div><div data-mendix-id='52_14' class='form-group mx-name-checkBox2'><label class='control-label'>Active</label><div data-mendix-id='52_24' data-mendix-type='mxui.widget.BoolSelect' data-mendix-props='"friendlyId":"Administration.Account_New.checkBox2","insideFormGroup":true,"attributePath":"Administration.Account/Active","readOnlyStyle":"text","validation":null' tabindex='0'></div></div><div data-mendix-id='52_15' class='form-group mx-name-referenceSelector1 formClsdropdown'><label class='control-label'>Language</label><div data-mendix-id='52_25' data-mendix-type='mxui.widget.ReferenceSelector' data-mendix-props='"friendlyId":"Administration.Account_New.referenceSelector1","insideFormGroup":true,"attributePath":"Administration.Account/System.User_Language/System.Language/Description","readOnlyStyle":"text","attributePath":"Administration.Account/System.User_Language/System.Language/Description","datasource":{"friendlyId":"Administration.Account_New.referenceSelector1","type":"xpath","path":"System.Language","constrainedBy":[],"sort":[["Description","asc"]]},"validation":null,"emptyOptionCaption":""' tabindex='0'></div></div><div data-mendix-id='52_16' class='form-group mx-name-referenceSelector2 formClsdropdown'><label class='control-label'>Time zone</label><div data-mendix-id='52_26' data-mendix-type='mxui.widget.ReferenceSelector' data-mendix-props='"friendlyId":"Administration.Account_New.referenceSelector2","insideFormGroup":true,"attributePath":"Administration.Account/System.User_TimeZone/System.TimeZone/Description","readOnlyStyle":"text","attributePath":"Administration.Account/System.User_TimeZone/System.TimeZone/Description","datasource":{"friendlyId":"Administration.Account_New.referenceSelector2","type":"microflow","microflow":"Administration.RetrieveTimeZones","path":"System.TimeZone"},"validation":null,"emptyOptionCaption":""' tabindex='0'></div></div></m:template></m:templates></m:page>