﻿<?xml version='1.0' encoding='utf-8'?><m:page id='91a18a03-4dbb-4e24-9c39-46d661c05517' xmlns='http://www.w3.org/1999/xhtml' title='Edit Account' closeButton='49_0' xmlns:m='http://schemas.mendix.com/forms/1.0'><m:layouts><m:layout path='NavigationLayouts/PopupLayout.layout.xml'></m:layout></m:layouts><m:arguments><m:argument parameterName='3eef2867-c100-4096-a8ea-2b35da5f61f1'><div data-mendix-id='49_1' data-mendix-type='mxui.widget.DataView' data-mendix-props='"friendlyId":"Administration.Account_Edit.dataView1","entity":"Administration.Account","schema":"5277f0b8-375e-478f-bdd9-ba07b3bb9673","datasource":{"friendlyId":"Administration.Account_Edit.dataView1","type":"direct","path":"Administration.Account"},"conditions":{"49_3":{"visible":{"type":"function","name":"not","parameters":[{"type":"variable","variable":"currentObject","path":"IsLocalUser"}]}},"49_5":{"visible":{"type":"variable","variable":"currentObject","path":"IsLocalUser"}},"49_7":{"visible":{"type":"variable","variable":"currentObject","path":"IsLocalUser"}},"49_13":{"visible":{"type":"variable","variable":"currentObject","path":"IsLocalUser"}}}' class='mx-name-dataView1 formCls' tabindex='0'></div></m:argument></m:arguments><m:templates><m:template widget-id='49_1' name='content'><label class='mx-name-label4 alert alert-warning' style='width:100%;' data-mendix-id='49_3'>Mendix AppCloud users are provisioned by the AppCloudServices module, any changes made in this form might get overwritten. </label><div data-mendix-id='49_4' class='form-group mx-name-textBox6'><label class='control-label'>Full name</label><div data-mendix-id='49_16' data-mendix-type='mxui.widget.TextInput' data-mendix-props='"friendlyId":"Administration.Account_Edit.textBox6","insideFormGroup":true,"attributePath":"Administration.Account/FullName","readOnlyStyle":"text","validation":null,"placeholder":"","maxLength":200' tabindex='0'></div></div><div data-mendix-id='49_5' class='form-group mx-name-textBox9'><label class='control-label'>User name</label><div data-mendix-id='49_17' data-mendix-type='mxui.widget.TextInput' data-mendix-props='"friendlyId":"Administration.Account_Edit.textBox9","insideFormGroup":true,"attributePath":"Administration.Account/Name","readOnlyStyle":"text","validation":null,"placeholder":"","maxLength":100' tabindex='0'></div></div><div data-mendix-id='49_6' class='form-group mx-name-textBox1'><label class='control-label'>Email</label><div data-mendix-id='49_18' data-mendix-type='mxui.widget.TextInput' data-mendix-props='"friendlyId":"Administration.Account_Edit.textBox1","insideFormGroup":true,"attributePath":"Administration.Account/Email","readOnlyStyle":"text","validation":null,"placeholder":"","maxLength":200' tabindex='0'></div></div><div data-mendix-id='49_7' class='form-group mx-name-textBox92'><label class='control-label'>OpenID</label><div data-mendix-id='49_19' data-mendix-type='mxui.widget.TextInput' data-mendix-props='"friendlyId":"Administration.Account_Edit.textBox92","readOnly":true,"insideFormGroup":true,"attributePath":"Administration.Account/Name","readOnlyStyle":"text","validation":null,"placeholder":"","maxLength":100' tabindex='0'></div></div><div data-mendix-id='49_8' class='form-group mx-name-referenceSetSelector2 formClsdropdown'><label class='control-label'>User role</label><div data-mendix-id='49_20' data-mendix-type='mxui.widget.InputReferenceSetSelector' data-mendix-props='"friendlyId":"Administration.Account_Edit.referenceSetSelector2","insideFormGroup":true,"attributePath":"Administration.Account/System.UserRoles/System.UserRole/Name","readOnlyStyle":"text","attributePath":"Administration.Account/System.UserRoles/System.UserRole/Name","datasource":{"friendlyId":"Administration.Account_Edit.referenceSetSelector2","type":"xpath","path":"System.UserRole","constrainedBy":[]},"selectPageSettings":{"path":"Administration/UserRole_Select.page.xml","location":"modal","resizable":true}' tabindex='0'></div></div><div data-mendix-id='49_9' class='form-group mx-name-checkBox1'><label class='control-label'>Blocked</label><div data-mendix-id='49_21' data-mendix-type='mxui.widget.BoolSelect' data-mendix-props='"friendlyId":"Administration.Account_Edit.checkBox1","insideFormGroup":true,"attributePath":"Administration.Account/Blocked","readOnlyStyle":"text","validation":null' tabindex='0'></div></div><div data-mendix-id='49_10' class='form-group mx-name-checkBox2'><label class='control-label'>Active</label><div data-mendix-id='49_22' data-mendix-type='mxui.widget.BoolSelect' data-mendix-props='"friendlyId":"Administration.Account_Edit.checkBox2","insideFormGroup":true,"attributePath":"Administration.Account/Active","readOnlyStyle":"text","validation":null' tabindex='0'></div></div><div data-mendix-id='49_11' class='form-group mx-name-referenceSelector1 formClsdropdown'><label class='control-label'>Language</label><div data-mendix-id='49_23' data-mendix-type='mxui.widget.ReferenceSelector' data-mendix-props='"friendlyId":"Administration.Account_Edit.referenceSelector1","insideFormGroup":true,"attributePath":"Administration.Account/System.User_Language/System.Language/Description","readOnlyStyle":"text","attributePath":"Administration.Account/System.User_Language/System.Language/Description","datasource":{"friendlyId":"Administration.Account_Edit.referenceSelector1","type":"xpath","path":"System.Language","constrainedBy":[],"sort":[["Description","asc"]]},"validation":null,"emptyOptionCaption":""' tabindex='0'></div></div><div data-mendix-id='49_12' class='form-group mx-name-referenceSelector2 formClsdropdown'><label class='control-label'>Time zone</label><div data-mendix-id='49_24' data-mendix-type='mxui.widget.ReferenceSelector' data-mendix-props='"friendlyId":"Administration.Account_Edit.referenceSelector2","insideFormGroup":true,"attributePath":"Administration.Account/System.User_TimeZone/System.TimeZone/Description","readOnlyStyle":"text","attributePath":"Administration.Account/System.User_TimeZone/System.TimeZone/Description","datasource":{"friendlyId":"Administration.Account_Edit.referenceSelector2","type":"microflow","microflow":"Administration.RetrieveTimeZones","path":"System.TimeZone"},"validation":null,"emptyOptionCaption":""' tabindex='0'></div></div><div data-mendix-id='49_13' data-mendix-type='mxui.widget.ActionButton' data-mendix-props='"friendlyId":"Administration.Account_Edit.microflowTrigger1","caption":{"$type":"textTemplate","text":"Change password","friendlyId":"Administration.Account_Edit.microflowTrigger1"},"renderType":"button","action":{"type":"callMicroflow","hasParameter":true,"params":{"name":"Administration.ShowPasswordForm","applyTo":"selection","allowedRoles":["Administrator"]}}' data-mendix-roles='Administrator' class='mx-name-microflowTrigger1 btn-default' tabindex='0'></div></m:template><m:template widget-id='49_1' name='footer'><div data-mendix-id='49_15' data-mendix-type='mxui.widget.ActionButton' data-mendix-props='"friendlyId":"Administration.Account_Edit.saveButton1","caption":{"$type":"textTemplate","text":"Save","friendlyId":"Administration.Account_Edit.saveButton1"},"renderType":"button","action":{"type":"saveChanges","hasParameter":true,"params":{"closePage":false}}' class='mx-name-saveButton1 btn-success' style='margin-top:30px; margin-left:150px' tabindex='0'></div><div data-mendix-id='49_0' data-mendix-type='mxui.widget.ActionButton' data-mendix-props='"friendlyId":"Administration.Account_Edit.cancelButton1","caption":{"$type":"textTemplate","text":"Cancel","friendlyId":"Administration.Account_Edit.cancelButton1"},"renderType":"button","action":{"type":"cancelChanges","hasParameter":false,"params":{"closePage":false}}' class='mx-name-cancelButton1 btn-default' style='margin-top:30px; margin-left:30px' tabindex='0'></div></m:template></m:templates></m:page>