﻿<?xml version='1.0' encoding='utf-8'?><m:page id='7a0d9d8c-473b-48de-80a1-c1304278060a' xmlns='http://www.w3.org/1999/xhtml' title='Change Password' closeButton='55_0' xmlns:m='http://schemas.mendix.com/forms/1.0'><m:layouts><m:layout path='NavigationLayouts/PopupLayout.layout.xml'></m:layout></m:layouts><m:arguments><m:argument parameterName='3eef2867-c100-4096-a8ea-2b35da5f61f1'><div data-mendix-id='55_1' data-mendix-type='mxui.widget.DataView' data-mendix-props='"friendlyId":"Administration.ChangeMyPasswordForm.dataView2","entity":"Administration.AccountPasswordData","schema":"bc86c545-4d70-435e-8a5d-85e065c19ad7","datasource":{"friendlyId":"Administration.ChangeMyPasswordForm.dataView2","type":"direct","path":"Administration.AccountPasswordData"}' class='mx-name-dataView2 form-horizontal' tabindex='0'></div></m:argument></m:arguments><m:templates><m:template widget-id='55_1' name='content'><div data-mendix-id='55_3' class='form-group mx-name-textBox2'><label class='control-label col-sm-3'>Old password</label><div data-mendix-id='55_8' data-mendix-type='mxui.widget.PasswordInput' data-mendix-props='"friendlyId":"Administration.ChangeMyPasswordForm.textBox2","insideFormGroup":true,"attributePath":"Administration.AccountPasswordData/OldPassword","readOnlyStyle":"text","validation":{"message":"The password cannot be empty.","expression":{"type":"function","name":"!=","parameters":[{"type":"variable","variable":"value","path":null},{"type":"literal","value":null}]}},"placeholder":"","maxLength":200' class='col-sm-9' tabindex='0'></div></div><div data-mendix-id='55_4' class='form-group mx-name-textBox3'><label class='control-label col-sm-3'>New password</label><div data-mendix-id='55_9' data-mendix-type='mxui.widget.PasswordInput' data-mendix-props='"friendlyId":"Administration.ChangeMyPasswordForm.textBox3","insideFormGroup":true,"attributePath":"Administration.AccountPasswordData/NewPassword","readOnlyStyle":"text","validation":{"message":"The password cannot be empty.","expression":{"type":"function","name":"!=","parameters":[{"type":"variable","variable":"value","path":null},{"type":"literal","value":null}]}},"placeholder":"","maxLength":200' class='col-sm-9' tabindex='0'></div></div><div data-mendix-id='55_5' class='form-group mx-name-textBox1'><label class='control-label col-sm-3'>Confirm password</label><div data-mendix-id='55_10' data-mendix-type='mxui.widget.PasswordInput' data-mendix-props='"friendlyId":"Administration.ChangeMyPasswordForm.textBox1","insideFormGroup":true,"attributePath":"Administration.AccountPasswordData/ConfirmPassword","readOnlyStyle":"text","validation":{"message":"The password cannot be empty.","expression":{"type":"function","name":"!=","parameters":[{"type":"variable","variable":"value","path":null},{"type":"literal","value":null}]}},"placeholder":"","maxLength":200' class='col-sm-9' tabindex='0'></div></div></m:template><m:template widget-id='55_1' name='footer'><div data-mendix-id='55_7' data-mendix-type='mxui.widget.ActionButton' data-mendix-props='"friendlyId":"Administration.ChangeMyPasswordForm.microflowButton1","caption":{"$type":"textTemplate","text":"Change","friendlyId":"Administration.ChangeMyPasswordForm.microflowButton1"},"renderType":"button","action":{"type":"callMicroflow","hasParameter":true,"params":{"name":"Administration.ChangeMyPassword","validate":"view","applyTo":"selection","allowedRoles":["Administrator","User"]}}' data-mendix-roles='Administrator,User' class='mx-name-microflowButton1 btn-success' tabindex='0'></div><div data-mendix-id='55_0' data-mendix-type='mxui.widget.ActionButton' data-mendix-props='"friendlyId":"Administration.ChangeMyPasswordForm.cancelButton1","caption":{"$type":"textTemplate","text":"Cancel","friendlyId":"Administration.ChangeMyPasswordForm.cancelButton1"},"renderType":"button","action":{"type":"cancelChanges","hasParameter":false,"params":{"closePage":false}}' class='mx-name-cancelButton1 btn-default' tabindex='0'></div></m:template></m:templates></m:page>