﻿<?xml version='1.0' encoding='utf-8'?><m:page id='f6c6d3ed-5617-412d-8911-9a88c7624f09' xmlns='http://www.w3.org/1999/xhtml' title='Change Password' closeButton='53_0' xmlns:m='http://schemas.mendix.com/forms/1.0'><m:layouts><m:layout path='NavigationLayouts/PopupLayout.layout.xml'></m:layout></m:layouts><m:arguments><m:argument parameterName='3eef2867-c100-4096-a8ea-2b35da5f61f1'><div data-mendix-id='53_1' data-mendix-type='mxui.widget.DataView' data-mendix-props='"friendlyId":"Administration.ChangePasswordForm.dataView2","entity":"Administration.AccountPasswordData","schema":"ab580a08-3c33-4490-bf19-ce703a63448a","datasource":{"friendlyId":"Administration.ChangePasswordForm.dataView2","type":"direct","path":"Administration.AccountPasswordData"}' class='mx-name-dataView2 formCls form-horizontal' tabindex='0'></div></m:argument></m:arguments><m:templates><m:template widget-id='53_1' name='content'><div data-mendix-id='53_3' class='form-group mx-name-textBox3'><label class='control-label col-sm-3'>New password</label><div data-mendix-id='53_7' data-mendix-type='mxui.widget.PasswordInput' data-mendix-props='"friendlyId":"Administration.ChangePasswordForm.textBox3","insideFormGroup":true,"attributePath":"Administration.AccountPasswordData/NewPassword","readOnlyStyle":"text","validation":{"message":"The password cannot be empty.","expression":{"type":"function","name":"!=","parameters":[{"type":"variable","variable":"value","path":null},{"type":"literal","value":null}]}},"placeholder":"","maxLength":200' class='col-sm-9' tabindex='0'></div></div><div data-mendix-id='53_4' class='form-group mx-name-textBox1'><label class='control-label col-sm-3'>Confirm password</label><div data-mendix-id='53_8' data-mendix-type='mxui.widget.PasswordInput' data-mendix-props='"friendlyId":"Administration.ChangePasswordForm.textBox1","insideFormGroup":true,"attributePath":"Administration.AccountPasswordData/ConfirmPassword","readOnlyStyle":"text","validation":{"message":"The password cannot be empty.","expression":{"type":"function","name":"!=","parameters":[{"type":"variable","variable":"value","path":null},{"type":"literal","value":null}]}},"placeholder":"","maxLength":200' class='col-sm-9' tabindex='0'></div></div></m:template><m:template widget-id='53_1' name='footer'><div data-mendix-id='53_6' data-mendix-type='mxui.widget.ActionButton' data-mendix-props='"friendlyId":"Administration.ChangePasswordForm.microflowButton1","caption":{"$type":"textTemplate","text":"Change","friendlyId":"Administration.ChangePasswordForm.microflowButton1"},"renderType":"button","action":{"type":"callMicroflow","hasParameter":true,"params":{"name":"Administration.ChangePassword","validate":"view","applyTo":"selection","allowedRoles":["Administrator"]}}' data-mendix-roles='Administrator' class='mx-name-microflowButton1 btn-success' style='margin-top:30px; margin-left:150px' tabindex='0'></div><div data-mendix-id='53_0' data-mendix-type='mxui.widget.ActionButton' data-mendix-props='"friendlyId":"Administration.ChangePasswordForm.cancelButton1","caption":{"$type":"textTemplate","text":"Cancel","friendlyId":"Administration.ChangePasswordForm.cancelButton1"},"renderType":"button","action":{"type":"cancelChanges","hasParameter":false,"params":{"closePage":false}}' class='mx-name-cancelButton1 btn-default' style='margin-top:30px; margin-left:30px' tabindex='0'></div></m:template></m:templates></m:page>