﻿<?xml version='1.0' encoding='utf-8'?><m:page id='039a792b-145c-460a-a29b-f25ed38c65ca' xmlns='http://www.w3.org/1999/xhtml' title='My Account' closeButton='54_0' xmlns:m='http://schemas.mendix.com/forms/1.0'><m:layouts><m:layout path='NavigationLayouts/PopupLayout.layout.xml'></m:layout></m:layouts><m:arguments><m:argument parameterName='3eef2867-c100-4096-a8ea-2b35da5f61f1'><div data-mendix-id='54_1' data-mendix-type='mxui.widget.DataView' data-mendix-props='"friendlyId":"Administration.MyAccount.dataView1","entity":"Administration.Account","schema":"525051ed-eedc-4c55-839f-5286c701a147","datasource":{"friendlyId":"Administration.MyAccount.dataView1","type":"direct","path":"Administration.Account"}' class='mx-name-dataView1 form-horizontal' tabindex='0'></div></m:argument></m:arguments><m:templates><m:template widget-id='54_1' name='content'><div data-mendix-id='54_3' class='form-group mx-name-textBox2'><label class='control-label col-sm-3'>Full name</label><div data-mendix-id='54_9' data-mendix-type='mxui.widget.TextInput' data-mendix-props='"friendlyId":"Administration.MyAccount.textBox2","insideFormGroup":true,"attributePath":"Administration.Account/FullName","readOnlyStyle":"text","validation":null,"placeholder":"","maxLength":200' class='col-sm-9' tabindex='0'></div></div><div data-mendix-id='54_4' class='form-group mx-name-textBox5'><label class='control-label col-sm-3'>User name</label><div data-mendix-id='54_10' data-mendix-type='mxui.widget.TextInput' data-mendix-props='"friendlyId":"Administration.MyAccount.textBox5","insideFormGroup":true,"attributePath":"Administration.Account/Name","readOnlyStyle":"text","validation":null,"placeholder":"","maxLength":100' class='col-sm-9' tabindex='0'></div></div><div data-mendix-id='54_5' class='form-group mx-name-referenceSelector1'><label class='control-label col-sm-3'>Language</label><div data-mendix-id='54_11' data-mendix-type='mxui.widget.ReferenceSelector' data-mendix-props='"friendlyId":"Administration.MyAccount.referenceSelector1","insideFormGroup":true,"attributePath":"Administration.Account/System.User_Language/System.Language/Description","readOnlyStyle":"text","attributePath":"Administration.Account/System.User_Language/System.Language/Description","datasource":{"friendlyId":"Administration.MyAccount.referenceSelector1","type":"xpath","path":"System.Language","constrainedBy":[],"sort":[["Description","asc"]]},"validation":null,"emptyOptionCaption":""' class='col-sm-9' tabindex='0'></div></div><div data-mendix-id='54_6' data-mendix-type='mxui.widget.ActionButton' data-mendix-props='"friendlyId":"Administration.MyAccount.microflowTrigger1","caption":{"$type":"textTemplate","text":"Change password","friendlyId":"Administration.MyAccount.microflowTrigger1"},"renderType":"button","action":{"type":"callMicroflow","hasParameter":true,"params":{"name":"Administration.ShowMyPasswordForm","applyTo":"selection","allowedRoles":["Administrator","User"]}}' data-mendix-roles='Administrator,User' class='mx-name-microflowTrigger1 btn-default' tabindex='0'></div></m:template><m:template widget-id='54_1' name='footer'><div data-mendix-id='54_8' data-mendix-type='mxui.widget.ActionButton' data-mendix-props='"friendlyId":"Administration.MyAccount.saveButton1","caption":{"$type":"textTemplate","text":"Save","friendlyId":"Administration.MyAccount.saveButton1"},"renderType":"button","action":{"type":"saveChanges","hasParameter":true,"params":{"closePage":false}}' class='mx-name-saveButton1 btn-success' tabindex='0'></div><div data-mendix-id='54_0' data-mendix-type='mxui.widget.ActionButton' data-mendix-props='"friendlyId":"Administration.MyAccount.cancelButton1","caption":{"$type":"textTemplate","text":"Cancel","friendlyId":"Administration.MyAccount.cancelButton1"},"renderType":"button","action":{"type":"cancelChanges","hasParameter":false,"params":{"closePage":false}}' class='mx-name-cancelButton1 btn-default' tabindex='0'></div></m:template></m:templates></m:page>