﻿<?xml version='1.0' encoding='utf-8'?><m:page id='c9c2f9af-9c31-4fe2-b513-e90eb5e413d9' xmlns='http://www.w3.org/1999/xhtml' title='Scheduled Events' class='layout-sidebar-responsive' xmlns:m='http://schemas.mendix.com/forms/1.0'><m:layouts><m:layout path='NavigationLayouts/Sidebar_Full_Responsive.layout.xml'></m:layout></m:layouts><m:arguments><m:argument parameterName='90307765-bc1b-483c-818f-821454fe380b'><div class='mx-name-container1 pageheader pageheader-fullwidth'><div data-mendix-id='57_0' class='mx-layoutgrid mx-layoutgrid-fluid mx-name-layoutGrid1'><div class='row'><div class='col-md-12'><div data-mendix-id='57_1' data-mendix-type='mxui.widget.ReactWidgetWrapper' data-mendix-props='"widgetTree":{"widget":"com.mendix.widget.core.Text","widgetId":"57_1","props":{"name":"label1","class":"mx-name-label1 pageheader-title","style":{},"caption":{"$type":"textTemplate","text":"Scheduled Events","friendlyId":"Administration.ScheduledEvents.label1"},"renderMode":"h2"},"children":[]}'></div></div></div></div></div><div data-mendix-id='57_2' class='mx-layoutgrid mx-layoutgrid-fluid mx-name-layoutGrid2'><div class='row'><div class='col-md-12'><div data-mendix-id='57_4' data-mendix-type='mxui.widget.DataGrid' data-mendix-props='"friendlyId":"Administration.ScheduledEvents.grid1","entity":"System.ScheduledEventInformation","schema":"c3e5fc7b-ea6d-4111-a718-dc72cf5046c0","config":{"locale":"en_US","gridType":"Standalone","gridpresentation":{"rows":20,"columns":1,"controlbar":true,"pagingbar":true,"sortparams":[["StartTime","desc"]],"searchbar":true,"waitforsearch":false,"selectionmode":"single","editable":false,"sortable":true,"refresh":0,"selectfirst":false,"showemptyrows":false},"datasource":{"friendlyId":"Administration.ScheduledEvents.grid1","type":"xpath","path":"System.ScheduledEventInformation"},"searchOptions":{"searchBar":true,"toggleable":true,"toggledByDefault":true},"searchElements":[{"searchInputName":"searchField1","defaults":null,"defaultsParser":"Simple","caption":"Name","path":"Name","operator":"contains"},{"searchInputName":"searchField2","defaults":null,"defaultsParser":"Date","caption":"Start time","queryBuilder":{"name":"Date"},"widget":{"type":"mxui.widget.DatePicker","params":{"placeholder":"","format":""}},"path":"StartTime","operator":"="},{"searchInputName":"searchField3","defaults":null,"defaultsParser":"Simple","caption":"Status","path":"Status","operator":"=","retriever":"Enum"}],"controlBar":{"gridTools":[{"mxid":"57_3","friendlyId":"Administration.ScheduledEvents.searchButton1","name":"searchButton1","caption":{"$type":"textTemplate","text":"Search","friendlyId":"Administration.ScheduledEvents.searchButton1"},"title":"","cssClass":"btn-default"}],"gridActions":[{"keyValue":"57_3","gridFunction":"ToggleSearch"}]},"griddata":[{"tag":"Name","name":"column1","editable":false,"render":"String","display":{"width":"20%","string":"Name"}},{"tag":"Description","name":"column2","editable":false,"render":"String","display":{"width":"35%","string":"Description"}},{"tag":"StartTime","name":"column3","editable":false,"render":"Date","display":{"width":"20%","string":"Start time","dateFormat":"DateTime"}},{"tag":"Status","name":"column4","editable":false,"render":"EnumIcon","display":{"width":"5%","string":" ","mapping":{"Running":"img/System$Running.gif?636468842603385563","Completed":"img/System$Completed.gif?636468842603385563","Error":"img/System$Error.gif?636468842603385563"}}},{"tag":"EndTime","name":"column5","editable":false,"render":"Date","display":{"width":"20%","string":"End time","dateFormat":"DateTime"}}],"plugins":{}}' class='mx-datagrid mx-name-grid1' tabindex='0'></div></div></div></div></m:argument></m:arguments></m:page>