﻿<?xml version='1.0' encoding='utf-8'?><m:page id='06af528f-78fe-45d9-8791-310d42d29f0e' xmlns='http://www.w3.org/1999/xhtml' title='Page Title' class='page-form page-form-default' xmlns:m='http://schemas.mendix.com/forms/1.0'><m:layouts><m:layout path='NavigationLayouts/PopupLayout.layout.xml'></m:layout></m:layouts><m:arguments><m:argument parameterName='3eef2867-c100-4096-a8ea-2b35da5f61f1'><div data-mendix-id='20_0' class='mx-layoutgrid mx-layoutgrid-fluid container-fluid mx-name-layoutGrid1'><div class='row'><div class='col-md-12'><div data-mendix-id='20_1' data-mendix-type='mxui.widget.DataView' data-mendix-props='"friendlyId":"MyFirstModule.Add_NewTemplate.dataView1","entity":"MyFirstModule.Template","schema":"e1a40f75-4b1b-4a25-b713-809aedce28ad","hideFooter":true,"datasource":{"friendlyId":"MyFirstModule.Add_NewTemplate.dataView1","type":"direct","path":"MyFirstModule.Template"}' class='mx-name-dataView1 formCls' tabindex='0'></div></div></div></div></m:argument></m:arguments><m:templates><m:template widget-id='20_1' name='content'><div data-mendix-id='20_3' class='mx-layoutgrid mx-layoutgrid-fluid mx-name-layoutGrid2'><div class='row'><div class='col-md-6'><div data-mendix-id='20_7' class='form-group mx-name-textBox4' style='margin-top: 20px; width: 98%;'><label class='control-label'>RFP Company</label><div data-mendix-id='20_16' data-mendix-type='mxui.widget.TextInput' data-mendix-props='"friendlyId":"MyFirstModule.Add_NewTemplate.textBox4","insideFormGroup":true,"attributePath":"MyFirstModule.Template/TemplateName","readOnlyStyle":"text","validation":null,"placeholder":"","maxLength":200' tabindex='0'></div></div><div data-mendix-id='20_8' class='form-group mx-name-textBox3' style='width: 98%;'><label class='control-label'>RFP  title</label><div data-mendix-id='20_17' data-mendix-type='mxui.widget.TextInput' data-mendix-props='"friendlyId":"MyFirstModule.Add_NewTemplate.textBox3","insideFormGroup":true,"attributePath":"MyFirstModule.Template/Template_Title","readOnlyStyle":"text","validation":null,"placeholder":"","maxLength":200' tabindex='0'></div></div></div><div class='col-md-5'><div data-mendix-id='20_10' data-mendix-type='mxui.widget.DataView' data-mendix-props='"friendlyId":"MyFirstModule.Add_NewTemplate.dataView3","entity":"MyFirstModule.Photo","schema":"1293f3a9-0b30-4111-8a41-c78813a47eee","hideFooter":true,"datasource":{"friendlyId":"MyFirstModule.Add_NewTemplate.dataView3","type":"microflow","microflow":"MyFirstModule.getPhoto","path":"MyFirstModule.Photo","parameters":["MyFirstModule.Template"]}' class='mx-name-dataView3 clearfix form-horizontal' style='text-align: center; margin: 10% 20% 20% 45%; width: 65px;' tabindex='0'></div></div><div class='col-md-1'></div></div></div><div data-mendix-id='20_12' class='form-group mx-name-textBox5'><label class='control-label'>Description</label><div data-mendix-id='20_23' data-mendix-type='mxui.widget.TextInput' data-mendix-props='"friendlyId":"MyFirstModule.Add_NewTemplate.textBox5","insideFormGroup":true,"attributePath":"MyFirstModule.Template/Description","readOnlyStyle":"text","validation":null,"placeholder":""' tabindex='0'></div></div><div data-mendix-id='20_13' data-mendix-type='mxui.widget.DataView' data-mendix-props='"friendlyId":"MyFirstModule.Add_NewTemplate.dataView2","entity":"MyFirstModule.Photo","schema":"b8b13677-b3b9-41f4-ba06-c2aef145846a","hideFooter":true,"datasource":{"friendlyId":"MyFirstModule.Add_NewTemplate.dataView2","type":"microflow","microflow":"MyFirstModule.Upload_Image","path":"MyFirstModule.Photo","parameters":["MyFirstModule.Template"]}' class='mx-name-dataView2' tabindex='0'></div><div data-mendix-id='20_14' data-mendix-type='mxui.widget.ActionButton' data-mendix-props='"friendlyId":"MyFirstModule.Add_NewTemplate.actionButton4","caption":{"$type":"textTemplate","text":"Save","friendlyId":"MyFirstModule.Add_NewTemplate.actionButton4"},"renderType":"button","action":{"type":"callMicroflow","hasParameter":true,"params":{"name":"MyFirstModule.CustomSave_Template_DataCopy_BothTable","validate":"view","applyTo":"selection","allowedRoles":["Administrator","User"]}}' data-mendix-roles='Administrator,User' class='mx-name-actionButton4 btn-success' style='margin-top:30px; margin-left:150px' tabindex='0'></div><div data-mendix-id='20_15' data-mendix-type='mxui.widget.ActionButton' data-mendix-props='"friendlyId":"MyFirstModule.Add_NewTemplate.actionButton2","caption":{"$type":"textTemplate","text":"Cancel","friendlyId":"MyFirstModule.Add_NewTemplate.actionButton2"},"renderType":"button","action":{"type":"cancelChanges","hasParameter":false,"params":{"closePage":true}}' class='mx-name-actionButton2 btn-default' style='margin-top:30px; margin-left:30px;' tabindex='0'></div></m:template><m:template widget-id='20_10' name='content'><div data-mendix-id='20_19' data-mendix-type='mxui.widget.Image' data-mendix-props='"friendlyId":"MyFirstModule.Add_NewTemplate.imageViewer1","datasource":{"friendlyId":"MyFirstModule.Add_NewTemplate.imageViewer1","type":"direct","path":"MyFirstModule.Photo"},"thumb":false,"width":"160px","height":"150px","action":{"type":"doNothing","params":{}}' class='mx-name-imageViewer1 img-responsive' style='max-width:300%; max-height:150%; margin-left:-15px; margin-top:15px; border: ridge ! important; padding: 8px;'></div><div data-mendix-id='20_20' data-mendix-type='mxui.widget.ActionButton' data-mendix-props='"friendlyId":"MyFirstModule.Add_NewTemplate.actionButton1","caption":{"$type":"textTemplate","text":"Show_Profile","friendlyId":"MyFirstModule.Add_NewTemplate.actionButton1"},"renderType":"link","action":{"type":"openPage","hasParameter":false,"params":{"path":"Administration/Account_Overview.page.xml","location":"content","allowedRoles":["Administrator"]}}' data-mendix-roles='Administrator' class='mx-name-actionButton1' style='margin-right:100px; text-align: center; color: #0080ff; margin-top:20px;' tabindex='0'></div><div data-mendix-id='20_21' data-mendix-type='mxui.widget.ActionButton' data-mendix-props='"friendlyId":"MyFirstModule.Add_NewTemplate.Signout","caption":{"$type":"textTemplate","text":"Signout","friendlyId":"MyFirstModule.Add_NewTemplate.Signout"},"renderType":"link","action":{"type":"openLink","hasParameter":false,"params":{"schema":"web","address":"http://www.mendix.com/"}}' class='mx-name-Signout' style='text-align: center; color: #0080ff; margin-top:10px;' tabindex='0'></div><div data-mendix-id='20_22' data-mendix-type='DropdownDivConverter.widget.DropdownDivConverter' data-mendix-props='"friendlyId":"MyFirstModule.Add_NewTemplate.dropdownDivConverter1","buttonTitle":"","buttonGlyphicon":"","isDropUp":false,"isRightAligned":false,"startOpen":false,"autoClose":true,"buttonSize":"default","buttonType":"default","contextObject":"","dynamicButtonTitleAttribute":"","splitButtonActive":false,"simpleSplitButtonClicked":"","splitButtonClicked":""' class='mx-name-dropdownDivConverter1' tabindex='0'></div></m:template><m:template widget-id='20_13' name='content'><div data-mendix-id='20_24' class='mx-layoutgrid mx-layoutgrid-fluid mx-name-layoutGrid3'><div class='row'><div class='col-md-8'><div data-mendix-id='20_27' class='form-group mx-name-imageUploader1'><label class='control-label'>Upload image</label><div data-mendix-id='20_30' data-mendix-type='mxui.widget.ImageUploader' data-mendix-props='"friendlyId":"MyFirstModule.Add_NewTemplate.imageUploader1","insideFormGroup":true,"maxFileSize":5,"restrictions":"png;jpg;jpeg","thumbnailWidth":100,"thumbnailHeight":75' tabindex='0'></div></div></div><div class='col-md-4'><div data-mendix-id='20_29' data-mendix-type='mxui.widget.ActionButton' data-mendix-props='"friendlyId":"MyFirstModule.Add_NewTemplate.actionButton3","caption":{"$type":"textTemplate","text":"Upload","friendlyId":"MyFirstModule.Add_NewTemplate.actionButton3"},"renderType":"button","action":{"type":"callMicroflow","hasParameter":true,"params":{"name":"MyFirstModule.SaveImage","validate":"view","applyTo":"selection","allowedRoles":["Administrator","User"]}}' data-mendix-roles='Administrator,User' class='mx-name-actionButton3 btn-default' style='margin-top:28px;' tabindex='0'></div></div></div></div></m:template></m:templates></m:page>