﻿<?xml version='1.0' encoding='utf-8'?><m:page id='978940e3-5ccf-483e-a439-2588a21d2d92' xmlns='http://www.w3.org/1999/xhtml' title='Page Title' class='page-form page-form-default' xmlns:m='http://schemas.mendix.com/forms/1.0'><m:layouts><m:layout path='NavigationLayouts/PopupLayout.layout.xml'></m:layout></m:layouts><m:arguments><m:argument parameterName='3eef2867-c100-4096-a8ea-2b35da5f61f1'><div data-mendix-id='30_0' class='mx-layoutgrid mx-layoutgrid-fluid container-fluid mx-name-layoutGrid1'><div class='row'><div class='col-md-12'><div data-mendix-id='30_1' data-mendix-type='mxui.widget.DataView' data-mendix-props='"friendlyId":"MyFirstModule.Assumption_New_Edit_Local.dataView1","entity":"MyFirstModule.Assumptions_Local","schema":"24a47851-1169-4f06-992f-45f3d334a98a","hideFooter":true,"datasource":{"friendlyId":"MyFirstModule.Assumption_New_Edit_Local.dataView1","type":"direct","path":"MyFirstModule.Assumptions_Local"}' class='mx-name-dataView1 formCls' tabindex='0'></div></div></div></div></m:argument></m:arguments><m:templates><m:template widget-id='30_1' name='content'><div data-mendix-id='30_3' class='form-group mx-name-textBox6'><label class='control-label'>Service  nature</label><div data-mendix-id='30_8' data-mendix-type='mxui.widget.TextInput' data-mendix-props='"friendlyId":"MyFirstModule.Assumption_New_Edit_Local.textBox6","insideFormGroup":true,"attributePath":"MyFirstModule.Assumptions_Local/Service_Nature","readOnlyStyle":"text","validation":null,"placeholder":"","maxLength":200' tabindex='0'></div></div><div data-mendix-id='30_4' class='form-group mx-name-textBox7'><label class='control-label'>Properties</label><div data-mendix-id='30_9' data-mendix-type='mxui.widget.TextInput' data-mendix-props='"friendlyId":"MyFirstModule.Assumption_New_Edit_Local.textBox7","insideFormGroup":true,"attributePath":"MyFirstModule.Assumptions_Local/Properties","readOnlyStyle":"text","validation":null,"placeholder":"","maxLength":200' tabindex='0'></div></div><div data-mendix-id='30_5' class='form-group mx-name-textBox8'><label class='control-label'>Percentage</label><div data-mendix-id='30_10' data-mendix-type='mxui.widget.NumberInput' data-mendix-props='"friendlyId":"MyFirstModule.Assumption_New_Edit_Local.textBox8","insideFormGroup":true,"attributePath":"MyFirstModule.Assumptions_Local/Percentage","readOnlyStyle":"text","validation":null,"placeholder":"","precision":2' tabindex='0'></div></div><div data-mendix-id='30_6' data-mendix-type='mxui.widget.ActionButton' data-mendix-props='"friendlyId":"MyFirstModule.Assumption_New_Edit_Local.actionButton1","caption":{"$type":"textTemplate","text":"Save","friendlyId":"MyFirstModule.Assumption_New_Edit_Local.actionButton1"},"renderType":"button","action":{"type":"saveChanges","hasParameter":true,"params":{"closePage":true}}' class='mx-name-actionButton1 formCls btn-success' style='margin-top:30px; margin-left:150px' tabindex='0'></div><div data-mendix-id='30_7' data-mendix-type='mxui.widget.ActionButton' data-mendix-props='"friendlyId":"MyFirstModule.Assumption_New_Edit_Local.actionButton2","caption":{"$type":"textTemplate","text":"Cancel","friendlyId":"MyFirstModule.Assumption_New_Edit_Local.actionButton2"},"renderType":"button","action":{"type":"cancelChanges","hasParameter":false,"params":{"closePage":true}}' class='mx-name-actionButton2 btn-default' style='margin-top:30px; margin-left:30px' tabindex='0'></div></m:template></m:templates></m:page>