﻿<?xml version='1.0' encoding='utf-8'?><m:page id='4697bc2d-ff3d-449c-9b15-665d6d61385b' xmlns='http://www.w3.org/1999/xhtml' title='Page Title' class='page-form page-form-default' xmlns:m='http://schemas.mendix.com/forms/1.0'><m:layouts><m:layout path='NavigationLayouts/PopupLayout.layout.xml'></m:layout></m:layouts><m:arguments><m:argument parameterName='3eef2867-c100-4096-a8ea-2b35da5f61f1'><div data-mendix-id='13_0' class='mx-layoutgrid mx-layoutgrid-fluid container-fluid mx-name-layoutGrid1'><div class='row'><div class='col-md-12'><div data-mendix-id='13_1' data-mendix-type='mxui.widget.DataView' data-mendix-props='"friendlyId":"MyFirstModule.Assumption_New_edit.dataView1","entity":"MyFirstModule.Assumptions","schema":"360acc30-50e9-40fa-837c-1973142a57c8","hideFooter":true,"datasource":{"friendlyId":"MyFirstModule.Assumption_New_edit.dataView1","type":"direct","path":"MyFirstModule.Assumptions"}' class='mx-name-dataView1 formCls' tabindex='0'></div></div></div></div></m:argument></m:arguments><m:templates><m:template widget-id='13_1' name='content'><div data-mendix-id='13_3' class='form-group mx-name-textBox6'><label class='control-label'>Service  nature</label><div data-mendix-id='13_8' data-mendix-type='mxui.widget.TextInput' data-mendix-props='"friendlyId":"MyFirstModule.Assumption_New_edit.textBox6","insideFormGroup":true,"attributePath":"MyFirstModule.Assumptions/Service_Nature","readOnlyStyle":"text","validation":null,"placeholder":"","maxLength":200' tabindex='0'></div></div><div data-mendix-id='13_4' class='form-group mx-name-textBox7'><label class='control-label'>Properties</label><div data-mendix-id='13_9' data-mendix-type='mxui.widget.TextInput' data-mendix-props='"friendlyId":"MyFirstModule.Assumption_New_edit.textBox7","insideFormGroup":true,"attributePath":"MyFirstModule.Assumptions/Properties","readOnlyStyle":"text","validation":null,"placeholder":"","maxLength":200' tabindex='0'></div></div><div data-mendix-id='13_5' class='form-group mx-name-textBox8'><label class='control-label'>Percentage</label><div data-mendix-id='13_10' data-mendix-type='mxui.widget.NumberInput' data-mendix-props='"friendlyId":"MyFirstModule.Assumption_New_edit.textBox8","insideFormGroup":true,"attributePath":"MyFirstModule.Assumptions/Percentage","readOnlyStyle":"text","validation":null,"placeholder":"","precision":2' tabindex='0'></div></div><div data-mendix-id='13_6' data-mendix-type='mxui.widget.ActionButton' data-mendix-props='"friendlyId":"MyFirstModule.Assumption_New_edit.actionButton1","caption":{"$type":"textTemplate","text":"Save","friendlyId":"MyFirstModule.Assumption_New_edit.actionButton1"},"renderType":"button","action":{"type":"saveChanges","hasParameter":true,"params":{"closePage":true}}' class='mx-name-actionButton1 btn-success' style='margin-top:30px; margin-left:150px' tabindex='0'></div><div data-mendix-id='13_7' data-mendix-type='mxui.widget.ActionButton' data-mendix-props='"friendlyId":"MyFirstModule.Assumption_New_edit.actionButton2","caption":{"$type":"textTemplate","text":"Cancel","friendlyId":"MyFirstModule.Assumption_New_edit.actionButton2"},"renderType":"button","action":{"type":"cancelChanges","hasParameter":false,"params":{"closePage":true}}' class='mx-name-actionButton2 btn-default' style='margin-top:30px; margin-left:30px' tabindex='0'></div></m:template></m:templates></m:page>