﻿<?xml version='1.0' encoding='utf-8'?><m:page id='c75fa53c-5198-4e6c-8046-b9ce4216cd63' xmlns='http://www.w3.org/1999/xhtml' title='Page Title' class='page-form page-form-default' xmlns:m='http://schemas.mendix.com/forms/1.0'><m:layouts><m:layout path='NavigationLayouts/PopupLayout.layout.xml'></m:layout></m:layouts><m:arguments><m:argument parameterName='3eef2867-c100-4096-a8ea-2b35da5f61f1'><div data-mendix-id='35_0' class='mx-layoutgrid mx-layoutgrid-fluid container-fluid mx-name-layoutGrid1'><div class='row'><div class='col-md-12'><div data-mendix-id='35_1' data-mendix-type='mxui.widget.DataView' data-mendix-props='"friendlyId":"MyFirstModule.Assumptions.dataView1","entity":"MyFirstModule.Assumptions","schema":"61ed06c3-7e9f-4b6f-a6c9-a5a9bf9bdaed","datasource":{"friendlyId":"MyFirstModule.Assumptions.dataView1","type":"direct","path":"MyFirstModule.Assumptions"}' class='mx-name-dataView1 form-horizontal' style='border: 1px solid black;' tabindex='0'></div></div></div></div></m:argument></m:arguments><m:templates><m:template widget-id='35_1' name='content'><div data-mendix-id='35_3' class='form-group mx-name-textBox6' style='margin-top: 50px; width: 98%;'><label class='control-label col-sm-4'>Service  nature</label><div data-mendix-id='35_9' data-mendix-type='mxui.widget.TextInput' data-mendix-props='"friendlyId":"MyFirstModule.Assumptions.textBox6","insideFormGroup":true,"attributePath":"MyFirstModule.Assumptions/Service_Nature","readOnlyStyle":"text","validation":null,"placeholder":"","maxLength":200' class='col-sm-8' tabindex='0'></div></div><div data-mendix-id='35_4' class='form-group mx-name-textBox7' style='width: 98%;'><label class='control-label col-sm-4'>Properties</label><div data-mendix-id='35_10' data-mendix-type='mxui.widget.TextInput' data-mendix-props='"friendlyId":"MyFirstModule.Assumptions.textBox7","insideFormGroup":true,"attributePath":"MyFirstModule.Assumptions/Properties","readOnlyStyle":"text","validation":null,"placeholder":"","maxLength":200' class='col-sm-8' tabindex='0'></div></div><div data-mendix-id='35_5' class='form-group mx-name-textBox5' style='width: 98%;'><label class='control-label col-sm-4'>Percentage</label><div data-mendix-id='35_11' data-mendix-type='mxui.widget.NumberInput' data-mendix-props='"friendlyId":"MyFirstModule.Assumptions.textBox5","insideFormGroup":true,"attributePath":"MyFirstModule.Assumptions/Percentage","readOnlyStyle":"text","validation":null,"placeholder":"","precision":2' class='col-sm-8' tabindex='0'></div></div></m:template><m:template widget-id='35_1' name='footer'><div data-mendix-id='35_7' data-mendix-type='mxui.widget.ActionButton' data-mendix-props='"friendlyId":"MyFirstModule.Assumptions.actionButton1","caption":{"$type":"textTemplate","text":"Save","friendlyId":"MyFirstModule.Assumptions.actionButton1"},"iconClass":"glyphicon-floppy-save","renderType":"button","action":{"type":"saveChanges","hasParameter":true,"params":{"closePage":true}}' class='mx-name-actionButton1 btn-success' style='margin-bottom: 30px; margin-left: 40px;' tabindex='0'></div><div data-mendix-id='35_8' data-mendix-type='mxui.widget.ActionButton' data-mendix-props='"friendlyId":"MyFirstModule.Assumptions.actionButton2","caption":{"$type":"textTemplate","text":"Cancel","friendlyId":"MyFirstModule.Assumptions.actionButton2"},"iconClass":"glyphicon-remove","renderType":"button","action":{"type":"cancelChanges","hasParameter":false,"params":{"closePage":true}}' class='mx-name-actionButton2 btn-default' style='margin-bottom: 30px;' tabindex='0'></div></m:template></m:templates></m:page>