﻿<?xml version='1.0' encoding='utf-8'?><m:page id='25db1bda-6fd4-4288-921b-972c320e1aee' xmlns='http://www.w3.org/1999/xhtml' title='Page Title' class='page-form page-form-default' xmlns:m='http://schemas.mendix.com/forms/1.0'><m:layouts><m:layout path='NavigationLayouts/PopupLayout.layout.xml'></m:layout></m:layouts><m:arguments><m:argument parameterName='3eef2867-c100-4096-a8ea-2b35da5f61f1'><div data-mendix-id='29_0' class='mx-layoutgrid mx-layoutgrid-fluid container-fluid mx-name-layoutGrid1'><div class='row'><div class='col-md-12'><div data-mendix-id='29_1' data-mendix-type='mxui.widget.DataView' data-mendix-props='"friendlyId":"MyFirstModule.Common_Effort_New_Edit.dataView1","entity":"MyFirstModule.Common_Effort","schema":"d79ee571-adfa-49cd-88f7-c82330245e77","hideFooter":true,"datasource":{"friendlyId":"MyFirstModule.Common_Effort_New_Edit.dataView1","type":"direct","path":"MyFirstModule.Common_Effort"}' class='mx-name-dataView1 formCls' tabindex='0'></div></div></div></div></m:argument></m:arguments><m:templates><m:template widget-id='29_1' name='content'><div data-mendix-id='29_3' class='form-group mx-name-referenceSelector1 formClsdropdown' style='margin-top: 20px;'><label class='control-label'>Service Registry</label><div data-mendix-id='29_11' data-mendix-type='mxui.widget.ReferenceSelector' data-mendix-props='"friendlyId":"MyFirstModule.Common_Effort_New_Edit.referenceSelector1","insideFormGroup":true,"attributePath":"MyFirstModule.Common_Effort/MyFirstModule.Common_Effort_Data_Based_SAV_2_Servicereg/MyFirstModule.Common_Effort_SAV/Value_Name","readOnlyStyle":"text","attributePath":"MyFirstModule.Common_Effort/MyFirstModule.Common_Effort_Data_Based_SAV_2_Servicereg/MyFirstModule.Common_Effort_SAV/Value_Name","datasource":{"friendlyId":"MyFirstModule.Common_Effort_New_Edit.referenceSelector1","type":"xpath","path":"MyFirstModule.Common_Effort_SAV","constraint":"[Service_Name=&apos;Common Effort&apos;][Service_Attribute=&apos;Service Registry&apos;]","constrainedBy":["MyFirstModule.Common_Effort/MyFirstModule.Common_Effort_Template/MyFirstModule.Template/MyFirstModule.Common_Effort_SAV_Template/MyFirstModule.Common_Effort_SAV"],"sort":[["Value_Name","asc"]]},"validation":null,"emptyOptionCaption":""' tabindex='0'></div></div><div data-mendix-id='29_4' class='form-group mx-name-radioButtons7' style='width: 98%;'><label class='control-label'>Service  retry  itself</label><div data-mendix-id='29_12' data-mendix-type='mxui.widget.RadioButtonGroup' data-mendix-props='"friendlyId":"MyFirstModule.Common_Effort_New_Edit.radioButtons7","insideFormGroup":true,"attributePath":"MyFirstModule.Common_Effort/Service_Retry_Itself","readOnlyStyle":"text","validation":null,"horizontal":true,"options":[{"key":"Yes","caption":"Yes"},{"key":"No","caption":"No"}]' tabindex='0'></div></div><div data-mendix-id='29_5' class='form-group mx-name-referenceSelector2 formClsdropdown'><label class='control-label'>Channel Driven</label><div data-mendix-id='29_13' data-mendix-type='mxui.widget.ReferenceSelector' data-mendix-props='"friendlyId":"MyFirstModule.Common_Effort_New_Edit.referenceSelector2","insideFormGroup":true,"attributePath":"MyFirstModule.Common_Effort/MyFirstModule.Common_Effort_Data_Based_SAV_2_Changedri/MyFirstModule.Common_Effort_SAV/Value_Name","readOnlyStyle":"text","attributePath":"MyFirstModule.Common_Effort/MyFirstModule.Common_Effort_Data_Based_SAV_2_Changedri/MyFirstModule.Common_Effort_SAV/Value_Name","datasource":{"friendlyId":"MyFirstModule.Common_Effort_New_Edit.referenceSelector2","type":"xpath","path":"MyFirstModule.Common_Effort_SAV","constraint":"[Service_Name=&apos;Common Effort&apos;][Service_Attribute=&apos;Channel Driven&apos;]","constrainedBy":["MyFirstModule.Common_Effort/MyFirstModule.Common_Effort_Template/MyFirstModule.Template/MyFirstModule.Common_Effort_SAV_Template/MyFirstModule.Common_Effort_SAV"],"sort":[["Value_Name","asc"]]},"validation":null,"emptyOptionCaption":""' tabindex='0'></div></div><div data-mendix-id='29_6' class='form-group mx-name-radioButtons6' style='width: 98%;'><label class='control-label'>Centralized  configuration</label><div data-mendix-id='29_14' data-mendix-type='mxui.widget.RadioButtonGroup' data-mendix-props='"friendlyId":"MyFirstModule.Common_Effort_New_Edit.radioButtons6","insideFormGroup":true,"attributePath":"MyFirstModule.Common_Effort/Centralized_Configuration","readOnlyStyle":"text","validation":null,"horizontal":true,"options":[{"key":"Yes","caption":"Yes"},{"key":"No","caption":"No"}]' tabindex='0'></div></div><div data-mendix-id='29_7' class='form-group mx-name-referenceSelector3 formClsdropdown'><label class='control-label'>Load Balancer</label><div data-mendix-id='29_15' data-mendix-type='mxui.widget.ReferenceSelector' data-mendix-props='"friendlyId":"MyFirstModule.Common_Effort_New_Edit.referenceSelector3","insideFormGroup":true,"attributePath":"MyFirstModule.Common_Effort/MyFirstModule.Common_Effort_Data_Based_SAV_2_Load/MyFirstModule.Common_Effort_SAV/Value_Name","readOnlyStyle":"text","attributePath":"MyFirstModule.Common_Effort/MyFirstModule.Common_Effort_Data_Based_SAV_2_Load/MyFirstModule.Common_Effort_SAV/Value_Name","datasource":{"friendlyId":"MyFirstModule.Common_Effort_New_Edit.referenceSelector3","type":"xpath","path":"MyFirstModule.Common_Effort_SAV","constraint":"[Service_Name=&apos;Common Effort&apos;][Service_Attribute=&apos;Load Balancer&apos;]","constrainedBy":["MyFirstModule.Common_Effort/MyFirstModule.Common_Effort_Template/MyFirstModule.Template/MyFirstModule.Common_Effort_SAV_Template/MyFirstModule.Common_Effort_SAV"],"sort":[["Value_Name","asc"]]},"validation":null,"emptyOptionCaption":""' tabindex='0'></div></div><div data-mendix-id='29_8' class='form-group mx-name-referenceSelector4 formClsdropdown'><label class='control-label'>Service Monitoring</label><div data-mendix-id='29_16' data-mendix-type='mxui.widget.ReferenceSelector' data-mendix-props='"friendlyId":"MyFirstModule.Common_Effort_New_Edit.referenceSelector4","insideFormGroup":true,"attributePath":"MyFirstModule.Common_Effort/MyFirstModule.Common_Effort_Common_Effort_SAV_Servicemon/MyFirstModule.Common_Effort_SAV/Value_Name","readOnlyStyle":"text","attributePath":"MyFirstModule.Common_Effort/MyFirstModule.Common_Effort_Common_Effort_SAV_Servicemon/MyFirstModule.Common_Effort_SAV/Value_Name","datasource":{"friendlyId":"MyFirstModule.Common_Effort_New_Edit.referenceSelector4","type":"xpath","path":"MyFirstModule.Common_Effort_SAV","constraint":"[Service_Name=&apos;Common Effort&apos;][Service_Attribute=&apos;Service Monitoring&apos;]","constrainedBy":["MyFirstModule.Common_Effort/MyFirstModule.Common_Effort_Template/MyFirstModule.Template/MyFirstModule.Common_Effort_SAV_Template/MyFirstModule.Common_Effort_SAV"],"sort":[["Value_Name","asc"]]},"validation":null,"emptyOptionCaption":""' tabindex='0'></div></div><div data-mendix-id='29_9' data-mendix-type='mxui.widget.ActionButton' data-mendix-props='"friendlyId":"MyFirstModule.Common_Effort_New_Edit.actionButton3","caption":{"$type":"textTemplate","text":"Save","friendlyId":"MyFirstModule.Common_Effort_New_Edit.actionButton3"},"renderType":"button","action":{"type":"callMicroflow","hasParameter":true,"params":{"name":"MyFirstModule.Microflow_Common_Effort","validate":"view","applyTo":"selection","allowedRoles":["Administrator","User"]}}' data-mendix-roles='Administrator,User' class='mx-name-actionButton3 btn-success' style='margin-top:30px; margin-left:150px' tabindex='0'></div><div data-mendix-id='29_10' data-mendix-type='mxui.widget.ActionButton' data-mendix-props='"friendlyId":"MyFirstModule.Common_Effort_New_Edit.actionButton2","caption":{"$type":"textTemplate","text":"Cancel","friendlyId":"MyFirstModule.Common_Effort_New_Edit.actionButton2"},"renderType":"button","action":{"type":"cancelChanges","hasParameter":false,"params":{"closePage":true}}' class='mx-name-actionButton2 btn-default' style='margin-top:30px; margin-left:30px' tabindex='0'></div></m:template></m:templates></m:page>