﻿<?xml version='1.0' encoding='utf-8'?><m:page id='5be27023-2c1c-4a73-9324-866fdd9ad9d4' xmlns='http://www.w3.org/1999/xhtml' title='Edit Common  Effort  SAV' class='page-form page-form-default' xmlns:m='http://schemas.mendix.com/forms/1.0'><m:layouts><m:layout path='NavigationLayouts/PopupLayout.layout.xml'></m:layout></m:layouts><m:arguments><m:argument parameterName='3eef2867-c100-4096-a8ea-2b35da5f61f1'><div data-mendix-id='12_0' class='mx-layoutgrid mx-layoutgrid-fluid container-fluid mx-name-layoutGrid1'><div class='row'><div class='col-md-12'><div data-mendix-id='12_1' data-mendix-type='mxui.widget.DataView' data-mendix-props='"friendlyId":"MyFirstModule.Common_Effort_SAV_NewEdit.dataView1","entity":"MyFirstModule.Common_Effort_SAV","schema":"86f1f17f-7d3c-4fbb-96c7-b0be44acfb55","hideFooter":true,"datasource":{"friendlyId":"MyFirstModule.Common_Effort_SAV_NewEdit.dataView1","type":"direct","path":"MyFirstModule.Common_Effort_SAV"}' class='mx-name-dataView1 formCls' tabindex='0'></div></div></div></div></m:argument></m:arguments><m:templates><m:template widget-id='12_1' name='content'><div data-mendix-id='12_3' class='form-group mx-name-textBox8'><label class='control-label'>Service  name</label><div data-mendix-id='12_9' data-mendix-type='mxui.widget.TextInput' data-mendix-props='"friendlyId":"MyFirstModule.Common_Effort_SAV_NewEdit.textBox8","insideFormGroup":true,"attributePath":"MyFirstModule.Common_Effort_SAV/Service_Name","readOnlyStyle":"text","validation":null,"placeholder":"","maxLength":200' tabindex='0'></div></div><div data-mendix-id='12_4' class='form-group mx-name-textBox5'><label class='control-label'>Service  attribute</label><div data-mendix-id='12_10' data-mendix-type='mxui.widget.TextInput' data-mendix-props='"friendlyId":"MyFirstModule.Common_Effort_SAV_NewEdit.textBox5","insideFormGroup":true,"attributePath":"MyFirstModule.Common_Effort_SAV/Service_Attribute","readOnlyStyle":"text","validation":null,"placeholder":"","maxLength":200' tabindex='0'></div></div><div data-mendix-id='12_5' class='form-group mx-name-textBox7'><label class='control-label'>Value  name</label><div data-mendix-id='12_11' data-mendix-type='mxui.widget.TextInput' data-mendix-props='"friendlyId":"MyFirstModule.Common_Effort_SAV_NewEdit.textBox7","insideFormGroup":true,"attributePath":"MyFirstModule.Common_Effort_SAV/Value_Name","readOnlyStyle":"text","validation":null,"placeholder":"","maxLength":200' tabindex='0'></div></div><div data-mendix-id='12_6' class='form-group mx-name-textBox6'><label class='control-label'>Value  point</label><div data-mendix-id='12_12' data-mendix-type='mxui.widget.NumberInput' data-mendix-props='"friendlyId":"MyFirstModule.Common_Effort_SAV_NewEdit.textBox6","insideFormGroup":true,"attributePath":"MyFirstModule.Common_Effort_SAV/Value_Point","readOnlyStyle":"text","validation":null,"placeholder":"","precision":2' tabindex='0'></div></div><div data-mendix-id='12_7' data-mendix-type='mxui.widget.ActionButton' data-mendix-props='"friendlyId":"MyFirstModule.Common_Effort_SAV_NewEdit.actionButton1","caption":{"$type":"textTemplate","text":"Save","friendlyId":"MyFirstModule.Common_Effort_SAV_NewEdit.actionButton1"},"renderType":"button","action":{"type":"saveChanges","hasParameter":true,"params":{"closePage":true}}' class='mx-name-actionButton1 btn-success' style='margin-top:30px; margin-left:150px' tabindex='0'></div><div data-mendix-id='12_8' data-mendix-type='mxui.widget.ActionButton' data-mendix-props='"friendlyId":"MyFirstModule.Common_Effort_SAV_NewEdit.actionButton2","caption":{"$type":"textTemplate","text":"Cancel","friendlyId":"MyFirstModule.Common_Effort_SAV_NewEdit.actionButton2"},"renderType":"button","action":{"type":"cancelChanges","hasParameter":false,"params":{"closePage":true}}' class='mx-name-actionButton2 btn-default' style='margin-top:30px; margin-left:30px' tabindex='0'></div></m:template></m:templates></m:page>