﻿<?xml version='1.0' encoding='utf-8'?><m:page id='4dba0971-e167-48c7-a381-85adc19c87e7' xmlns='http://www.w3.org/1999/xhtml' title='Page Title' class='page-form page-form-default' xmlns:m='http://schemas.mendix.com/forms/1.0'><m:layouts><m:layout path='NavigationLayouts/PopupLayout.layout.xml'></m:layout></m:layouts><m:arguments><m:argument parameterName='3eef2867-c100-4096-a8ea-2b35da5f61f1'><div data-mendix-id='19_0' class='mx-layoutgrid mx-layoutgrid-fluid container-fluid mx-name-layoutGrid1'><div class='row'><div class='col-md-12'><div data-mendix-id='19_1' data-mendix-type='mxui.widget.DataView' data-mendix-props='"friendlyId":"MyFirstModule.Consolidated_Estimate_NewEdit.dataView1","entity":"MyFirstModule.Consolidated_Estimate","schema":"1bb43146-266b-41fe-9c0a-a472a85a1929","hideFooter":true,"datasource":{"friendlyId":"MyFirstModule.Consolidated_Estimate_NewEdit.dataView1","type":"direct","path":"MyFirstModule.Consolidated_Estimate"}' class='mx-name-dataView1 formCls' tabindex='0'></div></div></div></div></m:argument></m:arguments><m:templates><m:template widget-id='19_1' name='content'><div data-mendix-id='19_3' class='form-group mx-name-textBox8' style='margin-top: 50px; width: 98%;'><label class='control-label'>Contingency</label><div data-mendix-id='19_12' data-mendix-type='mxui.widget.NumberInput' data-mendix-props='"friendlyId":"MyFirstModule.Consolidated_Estimate_NewEdit.textBox8","insideFormGroup":true,"attributePath":"MyFirstModule.Consolidated_Estimate/Contingency","readOnlyStyle":"text","validation":null,"placeholder":""' tabindex='0'></div></div><div data-mendix-id='19_4' class='form-group mx-name-textBox9' style='width: 98%;'><label class='control-label'>Performance  Engineering</label><div data-mendix-id='19_13' data-mendix-type='mxui.widget.NumberInput' data-mendix-props='"friendlyId":"MyFirstModule.Consolidated_Estimate_NewEdit.textBox9","insideFormGroup":true,"attributePath":"MyFirstModule.Consolidated_Estimate/Performance_Engineering","readOnlyStyle":"text","validation":null,"placeholder":""' tabindex='0'></div></div><div data-mendix-id='19_5' class='form-group mx-name-textBox10' style='width: 98%;'><label class='control-label'>Project  Management</label><div data-mendix-id='19_14' data-mendix-type='mxui.widget.NumberInput' data-mendix-props='"friendlyId":"MyFirstModule.Consolidated_Estimate_NewEdit.textBox10","insideFormGroup":true,"attributePath":"MyFirstModule.Consolidated_Estimate/Project_Management","readOnlyStyle":"text","validation":null,"placeholder":""' tabindex='0'></div></div><div data-mendix-id='19_6' class='form-group mx-name-textBox11' style='width: 98%;'><label class='control-label'>Infrastructure</label><div data-mendix-id='19_15' data-mendix-type='mxui.widget.NumberInput' data-mendix-props='"friendlyId":"MyFirstModule.Consolidated_Estimate_NewEdit.textBox11","insideFormGroup":true,"attributePath":"MyFirstModule.Consolidated_Estimate/Infrastructure","readOnlyStyle":"text","validation":null,"placeholder":""' tabindex='0'></div></div><div data-mendix-id='19_7' class='form-group mx-name-textBox12' style='width: 98%;'><label class='control-label'>UAT  Effort</label><div data-mendix-id='19_16' data-mendix-type='mxui.widget.NumberInput' data-mendix-props='"friendlyId":"MyFirstModule.Consolidated_Estimate_NewEdit.textBox12","insideFormGroup":true,"attributePath":"MyFirstModule.Consolidated_Estimate/UAT_Effort","readOnlyStyle":"text","validation":null,"placeholder":""' tabindex='0'></div></div><div data-mendix-id='19_8' class='form-group mx-name-textBox13' style='width: 98%;'><label class='control-label'>Post  Production  Support</label><div data-mendix-id='19_17' data-mendix-type='mxui.widget.NumberInput' data-mendix-props='"friendlyId":"MyFirstModule.Consolidated_Estimate_NewEdit.textBox13","insideFormGroup":true,"attributePath":"MyFirstModule.Consolidated_Estimate/Post_Prod_Support","readOnlyStyle":"text","validation":null,"placeholder":""' tabindex='0'></div></div><div data-mendix-id='19_9' class='form-group mx-name-textBox1' style='width: 98%;'><label class='control-label'>With  QA</label><div data-mendix-id='19_18' data-mendix-type='mxui.widget.NumberInput' data-mendix-props='"friendlyId":"MyFirstModule.Consolidated_Estimate_NewEdit.textBox1","insideFormGroup":true,"attributePath":"MyFirstModule.Consolidated_Estimate/With_QA","readOnlyStyle":"text","validation":null,"placeholder":""' tabindex='0'></div></div><div data-mendix-id='19_10' data-mendix-type='mxui.widget.ActionButton' data-mendix-props='"friendlyId":"MyFirstModule.Consolidated_Estimate_NewEdit.actionButton1","caption":{"$type":"textTemplate","text":"Save","friendlyId":"MyFirstModule.Consolidated_Estimate_NewEdit.actionButton1"},"renderType":"button","action":{"type":"saveChanges","hasParameter":true,"params":{"closePage":true}}' class='mx-name-actionButton1 btn-success' style='margin-top:30px; margin-left:150px' tabindex='0'></div><div data-mendix-id='19_11' data-mendix-type='mxui.widget.ActionButton' data-mendix-props='"friendlyId":"MyFirstModule.Consolidated_Estimate_NewEdit.actionButton2","caption":{"$type":"textTemplate","text":"Cancel","friendlyId":"MyFirstModule.Consolidated_Estimate_NewEdit.actionButton2"},"renderType":"button","action":{"type":"cancelChanges","hasParameter":false,"params":{"closePage":true}}' class='mx-name-actionButton2 btn-default' style='margin-top:30px; margin-left:30px' tabindex='0'></div></m:template></m:templates></m:page>