﻿<?xml version='1.0' encoding='utf-8'?><m:page id='c0d0b99b-23e0-4904-abf1-483f8c5213e0' xmlns='http://www.w3.org/1999/xhtml' title='Page Title' class='page-form page-form-default' xmlns:m='http://schemas.mendix.com/forms/1.0'><m:layouts><m:layout path='NavigationLayouts/PopupLayout.layout.xml'></m:layout></m:layouts><m:arguments><m:argument parameterName='3eef2867-c100-4096-a8ea-2b35da5f61f1'><div data-mendix-id='25_0' class='mx-layoutgrid mx-layoutgrid-fluid container-fluid mx-name-layoutGrid1'><div class='row'><div class='col-md-12'><div data-mendix-id='25_1' data-mendix-type='mxui.widget.DataView' data-mendix-props='"friendlyId":"MyFirstModule.Consolidated_Local_New_Edit.dataView1","entity":"MyFirstModule.Consolidated_Estimate_Local","schema":"845a2abe-900f-4304-99b4-1021303f2821","hideFooter":true,"datasource":{"friendlyId":"MyFirstModule.Consolidated_Local_New_Edit.dataView1","type":"direct","path":"MyFirstModule.Consolidated_Estimate_Local"}' class='mx-name-dataView1 formCls' tabindex='0'></div></div></div></div></m:argument></m:arguments><m:templates><m:template widget-id='25_1' name='content'><div data-mendix-id='25_3' class='form-group mx-name-textBox7'><label class='control-label'>Common  effort</label><div data-mendix-id='25_14' data-mendix-type='mxui.widget.NumberInput' data-mendix-props='"friendlyId":"MyFirstModule.Consolidated_Local_New_Edit.textBox7","insideFormGroup":true,"attributePath":"MyFirstModule.Consolidated_Estimate_Local/Common_Effort","readOnlyStyle":"text","validation":null,"placeholder":""' tabindex='0'></div></div><div data-mendix-id='25_4' class='form-group mx-name-textBox8'><label class='control-label'>Contingency</label><div data-mendix-id='25_15' data-mendix-type='mxui.widget.NumberInput' data-mendix-props='"friendlyId":"MyFirstModule.Consolidated_Local_New_Edit.textBox8","insideFormGroup":true,"attributePath":"MyFirstModule.Consolidated_Estimate_Local/Contingency","readOnlyStyle":"text","validation":null,"placeholder":""' tabindex='0'></div></div><div data-mendix-id='25_5' class='form-group mx-name-textBox9'><label class='control-label'>Performance  engineering</label><div data-mendix-id='25_16' data-mendix-type='mxui.widget.NumberInput' data-mendix-props='"friendlyId":"MyFirstModule.Consolidated_Local_New_Edit.textBox9","insideFormGroup":true,"attributePath":"MyFirstModule.Consolidated_Estimate_Local/Performance_Engineering","readOnlyStyle":"text","validation":null,"placeholder":""' tabindex='0'></div></div><div data-mendix-id='25_6' class='form-group mx-name-textBox10'><label class='control-label'>Project  management</label><div data-mendix-id='25_17' data-mendix-type='mxui.widget.NumberInput' data-mendix-props='"friendlyId":"MyFirstModule.Consolidated_Local_New_Edit.textBox10","insideFormGroup":true,"attributePath":"MyFirstModule.Consolidated_Estimate_Local/Project_Management","readOnlyStyle":"text","validation":null,"placeholder":""' tabindex='0'></div></div><div data-mendix-id='25_7' class='form-group mx-name-textBox11'><label class='control-label'>Infrastructure</label><div data-mendix-id='25_18' data-mendix-type='mxui.widget.NumberInput' data-mendix-props='"friendlyId":"MyFirstModule.Consolidated_Local_New_Edit.textBox11","insideFormGroup":true,"attributePath":"MyFirstModule.Consolidated_Estimate_Local/Infrastructure","readOnlyStyle":"text","validation":null,"placeholder":""' tabindex='0'></div></div><div data-mendix-id='25_8' class='form-group mx-name-textBox12'><label class='control-label'>UAT  Effort</label><div data-mendix-id='25_19' data-mendix-type='mxui.widget.NumberInput' data-mendix-props='"friendlyId":"MyFirstModule.Consolidated_Local_New_Edit.textBox12","insideFormGroup":true,"attributePath":"MyFirstModule.Consolidated_Estimate_Local/UAT_Effort","readOnlyStyle":"text","validation":null,"placeholder":""' tabindex='0'></div></div><div data-mendix-id='25_9' class='form-group mx-name-textBox13'><label class='control-label'>Post  prod  support</label><div data-mendix-id='25_20' data-mendix-type='mxui.widget.NumberInput' data-mendix-props='"friendlyId":"MyFirstModule.Consolidated_Local_New_Edit.textBox13","insideFormGroup":true,"attributePath":"MyFirstModule.Consolidated_Estimate_Local/Post_Prod_Support","readOnlyStyle":"text","validation":null,"placeholder":""' tabindex='0'></div></div><div data-mendix-id='25_10' class='form-group mx-name-textBox14'><label class='control-label'>Training</label><div data-mendix-id='25_21' data-mendix-type='mxui.widget.NumberInput' data-mendix-props='"friendlyId":"MyFirstModule.Consolidated_Local_New_Edit.textBox14","insideFormGroup":true,"attributePath":"MyFirstModule.Consolidated_Estimate_Local/Training","readOnlyStyle":"text","validation":null,"placeholder":""' tabindex='0'></div></div><div data-mendix-id='25_11' class='form-group mx-name-textBox16'><label class='control-label'>With  QA</label><div data-mendix-id='25_22' data-mendix-type='mxui.widget.NumberInput' data-mendix-props='"friendlyId":"MyFirstModule.Consolidated_Local_New_Edit.textBox16","insideFormGroup":true,"attributePath":"MyFirstModule.Consolidated_Estimate_Local/With_QA","readOnlyStyle":"text","validation":null,"placeholder":""' tabindex='0'></div></div><div data-mendix-id='25_12' data-mendix-type='mxui.widget.ActionButton' data-mendix-props='"friendlyId":"MyFirstModule.Consolidated_Local_New_Edit.actionButton1","caption":{"$type":"textTemplate","text":"Save","friendlyId":"MyFirstModule.Consolidated_Local_New_Edit.actionButton1"},"renderType":"button","action":{"type":"saveChanges","hasParameter":true,"params":{"closePage":true}}' class='mx-name-actionButton1 btn-success' style='margin-top:30px; margin-left:150px' tabindex='0'></div><div data-mendix-id='25_13' data-mendix-type='mxui.widget.ActionButton' data-mendix-props='"friendlyId":"MyFirstModule.Consolidated_Local_New_Edit.actionButton2","caption":{"$type":"textTemplate","text":"Cancel","friendlyId":"MyFirstModule.Consolidated_Local_New_Edit.actionButton2"},"renderType":"button","action":{"type":"cancelChanges","hasParameter":false,"params":{"closePage":true}}' class='mx-name-actionButton2 btn-default' style='margin-top:30px; margin-left:30px' tabindex='0'></div></m:template></m:templates></m:page>