﻿<?xml version='1.0' encoding='utf-8'?><m:page id='b488ed55-b591-465f-84b9-c5458e3c4b3f' xmlns='http://www.w3.org/1999/xhtml' title='Page Title' class='layout-sidebar-responsive page-products page-products-default' style='background-color:aliceblue;' xmlns:m='http://schemas.mendix.com/forms/1.0'><m:layouts><m:layout path='NavigationLayouts/Sidebar_Full_Responsive.layout.xml'></m:layout></m:layouts><m:arguments><m:argument parameterName='90307765-bc1b-483c-818f-821454fe380b'><div data-mendix-id='36_0' class='mx-layoutgrid mx-layoutgrid-fluid mx-name-layoutGrid2'><div class='row'><div class='col-md-12' style='padding-bottom: 25px; border-bottom: 2px solid #e3e3e3;'><div data-mendix-id='36_1' data-mendix-type='mxui.widget.ReactWidgetWrapper' data-mendix-props='"widgetTree":{"widget":"com.mendix.widget.core.Text","widgetId":"36_1","props":{"name":"text1","class":"mx-name-text1","style":{},"caption":{"$type":"textTemplate","text":"Overview\r\n","friendlyId":"MyFirstModule.Copy_displayTemplate.text1"},"renderMode":"h2"},"children":[]}'></div><div data-mendix-id='36_2' data-mendix-type='mxui.widget.ReactWidgetWrapper' data-mendix-props='"widgetTree":{"widget":"com.mendix.widget.core.Text","widgetId":"36_2","props":{"name":"text2","class":"mx-name-text2","style":{"fontSize":"16px"},"caption":{"$type":"textTemplate","text":"Lorem Ipsum is simply dummy text of the printing and typesetting industry. Lorem Ipsum has been the industry&apos;s standard dummy text ever since the 1500s, when an unknown printer took a galley of type and scrambled it to make a type specimen book. It has survived not only five centuries, but also the leap into electronic typesetting, remaining essentially unchanged. ","friendlyId":"MyFirstModule.Copy_displayTemplate.text2"},"renderMode":"span"},"children":[]}'></div></div></div><div class='row no-gutter'><div class='col-md-12'><div data-mendix-id='36_3' data-mendix-type='mxui.widget.NewButton' data-mendix-props='"friendlyId":"MyFirstModule.Copy_displayTemplate.createButton1","caption":{"$type":"textTemplate","text":"","friendlyId":"MyFirstModule.Copy_displayTemplate.createButton1"},"iconUrl":"img/MyFirstModule$add.png?636468842603385563","title":"Add New Template","renderType":"link","pageSettings":{"path":"MyFirstModule/Add_NewTemplate.page.xml","title":"Add New Template","location":"modal","resizable":true,"allowedRoles":["Administrator","User"]},"path":"MyFirstModule.Template"' data-mendix-roles='Administrator,User' class='mx-name-createButton1 imgCls' style='float: right; background: transparent; border: none; cursor:pointer; margin-top: 15px;' tabindex='0'></div><div data-mendix-id='36_5' data-mendix-type='mxui.widget.TemplateGrid' data-mendix-props='"friendlyId":"MyFirstModule.Copy_displayTemplate.templateGrid1","entity":"MyFirstModule.Template","schema":"888f2b1d-0255-4f13-9f12-fadc49a59822","config":{"locale":"en_US","gridType":"Standalone","gridpresentation":{"rows":4,"columns":4,"controlbar":false,"pagingbar":false,"searchbar":true,"waitforsearch":false,"selectionmode":"single","editable":false,"sortable":true,"refresh":0,"selectfirst":false},"datasource":{"friendlyId":"MyFirstModule.Copy_displayTemplate.templateGrid1","type":"database","path":"MyFirstModule.Template","xpathConstraints":"","offlineConstraints":[]},"searchOptions":{"searchBar":true,"toggleable":true,"toggledByDefault":true},"searchElements":[],"controlBar":{"gridTools":[{"mxid":"36_4","friendlyId":"MyFirstModule.Copy_displayTemplate.actionButton3","name":"actionButton3","caption":{"$type":"textTemplate","text":"Action","friendlyId":"MyFirstModule.Copy_displayTemplate.actionButton3"},"title":"","cssClass":"btn-default","cssStyle":"display:none;","visibleForRoles":["Administrator","User","Anonymous"]}],"gridActions":[{"keyValue":"36_4","gridFunction":"InvokeAction","params":{"MyFirstModule.Template":{"action":{"type":"openPage","hasParameter":true,"params":{"path":"MyFirstModule/Overview_Page_2.page.xml","location":"content","allowedRoles":["Administrator","User","Anonymous"]}},"maintainSelection":false}}}]},"defaultButton":{"clickType":"double","mxid":"36_4"},"plugins":{}}' class='mx-templategrid mx-name-templateGrid1 templategrid-transparent template-templateGrid' style='margin-top:25px;' tabindex='0'></div></div></div></div></m:argument></m:arguments><m:templates><m:template widget-id='36_5' name='content'><div data-mendix-id='36_6' data-mendix-type='mxui.widget.DataView' data-mendix-props='"friendlyId":"MyFirstModule.Copy_displayTemplate.templateGrid1","entity":"MyFirstModule.Template","schema":"0c04290f-b517-44c6-8063-f57455fb6274","readOnly":true,"datasource":{"friendlyId":"MyFirstModule.Copy_displayTemplate.templateGrid1","type":"direct","path":"MyFirstModule.Template"}' tabindex='0'></div></m:template><m:template widget-id='36_6' name='content'><div class='mx-name-container1' style='border: solid 1px; border-color:white; border-radius:10px; background-color:white; width:250px;'><div data-mendix-id='36_8' class='mx-layoutgrid mx-layoutgrid-fluid mx-name-layoutGrid1'><div class='row' style='text-align: center;'><div class='col-md-12' style='margin-left:10px; Background color:white; height:345px;'><div class='mx-name-container3' style='margin-top:15px;width: 30%;margin-bottom:10px;margin-right:25px;float:right;'><div data-mendix-id='36_14' data-mendix-type='mxui.widget.StaticImage' data-mendix-props='"friendlyId":"MyFirstModule.Copy_displayTemplate.image1","url":"img/MyFirstModule$edit_off.png?636468842603385563","action":{"type":"openPage","hasParameter":true,"params":{"path":"MyFirstModule/Add_NewTemplate.page.xml","title":"Edit Template","location":"modal","resizable":true,"allowedRoles":["Administrator","User"]}}' data-mendix-roles='Administrator,User' class='mx-name-image1 img-responsive' style='float:left;'></div><div data-mendix-id='36_15' data-mendix-type='mxui.widget.StaticImage' data-mendix-props='"friendlyId":"MyFirstModule.Copy_displayTemplate.image2","url":"img/MyFirstModule$delete_off.png?636468842603385563","action":{"type":"callMicroflow","hasParameter":true,"params":{"name":"MyFirstModule.deleteTemplate","validate":"view","applyTo":"selection","allowedRoles":["Administrator","User"]}}' data-mendix-roles='Administrator,User' class='mx-name-image2 img-responsive' style='float:right;'></div></div><div data-mendix-id='36_16' data-mendix-type='mxui.widget.DataView' data-mendix-props='"friendlyId":"MyFirstModule.Copy_displayTemplate.dataView1","entity":"MyFirstModule.Photo","schema":"81a40d9c-b536-4ef0-aec4-466530079f69","hideFooter":true,"datasource":{"friendlyId":"MyFirstModule.Copy_displayTemplate.dataView1","type":"microflow","microflow":"MyFirstModule.getPhoto","path":"MyFirstModule.Photo","parameters":["MyFirstModule.Template"]}' class='mx-name-dataView1 clearfix form-horizontal' style='text-align:center; margin: auto; width:65px; height:65px;' tabindex='0'></div><div class='mx-name-container2' style='margin-top:10px;'><div data-mendix-id='36_19' data-mendix-type='mxui.widget.ReactWidgetWrapper' data-mendix-props='"widgetTree":{"widget":"com.mendix.widget.core.Text","widgetId":"36_19","props":{"name":"text3","class":"mx-name-text3","style":{"fontSize":"16px","fontWeight":"bold"},"caption":{"$type":"textTemplate","text":"{1}","friendlyId":"MyFirstModule.Copy_displayTemplate.text3","parameters":{"1":"MyFirstModule.Template/TemplateName"}},"renderMode":"h4"},"children":[]}'></div><div data-mendix-id='36_20' data-mendix-type='mxui.widget.TextArea' data-mendix-props='"friendlyId":"MyFirstModule.Copy_displayTemplate.textArea1","insideFormGroup":false,"attributePath":"MyFirstModule.Template/Description","readOnlyStyle":"text","validation":null,"placeholder":"","maxLength":120,"counterMsg":"","textTooLongMsg":"","rows":8' class='mx-name-textArea1' style='width: 80%; word-wrap: break-word; max-height: 103px; overflow: hidden; text-overflow: ellipsis; margin: 14px auto;' tabindex='0'></div><div data-mendix-id='36_21' data-mendix-type='mxui.widget.ReactWidgetWrapper' data-mendix-props='"widgetTree":{"widget":"com.mendix.widget.core.Text","widgetId":"36_21","props":{"name":"text5","class":"mx-name-text5","style":{"bottom":"20px","position":"absolute","width":"80%","left":"30px","color":"#F48C08 ! important"},"caption":{"$type":"textTemplate","text":"Created on : {1}","friendlyId":"MyFirstModule.Copy_displayTemplate.text5","parameters":{"1":"MyFirstModule.Template/Created_On"}},"renderMode":"span"},"children":[]}'></div></div></div></div></div></div></m:template><m:template widget-id='36_16' name='content'><div data-mendix-id='36_22' data-mendix-type='mxui.widget.Image' data-mendix-props='"friendlyId":"MyFirstModule.Copy_displayTemplate.imageViewer1","datasource":{"friendlyId":"MyFirstModule.Copy_displayTemplate.imageViewer1","type":"direct","path":"MyFirstModule.Photo"},"thumb":false,"width":"100px","height":"100px","action":{"type":"doNothing","params":{}}' class='mx-name-imageViewer1 clearfix img-responsive' style='max-width:150%; max-height:150%;'></div></m:template></m:templates></m:page>