﻿<?xml version='1.0' encoding='utf-8'?><m:page id='d24e05c6-cbe4-420f-ab67-c95e5b7724e8' xmlns='http://www.w3.org/1999/xhtml' title='Edit Data  Based  SAV' class='page-form page-form-default' xmlns:m='http://schemas.mendix.com/forms/1.0'><m:layouts><m:layout path='NavigationLayouts/PopupLayout.layout.xml'></m:layout></m:layouts><m:arguments><m:argument parameterName='3eef2867-c100-4096-a8ea-2b35da5f61f1'><div data-mendix-id='46_0' class='mx-layoutgrid mx-layoutgrid-fluid container-fluid mx-name-layoutGrid1'><div class='row'><div class='col-md-12'><div data-mendix-id='46_1' data-mendix-type='mxui.widget.DataView' data-mendix-props='"friendlyId":"MyFirstModule.Data_Based_SAV_NewEdit.dataView1","entity":"MyFirstModule.Data_Based_SAV","schema":"251eb2ef-4b59-47d6-9722-966056b06cbb","datasource":{"friendlyId":"MyFirstModule.Data_Based_SAV_NewEdit.dataView1","type":"direct","path":"MyFirstModule.Data_Based_SAV"}' class='mx-name-dataView1 form-horizontal' tabindex='0'></div></div></div></div></m:argument></m:arguments><m:templates><m:template widget-id='46_1' name='content'><div data-mendix-id='46_3' class='form-group mx-name-textBox6'><label class='control-label col-sm-4'>Value  point</label><div data-mendix-id='46_10' data-mendix-type='mxui.widget.NumberInput' data-mendix-props='"friendlyId":"MyFirstModule.Data_Based_SAV_NewEdit.textBox6","insideFormGroup":true,"attributePath":"MyFirstModule.Data_Based_SAV/Value_Point","readOnlyStyle":"text","validation":null,"placeholder":"","precision":2' class='col-sm-8' tabindex='0'></div></div><div data-mendix-id='46_4' class='form-group mx-name-textBox7'><label class='control-label col-sm-4'>Value  name</label><div data-mendix-id='46_11' data-mendix-type='mxui.widget.TextInput' data-mendix-props='"friendlyId":"MyFirstModule.Data_Based_SAV_NewEdit.textBox7","insideFormGroup":true,"attributePath":"MyFirstModule.Data_Based_SAV/Value_Name","readOnlyStyle":"text","validation":null,"placeholder":"","maxLength":200' class='col-sm-8' tabindex='0'></div></div><div data-mendix-id='46_5' class='form-group mx-name-textBox8'><label class='control-label col-sm-4'>Service  name</label><div data-mendix-id='46_12' data-mendix-type='mxui.widget.TextInput' data-mendix-props='"friendlyId":"MyFirstModule.Data_Based_SAV_NewEdit.textBox8","insideFormGroup":true,"attributePath":"MyFirstModule.Data_Based_SAV/Service_Name","readOnlyStyle":"text","validation":null,"placeholder":"","maxLength":200' class='col-sm-8' tabindex='0'></div></div><div data-mendix-id='46_6' class='form-group mx-name-textBox5'><label class='control-label col-sm-4'>Service  attribute</label><div data-mendix-id='46_13' data-mendix-type='mxui.widget.TextInput' data-mendix-props='"friendlyId":"MyFirstModule.Data_Based_SAV_NewEdit.textBox5","insideFormGroup":true,"attributePath":"MyFirstModule.Data_Based_SAV/Service_Attribute","readOnlyStyle":"text","validation":null,"placeholder":"","maxLength":200' class='col-sm-8' tabindex='0'></div></div></m:template><m:template widget-id='46_1' name='footer'><div data-mendix-id='46_8' data-mendix-type='mxui.widget.ActionButton' data-mendix-props='"friendlyId":"MyFirstModule.Data_Based_SAV_NewEdit.actionButton1","caption":{"$type":"textTemplate","text":"Save","friendlyId":"MyFirstModule.Data_Based_SAV_NewEdit.actionButton1"},"renderType":"button","action":{"type":"saveChanges","hasParameter":true,"params":{"closePage":true}}' class='mx-name-actionButton1 btn-success' tabindex='0'></div><div data-mendix-id='46_9' data-mendix-type='mxui.widget.ActionButton' data-mendix-props='"friendlyId":"MyFirstModule.Data_Based_SAV_NewEdit.actionButton2","caption":{"$type":"textTemplate","text":"Cancel","friendlyId":"MyFirstModule.Data_Based_SAV_NewEdit.actionButton2"},"renderType":"button","action":{"type":"cancelChanges","hasParameter":false,"params":{"closePage":true}}' class='mx-name-actionButton2 btn-default' tabindex='0'></div></m:template></m:templates></m:page>