﻿<?xml version='1.0' encoding='utf-8'?><m:page id='c43757b6-e907-41a7-9c4a-e3488965e983' xmlns='http://www.w3.org/1999/xhtml' title='Edit Orch  SAV' class='page-form page-form-default' xmlns:m='http://schemas.mendix.com/forms/1.0'><m:layouts><m:layout path='NavigationLayouts/PopupLayout.layout.xml'></m:layout></m:layouts><m:arguments><m:argument parameterName='3eef2867-c100-4096-a8ea-2b35da5f61f1'><div data-mendix-id='27_0' class='mx-layoutgrid mx-layoutgrid-fluid container-fluid mx-name-layoutGrid1'><div class='row'><div class='col-md-12'><div data-mendix-id='27_1' data-mendix-type='mxui.widget.DataView' data-mendix-props='"friendlyId":"MyFirstModule.Database_SAV_NewEdit.dataView1","entity":"MyFirstModule.Data_Based_SAV","schema":"41042084-0836-4391-be69-090701ebe725","hideFooter":true,"datasource":{"friendlyId":"MyFirstModule.Database_SAV_NewEdit.dataView1","type":"direct","path":"MyFirstModule.Data_Based_SAV"}' class='mx-name-dataView1 formCls' tabindex='0'></div></div></div></div></m:argument></m:arguments><m:templates><m:template widget-id='27_1' name='content'><div data-mendix-id='27_3' class='form-group mx-name-textBox4'><label class='control-label'>Service  name</label><div data-mendix-id='27_9' data-mendix-type='mxui.widget.TextInput' data-mendix-props='"friendlyId":"MyFirstModule.Database_SAV_NewEdit.textBox4","insideFormGroup":true,"attributePath":"MyFirstModule.Data_Based_SAV/Service_Name","readOnlyStyle":"text","validation":null,"placeholder":"","maxLength":200' tabindex='0'></div></div><div data-mendix-id='27_4' class='form-group mx-name-textBox1'><label class='control-label'>Service  attribute</label><div data-mendix-id='27_10' data-mendix-type='mxui.widget.TextInput' data-mendix-props='"friendlyId":"MyFirstModule.Database_SAV_NewEdit.textBox1","insideFormGroup":true,"attributePath":"MyFirstModule.Data_Based_SAV/Service_Attribute","readOnlyStyle":"text","validation":null,"placeholder":"","maxLength":200' tabindex='0'></div></div><div data-mendix-id='27_5' class='form-group mx-name-textBox3'><label class='control-label'>Value  name</label><div data-mendix-id='27_11' data-mendix-type='mxui.widget.TextInput' data-mendix-props='"friendlyId":"MyFirstModule.Database_SAV_NewEdit.textBox3","insideFormGroup":true,"attributePath":"MyFirstModule.Data_Based_SAV/Value_Name","readOnlyStyle":"text","validation":null,"placeholder":"","maxLength":200' tabindex='0'></div></div><div data-mendix-id='27_6' class='form-group mx-name-textBox2'><label class='control-label'>Value  point</label><div data-mendix-id='27_12' data-mendix-type='mxui.widget.NumberInput' data-mendix-props='"friendlyId":"MyFirstModule.Database_SAV_NewEdit.textBox2","insideFormGroup":true,"attributePath":"MyFirstModule.Data_Based_SAV/Value_Point","readOnlyStyle":"text","validation":null,"placeholder":"","precision":0' tabindex='0'></div></div><div data-mendix-id='27_7' data-mendix-type='mxui.widget.ActionButton' data-mendix-props='"friendlyId":"MyFirstModule.Database_SAV_NewEdit.actionButton1","caption":{"$type":"textTemplate","text":"Save","friendlyId":"MyFirstModule.Database_SAV_NewEdit.actionButton1"},"renderType":"button","action":{"type":"saveChanges","hasParameter":true,"params":{"closePage":true}}' class='mx-name-actionButton1 btn-success' style='margin-top:30px; margin-left:150px' tabindex='0'></div><div data-mendix-id='27_8' data-mendix-type='mxui.widget.ActionButton' data-mendix-props='"friendlyId":"MyFirstModule.Database_SAV_NewEdit.actionButton2","caption":{"$type":"textTemplate","text":"Cancel","friendlyId":"MyFirstModule.Database_SAV_NewEdit.actionButton2"},"renderType":"button","action":{"type":"cancelChanges","hasParameter":false,"params":{"closePage":true}}' class='mx-name-actionButton2 btn-default' style='margin-top:30px; margin-left:30px' tabindex='0'></div></m:template></m:templates></m:page>