﻿<?xml version='1.0' encoding='utf-8'?><m:page id='81b3c956-8349-4989-9326-dcdc48d36c2b' xmlns='http://www.w3.org/1999/xhtml' title='Page Title' class='page-form page-form-default' xmlns:m='http://schemas.mendix.com/forms/1.0'><m:layouts><m:layout path='NavigationLayouts/PopupLayout.layout.xml'></m:layout></m:layouts><m:arguments><m:argument parameterName='3eef2867-c100-4096-a8ea-2b35da5f61f1'><div data-mendix-id='18_0' class='mx-layoutgrid mx-layoutgrid-fluid container-fluid mx-name-layoutGrid1'><div class='row'><div class='col-md-12'><div data-mendix-id='18_1' data-mendix-type='mxui.widget.DataView' data-mendix-props='"friendlyId":"MyFirstModule.Data_Based_NewEdit.dataView1","entity":"MyFirstModule.Data_Based_Service","schema":"4835786a-d018-47ba-9470-044a291532fa","hideFooter":true,"datasource":{"friendlyId":"MyFirstModule.Data_Based_NewEdit.dataView1","type":"direct","path":"MyFirstModule.Data_Based_Service"}' class='mx-name-dataView1 formCls' tabindex='0'></div></div></div></div></m:argument></m:arguments><m:templates><m:template widget-id='18_1' name='content'><div data-mendix-id='18_3' class='form-group mx-name-textBox12' style='width: 98%;'><label class='control-label'>Use case</label><div data-mendix-id='18_22' data-mendix-type='mxui.widget.TextInput' data-mendix-props='"friendlyId":"MyFirstModule.Data_Based_NewEdit.textBox12","insideFormGroup":true,"attributePath":"MyFirstModule.Data_Based_Service/UseCase","readOnlyStyle":"text","validation":null,"placeholder":"","maxLength":200' tabindex='0'></div></div><div data-mendix-id='18_4' class='form-group mx-name-referenceSelector1 formClsdropdown'><label class='control-label'>Development</label><div data-mendix-id='18_23' data-mendix-type='mxui.widget.ReferenceSelector' data-mendix-props='"friendlyId":"MyFirstModule.Data_Based_NewEdit.referenceSelector1","insideFormGroup":true,"attributePath":"MyFirstModule.Data_Based_Service/MyFirstModule.Data_Based_Service_Data_Based_SAV_Dev/MyFirstModule.Data_Based_SAV/Value_Name","readOnlyStyle":"text","attributePath":"MyFirstModule.Data_Based_Service/MyFirstModule.Data_Based_Service_Data_Based_SAV_Dev/MyFirstModule.Data_Based_SAV/Value_Name","datasource":{"friendlyId":"MyFirstModule.Data_Based_NewEdit.referenceSelector1","type":"xpath","path":"MyFirstModule.Data_Based_SAV","constraint":"[Service_Name=&apos;Data_Based_Service&apos;][Service_Attribute=&apos;Development&apos;]","constrainedBy":["MyFirstModule.Data_Based_Service/MyFirstModule.Data_Based_Resource_Template/MyFirstModule.Template/MyFirstModule.Data_Based_SAV_Template/MyFirstModule.Data_Based_SAV"],"sort":[["Value_Name","asc"]]},"validation":null,"emptyOptionCaption":""' tabindex='0'></div></div><div data-mendix-id='18_5' class='form-group mx-name-referenceSelector2 formClsdropdown'><label class='control-label'>Service  type</label><div data-mendix-id='18_24' data-mendix-type='mxui.widget.ReferenceSelector' data-mendix-props='"friendlyId":"MyFirstModule.Data_Based_NewEdit.referenceSelector2","insideFormGroup":true,"attributePath":"MyFirstModule.Data_Based_Service/MyFirstModule.Data_Based_Service_Data_Based_SAV_service/MyFirstModule.Data_Based_SAV/Value_Name","readOnlyStyle":"text","attributePath":"MyFirstModule.Data_Based_Service/MyFirstModule.Data_Based_Service_Data_Based_SAV_service/MyFirstModule.Data_Based_SAV/Value_Name","datasource":{"friendlyId":"MyFirstModule.Data_Based_NewEdit.referenceSelector2","type":"xpath","path":"MyFirstModule.Data_Based_SAV","constraint":"[Service_Name=&apos;Data_Based_Service&apos;][Service_Attribute=&apos;Service_Type&apos;]","constrainedBy":["MyFirstModule.Data_Based_Service/MyFirstModule.Data_Based_Resource_Template/MyFirstModule.Template/MyFirstModule.Data_Based_SAV_Template/MyFirstModule.Data_Based_SAV"],"sort":[["Value_Name","asc"]]},"validation":null,"emptyOptionCaption":""' tabindex='0'></div></div><div data-mendix-id='18_6' class='form-group mx-name-referenceSelector3 formClsdropdown'><label class='control-label'>Output format</label><div data-mendix-id='18_25' data-mendix-type='mxui.widget.ReferenceSelector' data-mendix-props='"friendlyId":"MyFirstModule.Data_Based_NewEdit.referenceSelector3","insideFormGroup":true,"attributePath":"MyFirstModule.Data_Based_Service/MyFirstModule.Data_Based_Service_Data_Based_SAV_output/MyFirstModule.Data_Based_SAV/Value_Name","readOnlyStyle":"text","attributePath":"MyFirstModule.Data_Based_Service/MyFirstModule.Data_Based_Service_Data_Based_SAV_output/MyFirstModule.Data_Based_SAV/Value_Name","datasource":{"friendlyId":"MyFirstModule.Data_Based_NewEdit.referenceSelector3","type":"xpath","path":"MyFirstModule.Data_Based_SAV","constraint":"[Service_Name=&apos;Data_Based_Service&apos;][Service_Attribute=&apos;Output_Format&apos;]","constrainedBy":["MyFirstModule.Data_Based_Service/MyFirstModule.Data_Based_Resource_Template/MyFirstModule.Template/MyFirstModule.Data_Based_SAV_Template/MyFirstModule.Data_Based_SAV"],"sort":[["Value_Name","asc"]]},"validation":null,"emptyOptionCaption":""' tabindex='0'></div></div><div data-mendix-id='18_7' class='form-group mx-name-textBox6'><label class='control-label'>Service  name</label><div data-mendix-id='18_26' data-mendix-type='mxui.widget.TextInput' data-mendix-props='"friendlyId":"MyFirstModule.Data_Based_NewEdit.textBox6","insideFormGroup":true,"attributePath":"MyFirstModule.Data_Based_Service/Service_Name","readOnlyStyle":"text","validation":null,"placeholder":"","maxLength":200' tabindex='0'></div></div><div data-mendix-id='18_8' class='form-group mx-name-textBox1'><label class='control-label'>No of  request  parameter</label><div data-mendix-id='18_27' data-mendix-type='mxui.widget.NumberInput' data-mendix-props='"friendlyId":"MyFirstModule.Data_Based_NewEdit.textBox1","insideFormGroup":true,"attributePath":"MyFirstModule.Data_Based_Service/No_of_Request_Parameter","readOnlyStyle":"text","validation":null,"placeholder":"0"' tabindex='0'></div></div><div data-mendix-id='18_9' class='form-group mx-name-textBox7'><label class='control-label'>No of  response  parameter</label><div data-mendix-id='18_28' data-mendix-type='mxui.widget.NumberInput' data-mendix-props='"friendlyId":"MyFirstModule.Data_Based_NewEdit.textBox7","insideFormGroup":true,"attributePath":"MyFirstModule.Data_Based_Service/No_of_Response_Parameter","readOnlyStyle":"text","validation":null,"placeholder":"0"' tabindex='0'></div></div><div data-mendix-id='18_10' class='form-group mx-name-radioButtons4'><label class='control-label'>Service  overlap</label><div data-mendix-id='18_29' data-mendix-type='mxui.widget.RadioButtonGroup' data-mendix-props='"friendlyId":"MyFirstModule.Data_Based_NewEdit.radioButtons4","insideFormGroup":true,"attributePath":"MyFirstModule.Data_Based_Service/Service_Overlap","readOnlyStyle":"text","validation":null,"horizontal":true,"options":[{"key":"Yes","caption":"Yes"},{"key":"No","caption":"No"}]' tabindex='0'></div></div><div data-mendix-id='18_11' class='form-group mx-name-radioButtons2'><label class='control-label'>Co exist with  monolithic</label><div data-mendix-id='18_30' data-mendix-type='mxui.widget.RadioButtonGroup' data-mendix-props='"friendlyId":"MyFirstModule.Data_Based_NewEdit.radioButtons2","insideFormGroup":true,"attributePath":"MyFirstModule.Data_Based_Service/CoExist_with_Monolithic","readOnlyStyle":"text","validation":null,"horizontal":true,"options":[{"key":"Yes","caption":"Yes"},{"key":"No","caption":"No"}]' tabindex='0'></div></div><div data-mendix-id='18_12' class='form-group mx-name-radioButtons3' style='width: 98%;'><label class='control-label'>Versioning</label><div data-mendix-id='18_31' data-mendix-type='mxui.widget.RadioButtonGroup' data-mendix-props='"friendlyId":"MyFirstModule.Data_Based_NewEdit.radioButtons3","insideFormGroup":true,"attributePath":"MyFirstModule.Data_Based_Service/Versioning","readOnlyStyle":"text","validation":null,"horizontal":true,"options":[{"key":"Yes","caption":"Yes"},{"key":"No","caption":"No"}]' tabindex='0'></div></div><div data-mendix-id='18_13' class='form-group mx-name-radioButtons5' style='width: 98%;'><label class='control-label'>Blocking the case</label><div data-mendix-id='18_32' data-mendix-type='mxui.widget.RadioButtonGroup' data-mendix-props='"friendlyId":"MyFirstModule.Data_Based_NewEdit.radioButtons5","insideFormGroup":true,"attributePath":"MyFirstModule.Data_Based_Service/Blocking_the_case","readOnlyStyle":"text","validation":null,"horizontal":true,"options":[{"key":"Blocking","caption":"Blocking"},{"key":"Non_Blocking","caption":"Non Blocking"}]' tabindex='0'></div></div><div data-mendix-id='18_14' class='form-group mx-name-dropDown1 formClsdropdown'><label class='control-label'>Consumer</label><div data-mendix-id='18_33' data-mendix-type='mxui.widget.EnumSelect' data-mendix-props='"friendlyId":"MyFirstModule.Data_Based_NewEdit.dropDown1","insideFormGroup":true,"attributePath":"MyFirstModule.Data_Based_Service/Consumer","readOnlyStyle":"text","validation":null,"emptyOptionCaption":""' tabindex='0'></div></div><div data-mendix-id='18_15' class='form-group mx-name-dropDown2 formClsdropdown'><label class='control-label'>Bussiness  logic  nature</label><div data-mendix-id='18_34' data-mendix-type='mxui.widget.EnumSelect' data-mendix-props='"friendlyId":"MyFirstModule.Data_Based_NewEdit.dropDown2","insideFormGroup":true,"attributePath":"MyFirstModule.Data_Based_Service/Bussiness_Logic_Nature","readOnlyStyle":"text","validation":null,"emptyOptionCaption":""' tabindex='0'></div></div><div data-mendix-id='18_16' class='form-group mx-name-radioButtons8' style='width: 98%;'><label class='control-label'>Database  per  service</label><div data-mendix-id='18_35' data-mendix-type='mxui.widget.RadioButtonGroup' data-mendix-props='"friendlyId":"MyFirstModule.Data_Based_NewEdit.radioButtons8","insideFormGroup":true,"attributePath":"MyFirstModule.Data_Based_Service/Database_Per_Service","readOnlyStyle":"text","validation":null,"horizontal":true,"options":[{"key":"Yes","caption":"Yes"},{"key":"No","caption":"No"}]' tabindex='0'></div></div><div data-mendix-id='18_17' class='form-group mx-name-radioButtons9' style='width: 98%;'><label class='control-label'>Distributed transaction</label><div data-mendix-id='18_36' data-mendix-type='mxui.widget.RadioButtonGroup' data-mendix-props='"friendlyId":"MyFirstModule.Data_Based_NewEdit.radioButtons9","insideFormGroup":true,"attributePath":"MyFirstModule.Data_Based_Service/Distributed_transaction","readOnlyStyle":"text","validation":null,"horizontal":true,"options":[{"key":"Yes","caption":"Yes"},{"key":"No","caption":"No"}]' tabindex='0'></div></div><div data-mendix-id='18_18' class='form-group mx-name-radioButtons10' style='width: 98%;'><label class='control-label'>Event base  transaction</label><div data-mendix-id='18_37' data-mendix-type='mxui.widget.RadioButtonGroup' data-mendix-props='"friendlyId":"MyFirstModule.Data_Based_NewEdit.radioButtons10","insideFormGroup":true,"attributePath":"MyFirstModule.Data_Based_Service/Event_base_Transaction","readOnlyStyle":"text","validation":null,"horizontal":true,"options":[{"key":"Yes","caption":"Yes"},{"key":"No","caption":"No"}]' tabindex='0'></div></div><div data-mendix-id='18_19' class='form-group mx-name-radioButtons1' style='width: 98%;'><label class='control-label'>Separate  read  write  model</label><div data-mendix-id='18_38' data-mendix-type='mxui.widget.RadioButtonGroup' data-mendix-props='"friendlyId":"MyFirstModule.Data_Based_NewEdit.radioButtons1","insideFormGroup":true,"attributePath":"MyFirstModule.Data_Based_Service/Separate_Read_Write_Model","readOnlyStyle":"text","validation":null,"horizontal":true,"options":[{"key":"Yes","caption":"Yes"},{"key":"No","caption":"No"}]' tabindex='0'></div></div><div data-mendix-id='18_20' data-mendix-type='mxui.widget.ActionButton' data-mendix-props='"friendlyId":"MyFirstModule.Data_Based_NewEdit.actionButton3","caption":{"$type":"textTemplate","text":"Save","friendlyId":"MyFirstModule.Data_Based_NewEdit.actionButton3"},"renderType":"button","action":{"type":"callMicroflow","hasParameter":true,"params":{"name":"MyFirstModule.DatabasedService","validate":"view","applyTo":"selection","allowedRoles":["Administrator","User"]}}' data-mendix-roles='Administrator,User' class='mx-name-actionButton3 btn-success' style='margin-top:30px; margin-left:150px' tabindex='0'></div><div data-mendix-id='18_21' data-mendix-type='mxui.widget.ActionButton' data-mendix-props='"friendlyId":"MyFirstModule.Data_Based_NewEdit.actionButton2","caption":{"$type":"textTemplate","text":"Cancel","friendlyId":"MyFirstModule.Data_Based_NewEdit.actionButton2"},"renderType":"button","action":{"type":"cancelChanges","hasParameter":false,"params":{"closePage":true}}' class='mx-name-actionButton2 btn-default' style='margin-top:30px; margin-left:30px' tabindex='0'></div></m:template></m:templates></m:page>