﻿<?xml version='1.0' encoding='utf-8'?><m:page id='f4cd5ae6-289a-464d-97e1-41ed2df843cd' xmlns='http://www.w3.org/1999/xhtml' title='Edit Development  Process' class='page-form page-form-default' xmlns:m='http://schemas.mendix.com/forms/1.0'><m:layouts><m:layout path='NavigationLayouts/PopupLayout.layout.xml'></m:layout></m:layouts><m:arguments><m:argument parameterName='3eef2867-c100-4096-a8ea-2b35da5f61f1'><div data-mendix-id='32_0' class='mx-layoutgrid mx-layoutgrid-fluid container-fluid mx-name-layoutGrid1'><div class='row'><div class='col-md-12'><div data-mendix-id='32_1' data-mendix-type='mxui.widget.DataView' data-mendix-props='"friendlyId":"MyFirstModule.Development_Process_NewEdit.dataView1","entity":"MyFirstModule.Development_Process","schema":"5d1d1ecb-740a-410b-a1b1-e934a5f09f1b","hideFooter":true,"datasource":{"friendlyId":"MyFirstModule.Development_Process_NewEdit.dataView1","type":"direct","path":"MyFirstModule.Development_Process"}' class='mx-name-dataView1 formCls' tabindex='0'></div></div></div></div></m:argument></m:arguments><m:templates><m:template widget-id='32_1' name='content'><div data-mendix-id='32_3' class='form-group mx-name-textBox6' style='margin-top: 20px;'><label class='control-label'>Use case</label><div data-mendix-id='32_17' data-mendix-type='mxui.widget.TextInput' data-mendix-props='"friendlyId":"MyFirstModule.Development_Process_NewEdit.textBox6","insideFormGroup":true,"attributePath":"MyFirstModule.Development_Process/UseCase","readOnlyStyle":"text","validation":null,"placeholder":"","maxLength":200' tabindex='0'></div></div><div data-mendix-id='32_4' class='form-group mx-name-textBox7'><label class='control-label'>Service name</label><div data-mendix-id='32_18' data-mendix-type='mxui.widget.TextInput' data-mendix-props='"friendlyId":"MyFirstModule.Development_Process_NewEdit.textBox7","insideFormGroup":true,"attributePath":"MyFirstModule.Development_Process/Service_name","readOnlyStyle":"text","validation":null,"placeholder":"","maxLength":200' tabindex='0'></div></div><div data-mendix-id='32_5' class='form-group mx-name-referenceSelector1 formClsdropdown'><label class='control-label'>Process</label><div data-mendix-id='32_19' data-mendix-type='mxui.widget.ReferenceSelector' data-mendix-props='"friendlyId":"MyFirstModule.Development_Process_NewEdit.referenceSelector1","insideFormGroup":true,"attributePath":"MyFirstModule.Development_Process/MyFirstModule.Development_Process_Dev_process_SAV_process/MyFirstModule.Dev_process_SAV/Value_Name","readOnlyStyle":"text","attributePath":"MyFirstModule.Development_Process/MyFirstModule.Development_Process_Dev_process_SAV_process/MyFirstModule.Dev_process_SAV/Value_Name","datasource":{"friendlyId":"MyFirstModule.Development_Process_NewEdit.referenceSelector1","type":"xpath","path":"MyFirstModule.Dev_process_SAV","constraint":"[Service_Name=&apos;Development Process&apos;][Service_Attribute=&apos;Process&apos;]","constrainedBy":["MyFirstModule.Development_Process/MyFirstModule.Development_Process_Template/MyFirstModule.Template/MyFirstModule.Dev_process_SAV_Template/MyFirstModule.Dev_process_SAV"],"sort":[["Value_Name","asc"]]},"validation":null,"emptyOptionCaption":""' tabindex='0'></div></div><div data-mendix-id='32_6' class='form-group mx-name-radioButtons3'><label class='control-label'>Pair programming</label><div data-mendix-id='32_20' data-mendix-type='mxui.widget.RadioButtonGroup' data-mendix-props='"friendlyId":"MyFirstModule.Development_Process_NewEdit.radioButtons3","insideFormGroup":true,"attributePath":"MyFirstModule.Development_Process/PairProgramming","readOnlyStyle":"text","validation":null,"horizontal":true,"options":[{"key":"Yes","caption":"Yes"},{"key":"No","caption":"No"}]' tabindex='0'></div></div><div data-mendix-id='32_7' class='form-group mx-name-referenceSelector3 formClsdropdown'><label class='control-label'>Methodology</label><div data-mendix-id='32_21' data-mendix-type='mxui.widget.ReferenceSelector' data-mendix-props='"friendlyId":"MyFirstModule.Development_Process_NewEdit.referenceSelector3","insideFormGroup":true,"attributePath":"MyFirstModule.Development_Process/MyFirstModule.Development_Process_Dev_process_SAV_method/MyFirstModule.Dev_process_SAV/Value_Name","readOnlyStyle":"text","attributePath":"MyFirstModule.Development_Process/MyFirstModule.Development_Process_Dev_process_SAV_method/MyFirstModule.Dev_process_SAV/Value_Name","datasource":{"friendlyId":"MyFirstModule.Development_Process_NewEdit.referenceSelector3","type":"xpath","path":"MyFirstModule.Dev_process_SAV","constraint":"[Service_Name=&apos;Development Process&apos;][Service_Attribute=&apos;Methodology&apos;]","constrainedBy":["MyFirstModule.Development_Process/MyFirstModule.Development_Process_Template/MyFirstModule.Template/MyFirstModule.Dev_process_SAV_Template/MyFirstModule.Dev_process_SAV"],"sort":[["Value_Name","asc"]]},"validation":null,"emptyOptionCaption":""' tabindex='0'></div></div><div data-mendix-id='32_8' class='form-group mx-name-referenceSelector4 formClsdropdown'><label class='control-label'>Dev Environment</label><div data-mendix-id='32_22' data-mendix-type='mxui.widget.ReferenceSelector' data-mendix-props='"friendlyId":"MyFirstModule.Development_Process_NewEdit.referenceSelector4","insideFormGroup":true,"attributePath":"MyFirstModule.Development_Process/MyFirstModule.Development_Process_Dev_process_SAV_env/MyFirstModule.Dev_process_SAV/Value_Name","readOnlyStyle":"text","attributePath":"MyFirstModule.Development_Process/MyFirstModule.Development_Process_Dev_process_SAV_env/MyFirstModule.Dev_process_SAV/Value_Name","datasource":{"friendlyId":"MyFirstModule.Development_Process_NewEdit.referenceSelector4","type":"xpath","path":"MyFirstModule.Dev_process_SAV","constraint":"[Service_Name=&apos;Development Process&apos;][Service_Attribute=&apos;Dev Environment&apos;]","constrainedBy":["MyFirstModule.Development_Process/MyFirstModule.Development_Process_Template/MyFirstModule.Template/MyFirstModule.Dev_process_SAV_Template/MyFirstModule.Dev_process_SAV"],"sort":[["Value_Name","asc"]]},"validation":null,"emptyOptionCaption":""' tabindex='0'></div></div><div data-mendix-id='32_9' class='form-group mx-name-referenceSelector5 formClsdropdown'><label class='control-label'>Dev Tools</label><div data-mendix-id='32_23' data-mendix-type='mxui.widget.ReferenceSelector' data-mendix-props='"friendlyId":"MyFirstModule.Development_Process_NewEdit.referenceSelector5","insideFormGroup":true,"attributePath":"MyFirstModule.Development_Process/MyFirstModule.Development_Process_Dev_process_SAV_tool/MyFirstModule.Dev_process_SAV/Value_Name","readOnlyStyle":"text","attributePath":"MyFirstModule.Development_Process/MyFirstModule.Development_Process_Dev_process_SAV_tool/MyFirstModule.Dev_process_SAV/Value_Name","datasource":{"friendlyId":"MyFirstModule.Development_Process_NewEdit.referenceSelector5","type":"xpath","path":"MyFirstModule.Dev_process_SAV","constraint":"[Service_Name=&apos;Development Process&apos;][Service_Attribute=&apos;Dev Tools&apos;]","constrainedBy":["MyFirstModule.Development_Process/MyFirstModule.Development_Process_Template/MyFirstModule.Template/MyFirstModule.Dev_process_SAV_Template/MyFirstModule.Dev_process_SAV"],"sort":[["Value_Name","asc"]]},"validation":null,"emptyOptionCaption":""' tabindex='0'></div></div><div data-mendix-id='32_10' class='form-group mx-name-referenceSelector6 formClsdropdown'><label class='control-label'>Testing Tools</label><div data-mendix-id='32_24' data-mendix-type='mxui.widget.ReferenceSelector' data-mendix-props='"friendlyId":"MyFirstModule.Development_Process_NewEdit.referenceSelector6","insideFormGroup":true,"attributePath":"MyFirstModule.Development_Process/MyFirstModule.Development_Process_Dev_process_SAV_testtool/MyFirstModule.Dev_process_SAV/Value_Name","readOnlyStyle":"text","attributePath":"MyFirstModule.Development_Process/MyFirstModule.Development_Process_Dev_process_SAV_testtool/MyFirstModule.Dev_process_SAV/Value_Name","datasource":{"friendlyId":"MyFirstModule.Development_Process_NewEdit.referenceSelector6","type":"xpath","path":"MyFirstModule.Dev_process_SAV","constraint":"[Service_Name=&apos;Development Process&apos;][Service_Attribute=&apos;Testing Tools&apos;]","constrainedBy":["MyFirstModule.Development_Process/MyFirstModule.Development_Process_Template/MyFirstModule.Template/MyFirstModule.Dev_process_SAV_Template/MyFirstModule.Dev_process_SAV"],"sort":[["Value_Name","asc"]]},"validation":null,"emptyOptionCaption":""' tabindex='0'></div></div><div data-mendix-id='32_11' class='form-group mx-name-referenceSelector7 formClsdropdown' style='width: 98%;'><label class='control-label'>Branching Strategy</label><div data-mendix-id='32_25' data-mendix-type='mxui.widget.ReferenceSelector' data-mendix-props='"friendlyId":"MyFirstModule.Development_Process_NewEdit.referenceSelector7","insideFormGroup":true,"attributePath":"MyFirstModule.Development_Process/MyFirstModule.Development_Process_Dev_process_SAV_Bus/MyFirstModule.Dev_process_SAV/Value_Name","readOnlyStyle":"text","attributePath":"MyFirstModule.Development_Process/MyFirstModule.Development_Process_Dev_process_SAV_Bus/MyFirstModule.Dev_process_SAV/Value_Name","datasource":{"friendlyId":"MyFirstModule.Development_Process_NewEdit.referenceSelector7","type":"xpath","path":"MyFirstModule.Dev_process_SAV","constraint":"[Service_Name=&apos;Development Process&apos;][Service_Attribute=&apos;Branching Strategy&apos;]","constrainedBy":["MyFirstModule.Development_Process/MyFirstModule.Development_Process_Template/MyFirstModule.Template/MyFirstModule.Dev_process_SAV_Template/MyFirstModule.Dev_process_SAV"],"sort":[["Value_Name","asc"]]},"validation":null,"emptyOptionCaption":""' tabindex='0'></div></div><div data-mendix-id='32_12' class='form-group mx-name-radioButtons2' style='width: 98%;'><label class='control-label'>Access</label><div data-mendix-id='32_26' data-mendix-type='mxui.widget.RadioButtonGroup' data-mendix-props='"friendlyId":"MyFirstModule.Development_Process_NewEdit.radioButtons2","insideFormGroup":true,"attributePath":"MyFirstModule.Development_Process/Access","readOnlyStyle":"text","validation":null,"horizontal":true,"options":[{"key":"Open","caption":"Open"},{"key":"Close","caption":"Close"}]' tabindex='0'></div></div><div data-mendix-id='32_13' class='form-group mx-name-radioButtons1' style='width: 98%;'><label class='control-label'>Service  writable  by</label><div data-mendix-id='32_27' data-mendix-type='mxui.widget.RadioButtonGroup' data-mendix-props='"friendlyId":"MyFirstModule.Development_Process_NewEdit.radioButtons1","insideFormGroup":true,"attributePath":"MyFirstModule.Development_Process/Service_Writable_By","readOnlyStyle":"text","validation":null,"horizontal":true,"options":[{"key":"Single_Team","caption":"Single Team"},{"key":"Multiple_Team","caption":"Multiple Team"}]' tabindex='0'></div></div><div data-mendix-id='32_14' class='form-group mx-name-referenceSelector8 formClsdropdown'><label class='control-label'>Documentation</label><div data-mendix-id='32_28' data-mendix-type='mxui.widget.ReferenceSelector' data-mendix-props='"friendlyId":"MyFirstModule.Development_Process_NewEdit.referenceSelector8","insideFormGroup":true,"attributePath":"MyFirstModule.Development_Process/MyFirstModule.Development_Process_Dev_process_SAV_doc/MyFirstModule.Dev_process_SAV/Value_Name","readOnlyStyle":"text","attributePath":"MyFirstModule.Development_Process/MyFirstModule.Development_Process_Dev_process_SAV_doc/MyFirstModule.Dev_process_SAV/Value_Name","datasource":{"friendlyId":"MyFirstModule.Development_Process_NewEdit.referenceSelector8","type":"xpath","path":"MyFirstModule.Dev_process_SAV","constraint":"[Service_Name=&apos;Development Process&apos;][Service_Attribute=&apos;Documentation&apos;]","constrainedBy":["MyFirstModule.Development_Process/MyFirstModule.Development_Process_Template/MyFirstModule.Template/MyFirstModule.Dev_process_SAV_Template/MyFirstModule.Dev_process_SAV"],"sort":[["Value_Name","asc"]]},"validation":null,"emptyOptionCaption":""' tabindex='0'></div></div><div data-mendix-id='32_15' data-mendix-type='mxui.widget.ActionButton' data-mendix-props='"friendlyId":"MyFirstModule.Development_Process_NewEdit.actionButton1","caption":{"$type":"textTemplate","text":"Save","friendlyId":"MyFirstModule.Development_Process_NewEdit.actionButton1"},"renderType":"button","action":{"type":"callMicroflow","hasParameter":true,"params":{"name":"MyFirstModule.Microflow_Development","validate":"view","applyTo":"selection","allowedRoles":["Administrator","User"]}}' data-mendix-roles='Administrator,User' class='mx-name-actionButton1 btn-success' style='margin-top:30px; margin-left:150px' tabindex='0'></div><div data-mendix-id='32_16' data-mendix-type='mxui.widget.ActionButton' data-mendix-props='"friendlyId":"MyFirstModule.Development_Process_NewEdit.actionButton2","caption":{"$type":"textTemplate","text":"Cancel","friendlyId":"MyFirstModule.Development_Process_NewEdit.actionButton2"},"renderType":"button","action":{"type":"cancelChanges","hasParameter":false,"params":{"closePage":true}}' class='mx-name-actionButton2 btn-default' style='margin-top:30px; margin-left:30px' tabindex='0'></div></m:template></m:templates></m:page>