﻿<?xml version='1.0' encoding='utf-8'?><m:page id='d1bce60d-b089-486e-9326-86cc5b0ef63c' xmlns='http://www.w3.org/1999/xhtml' title='Edit Infrastructure' class='page-form page-form-default' xmlns:m='http://schemas.mendix.com/forms/1.0'><m:layouts><m:layout path='NavigationLayouts/PopupLayout.layout.xml'></m:layout></m:layouts><m:arguments><m:argument parameterName='3eef2867-c100-4096-a8ea-2b35da5f61f1'><div data-mendix-id='11_0' class='mx-layoutgrid mx-layoutgrid-fluid container-fluid mx-name-layoutGrid1'><div class='row'><div class='col-md-12'><div data-mendix-id='11_1' data-mendix-type='mxui.widget.DataView' data-mendix-props='"friendlyId":"MyFirstModule.Infrastructure_NewEdit.dataView1","entity":"MyFirstModule.Infrastructure","schema":"287d987f-1170-424a-96a3-f2185b8f0cb2","hideFooter":true,"datasource":{"friendlyId":"MyFirstModule.Infrastructure_NewEdit.dataView1","type":"direct","path":"MyFirstModule.Infrastructure"}' class='mx-name-dataView1 formCls' tabindex='0'></div></div></div></div></m:argument></m:arguments><m:templates><m:template widget-id='11_1' name='content'><div data-mendix-id='11_3' class='form-group mx-name-radioButtons2' style='margin-top: 20px;'><label class='control-label'>Multi data center  deployment</label><div data-mendix-id='11_9' data-mendix-type='mxui.widget.RadioButtonGroup' data-mendix-props='"friendlyId":"MyFirstModule.Infrastructure_NewEdit.radioButtons2","insideFormGroup":true,"attributePath":"MyFirstModule.Infrastructure/Multi_data_center_Deployment","readOnlyStyle":"text","validation":null,"horizontal":true,"options":[{"key":"Yes","caption":"Yes"},{"key":"No","caption":"No"}]' tabindex='0'></div></div><div data-mendix-id='11_4' class='form-group mx-name-radioButtons3' style='width: 98%;'><label class='control-label'>Geo  load  balancer  required</label><div data-mendix-id='11_10' data-mendix-type='mxui.widget.RadioButtonGroup' data-mendix-props='"friendlyId":"MyFirstModule.Infrastructure_NewEdit.radioButtons3","insideFormGroup":true,"attributePath":"MyFirstModule.Infrastructure/Geo_Load_Balancer_Required","readOnlyStyle":"text","validation":null,"horizontal":true,"options":[{"key":"Yes","caption":"Yes"},{"key":"No","caption":"No"}]' tabindex='0'></div></div><div data-mendix-id='11_5' class='form-group mx-name-radioButtons4' style='width: 98%;'><label class='control-label'>Auto  scaling</label><div data-mendix-id='11_11' data-mendix-type='mxui.widget.RadioButtonGroup' data-mendix-props='"friendlyId":"MyFirstModule.Infrastructure_NewEdit.radioButtons4","insideFormGroup":true,"attributePath":"MyFirstModule.Infrastructure/Auto_Scaling","readOnlyStyle":"text","validation":null,"horizontal":true,"options":[{"key":"Yes","caption":"Yes"},{"key":"No","caption":"No"}]' tabindex='0'></div></div><div data-mendix-id='11_6' class='form-group mx-name-dropDown1 formClsdropdown'><label class='control-label'>Performance</label><div data-mendix-id='11_12' data-mendix-type='mxui.widget.EnumSelect' data-mendix-props='"friendlyId":"MyFirstModule.Infrastructure_NewEdit.dropDown1","insideFormGroup":true,"attributePath":"MyFirstModule.Infrastructure/Performance","readOnlyStyle":"text","validation":null,"emptyOptionCaption":""' tabindex='0'></div></div><div data-mendix-id='11_7' data-mendix-type='mxui.widget.ActionButton' data-mendix-props='"friendlyId":"MyFirstModule.Infrastructure_NewEdit.actionButton1","caption":{"$type":"textTemplate","text":"Save","friendlyId":"MyFirstModule.Infrastructure_NewEdit.actionButton1"},"renderType":"button","action":{"type":"callMicroflow","hasParameter":true,"params":{"name":"MyFirstModule.Microflow_Infrastructure","validate":"view","applyTo":"selection","allowedRoles":["Administrator","User"]}}' data-mendix-roles='Administrator,User' class='mx-name-actionButton1 btn-success' style='margin-top:30px; margin-left:150px' tabindex='0'></div><div data-mendix-id='11_8' data-mendix-type='mxui.widget.ActionButton' data-mendix-props='"friendlyId":"MyFirstModule.Infrastructure_NewEdit.actionButton2","caption":{"$type":"textTemplate","text":"Cancel","friendlyId":"MyFirstModule.Infrastructure_NewEdit.actionButton2"},"renderType":"button","action":{"type":"cancelChanges","hasParameter":false,"params":{"closePage":true}}' class='mx-name-actionButton2 btn-default' style='margin-top:30px; margin-left:30px' tabindex='0'></div></m:template></m:templates></m:page>