﻿<?xml version='1.0' encoding='utf-8'?><m:page id='58463abe-b735-47aa-8d2d-a621db9a3097' xmlns='http://www.w3.org/1999/xhtml' title='Login' class='navlayout-topbar layout-sidebar-responsive' xmlns:m='http://schemas.mendix.com/forms/1.0'><m:layouts><m:layout path='NavigationLayouts/TopBar.layout.xml'></m:layout></m:layouts><m:arguments><m:argument parameterName='1bac8c00-be51-4804-b82c-2e7cc65ecca9'><div data-mendix-id='1_0' class='mx-layoutgrid mx-layoutgrid-fluid container-fluid mx-name-layoutGrid1'><div class='row'><div class='col-md-12 formCls'><div data-mendix-id='1_1' class='mx-layoutgrid mx-layoutgrid-fluid mx-name-layoutGrid5'><div class='row'><div class='col-md-6'><table class='mx-table mx-name-table3' style='margin-top:60px; margin-left:250px; box-shadow: 5px 5px 5px lightgrey; background-color:white; background-color:white; width:70% ! important;'><colgroup><col style='width:100%'></col></colgroup><tbody><tr><td><div data-mendix-id='1_2' class='mx-layoutgrid mx-layoutgrid-fluid mx-name-layoutGrid4'><div class='row'><div class='col-md-12'><div data-mendix-id='1_3' data-mendix-type='mxui.widget.ReactWidgetWrapper' data-mendix-props='"widgetTree":{"widget":"com.mendix.widget.core.Text","widgetId":"1_3","props":{"name":"text4","class":"mx-name-text4","style":{"marginTop":"30px","float":"left","marginLeft":"20px"},"caption":{"$type":"textTemplate","text":"Sign In","friendlyId":"MyFirstModule.Login.text4"},"renderMode":"h3"},"children":[]}'></div></div></div></div></td></tr><tr><td><div data-mendix-id='1_4' data-mendix-type='mxui.widget.ValidationMessage' data-mendix-props='"friendlyId":"MyFirstModule.Login.validationMessage2"' class='mx-name-validationMessage2' tabindex='0'></div></td></tr><tr><td><div data-mendix-id='1_5' class='form-group mx-name-loginIdTextBox2' style='width:80%; margin-left:20px; margin-top: -10px'><label class='control-label'>Username</label><input type='text' id='1_5' class='form-control' tabindex='5' placeholder='' autocorrect='off' autocapitalize='none'></input></div></td></tr><tr><td><div data-mendix-id='1_6' class='form-group mx-name-passwordTextBox2' style='width:80%; margin-left:20px; margin-top: -10px'><label class='control-label'>Password</label><input type='password' id='1_6' class='form-control' tabindex='4' placeholder='' autocorrect='off' autocapitalize='none'></input></div></td></tr><tr><td><div data-mendix-id='1_7' data-mendix-type='mxui.widget.LoginButton' data-mendix-props='"friendlyId":"MyFirstModule.Login.signInButton2","caption":{"$type":"textTemplate","text":"Sign in","friendlyId":"MyFirstModule.Login.signInButton2"},"renderType":"button","loginIdTextBoxId":"1_5","passwordTextBoxId":"1_6","validationMessageWidgetId":"1_4"' class='mx-name-signInButton2 btn-success' style='border-radius: 20px; padding: 10px 32px; margin-top: -15px; margin-left:100px; margin-bottom: 8px;' tabindex='0'></div></td></tr></tbody></table></div><div class='col-md-6'><table class='mx-table mx-name-table1' style='background-color:#262626; color:white; margin-top:60px; margin-left:50px; box-shadow: 5px 5px 5px lightgrey; width: 70% ! important;'><colgroup><col style='width:100%'></col></colgroup><tbody><tr><td><div data-mendix-id='1_8' class='mx-layoutgrid mx-layoutgrid-fluid mx-name-layoutGrid2'><div class='row'><div class='col-md-4'></div><div class='col-md-3'><div data-mendix-id='1_9' data-mendix-type='mxui.widget.StaticImage' data-mendix-props='"friendlyId":"MyFirstModule.Login.image1","url":"img/NavigationLayouts$favicon.png?636468842603385563","action":{"type":"doNothing","hasParameter":false,"params":{}}' class='mx-name-image1 img-responsive' style='float:right; margin-right:70px; margin-top:20px;'></div></div><div class='col-md-5'><div data-mendix-id='1_10' data-mendix-type='mxui.widget.ReactWidgetWrapper' data-mendix-props='"widgetTree":{"widget":"com.mendix.widget.core.Text","widgetId":"1_10","props":{"name":"text1","class":"mx-name-text1","style":{"color":"white","float":"left","marginLeft":"-100px","marginTop":"37px","fontWeight":"bold"},"caption":{"$type":"textTemplate","text":"Estimation","friendlyId":"MyFirstModule.Login.text1"},"renderMode":"h3"},"children":[]}'></div></div></div></div></td></tr><tr style='text-align:justify;'><td style='text-align:center;'><div data-mendix-id='1_11' data-mendix-type='mxui.widget.ReactWidgetWrapper' data-mendix-props='"widgetTree":{"widget":"com.mendix.widget.core.Text","widgetId":"1_11","props":{"name":"text2","class":"mx-name-text2","style":{"wordWrap":"break-word","maxHeight":"115px","overflow":"hidden","textOverflow":"ellipsis ! important"},"caption":{"$type":"textTemplate","text":"Estimation app helps you to calculate PDs taken to complete particular service. User can maintain different client templates under which services can be stored. For each client, the app calculate PDs and  generates the report. It reduces manual effort and provide accurate calculation to the user.","friendlyId":"MyFirstModule.Login.text2"},"renderMode":"span"},"children":[]}'></div></td></tr><tr><td><div data-mendix-id='1_12' class='mx-layoutgrid mx-layoutgrid-fluid mx-name-layoutGrid3'><div class='row'><div class='col-md-1'></div><div class='col-md-11'><div data-mendix-id='1_13' data-mendix-type='mxui.widget.TemplateGrid' data-mendix-props='"friendlyId":"MyFirstModule.Login.templateGrid1","entity":"Administration.Account","schema":"cb173802-2f06-48df-a5fb-39e7e0ae90b2","config":{"locale":"en_US","gridType":"Standalone","gridpresentation":{"rows":1,"columns":1,"controlbar":false,"pagingbar":false,"selectionmode":"none","editable":false,"sortable":false,"refresh":0,"selectfirst":false},"datasource":{"friendlyId":"MyFirstModule.Login.templateGrid1","type":"microflow","microflow":"MyFirstModule.Retrieve_Admin_Email","path":"Administration.Account","parameters":[]},"controlBar":{"gridTools":[],"gridActions":[]},"plugins":{}}' class='mx-templategrid mx-name-templateGrid1 Templategrid-Login' style='background-color: black ! important; border: none;' tabindex='0'></div></div></div></div></td></tr><tr><td></td></tr></tbody></table></div></div></div></div></div></div></m:argument></m:arguments><m:templates><m:template widget-id='1_13' name='content'><div data-mendix-id='1_14' data-mendix-type='mxui.widget.DataView' data-mendix-props='"friendlyId":"MyFirstModule.Login.templateGrid1","entity":"Administration.Account","schema":"289d64e4-36a5-4121-998f-d29ba385ba2d","readOnly":true,"datasource":{"friendlyId":"MyFirstModule.Login.templateGrid1","type":"direct","path":"Administration.Account"}' tabindex='0'></div></m:template><m:template widget-id='1_14' name='content'><div data-mendix-id='1_15' data-mendix-type='mxui.widget.TextInput' data-mendix-props='"friendlyId":"MyFirstModule.Login.textBox1","insideFormGroup":false,"attributePath":"Administration.Account/Email","readOnlyStyle":"text","validation":null,"placeholder":"","maxLength":200' class='mx-name-textBox1' style='color:#00a3cc; text-align:center;' tabindex='0'></div></m:template></m:templates></m:page>