﻿<?xml version='1.0' encoding='utf-8'?><m:page id='397bad9b-244a-4495-87fc-6aa073df2855' xmlns='http://www.w3.org/1999/xhtml' title='Page Title' class='layout-sidebar-responsive page-tabs page-tabs-default' xmlns:m='http://schemas.mendix.com/forms/1.0'><m:layouts><m:layout path='NavigationLayouts/Sidebar_Full_Responsive.layout.xml'></m:layout></m:layouts><m:arguments><m:argument parameterName='90307765-bc1b-483c-818f-821454fe380b'><div data-mendix-id='43_0' class='mx-layoutgrid mx-layoutgrid-fluid mx-name-layoutGrid6'><div class='row'><div class='col-md-12'><div data-mendix-id='43_1' data-mendix-type='mxui.widget.TabContainer' data-mendix-props='"friendlyId":"MyFirstModule.Master_Data.tabControl1"' class='mx-name-tabControl1 tab-lined' tabindex='0'></div></div></div></div></m:argument></m:arguments><m:templates><m:template widget-id='43_1' name='pages'><div data-mendix-id='43_2' data-mendix-type='mxui.widget.TabContent' data-mendix-props='"title":"Service Attributes","refreshOnShow":true,"delayLoading":false,"tabName":"tabPage1"'></div><div data-mendix-id='43_3' data-mendix-type='mxui.widget.TabContent' data-mendix-props='"title":"Service Attribute Values","refreshOnShow":true,"delayLoading":true,"tabName":"tabPage4"'></div><div data-mendix-id='43_4' data-mendix-type='mxui.widget.TabContent' data-mendix-props='"title":"Assumption","refreshOnShow":true,"delayLoading":true,"tabName":"tabPage3"'></div><div data-mendix-id='43_5' data-mendix-type='mxui.widget.TabContent' data-mendix-props='"title":"Consolidated Estimate","refreshOnShow":true,"delayLoading":true,"tabName":"tabPage2"'></div></m:template><m:template widget-id='43_2' name='content'><div data-mendix-id='43_6' data-mendix-type='mxui.widget.ActionButton' data-mendix-props='"friendlyId":"MyFirstModule.Master_Data.actionButton1","caption":{"$type":"textTemplate","text":"","friendlyId":"MyFirstModule.Master_Data.actionButton1"},"iconUrl":"img/MyFirstModule$add.png?636468842603385563","title":"Add New Service Attribute","renderType":"link","action":{"type":"callMicroflow","hasParameter":false,"params":{"name":"MyFirstModule.Microflow_Service_Attribue_masterdata","validate":"view","allowedRoles":["Administrator","User"]}}' data-mendix-roles='Administrator,User' class='mx-name-actionButton1 imgCls' style='float:right;' tabindex='0'></div><div data-mendix-id='43_7' class='mx-layoutgrid mx-layoutgrid-fluid mx-name-layoutGrid1' style='text-align: center;'><div class='row'><div class='col-md-12'><table class='mx-table mx-name-table1 tableHeaderCls'><colgroup><col style='width:1%'></col><col style='width:11%'></col><col style='width:7%'></col><col style='width:20%'></col><col style='width:19%'></col><col style='width:4%'></col><col style='width:18%'></col><col style='width:20%'></col></colgroup><tbody><tr><td></td><th><div data-mendix-id='43_8' data-mendix-type='mxui.widget.ReactWidgetWrapper' data-mendix-props='"widgetTree":{"widget":"com.mendix.widget.core.Text","widgetId":"43_8","props":{"name":"text1","class":"mx-name-text1","style":{"textAlign":"center"},"caption":{"$type":"textTemplate","text":"Service ID","friendlyId":"MyFirstModule.Master_Data.text1"},"renderMode":"span"},"children":[]}'></div></th><td></td><th><div data-mendix-id='43_9' data-mendix-type='mxui.widget.ReactWidgetWrapper' data-mendix-props='"widgetTree":{"widget":"com.mendix.widget.core.Text","widgetId":"43_9","props":{"name":"text2","class":"mx-name-text2","style":{},"caption":{"$type":"textTemplate","text":"Service  Name","friendlyId":"MyFirstModule.Master_Data.text2"},"renderMode":"span"},"children":[]}'></div></th><th><div data-mendix-id='43_10' data-mendix-type='mxui.widget.ReactWidgetWrapper' data-mendix-props='"widgetTree":{"widget":"com.mendix.widget.core.Text","widgetId":"43_10","props":{"name":"text3","class":"mx-name-text3","style":{},"caption":{"$type":"textTemplate","text":"Service Attribute Name","friendlyId":"MyFirstModule.Master_Data.text3"},"renderMode":"span"},"children":[]}'></div></th><td></td><th><div data-mendix-id='43_11' data-mendix-type='mxui.widget.ReactWidgetWrapper' data-mendix-props='"widgetTree":{"widget":"com.mendix.widget.core.Text","widgetId":"43_11","props":{"name":"text4","class":"mx-name-text4","style":{},"caption":{"$type":"textTemplate","text":"Service Point","friendlyId":"MyFirstModule.Master_Data.text4"},"renderMode":"span"},"children":[]}'></div></th><th></th></tr></tbody></table><div data-mendix-id='43_12' data-mendix-type='mxui.widget.TemplateGrid' data-mendix-props='"friendlyId":"MyFirstModule.Master_Data.templateGrid1","entity":"MyFirstModule.Service_Attribute","schema":"1d567f6e-010a-4597-8caa-3e9e3688b877","config":{"locale":"en_US","gridType":"Standalone","gridpresentation":{"rows":70,"columns":1,"controlbar":false,"pagingbar":false,"searchbar":true,"waitforsearch":false,"selectionmode":"none","editable":false,"sortable":true,"refresh":0,"selectfirst":false},"datasource":{"friendlyId":"MyFirstModule.Master_Data.templateGrid1","type":"database","path":"MyFirstModule.Service_Attribute","xpathConstraints":"","offlineConstraints":[]},"searchOptions":{"searchBar":true,"toggleable":true,"toggledByDefault":true},"searchElements":[],"controlBar":{"gridTools":[],"gridActions":[]},"plugins":{}}' class='mx-templategrid mx-name-templateGrid1' tabindex='0'></div></div></div></div></m:template><m:template widget-id='43_3' name='content'><div data-mendix-id='43_13' class='mx-layoutgrid mx-layoutgrid-fluid mx-name-layoutGrid3' style='text-align: center;'><div class='row'><div class='col-md-12'><div data-mendix-id='43_14' data-mendix-type='mxui.widget.TabContainer' data-mendix-props='"friendlyId":"MyFirstModule.Master_Data.tabControl2"' class='mx-name-tabControl2 tab-lined' style='text-align: center;' tabindex='0'></div></div></div></div></m:template><m:template widget-id='43_4' name='content'><div data-mendix-id='43_15' data-mendix-type='mxui.widget.ActionButton' data-mendix-props='"friendlyId":"MyFirstModule.Master_Data.actionButton2","caption":{"$type":"textTemplate","text":"","friendlyId":"MyFirstModule.Master_Data.actionButton2"},"iconUrl":"img/MyFirstModule$add.png?636468842603385563","title":"Add New Assumtion value","renderType":"link","action":{"type":"callMicroflow","hasParameter":false,"params":{"name":"MyFirstModule.Microflow_Assumption_masterdata","validate":"view","allowedRoles":["Administrator","User"]}}' data-mendix-roles='Administrator,User' class='mx-name-actionButton2 imgCls' style='float:right;' tabindex='0'></div><div data-mendix-id='43_16' class='mx-layoutgrid mx-layoutgrid-fluid mx-name-layoutGrid5' style='text-align: center;'><div class='row'><div class='col-md-12'><table class='mx-table mx-name-table4 tableHeaderCls'><colgroup><col style='width:25%'></col><col style='width:25%'></col><col style='width:25%'></col><col style='width:25%'></col></colgroup><tbody><tr><td><div data-mendix-id='43_17' data-mendix-type='mxui.widget.ReactWidgetWrapper' data-mendix-props='"widgetTree":{"widget":"com.mendix.widget.core.Text","widgetId":"43_17","props":{"name":"text19","class":"mx-name-text19","style":{},"caption":{"$type":"textTemplate","text":"Service Nature","friendlyId":"MyFirstModule.Master_Data.text19"},"renderMode":"span"},"children":[]}'></div></td><td><div data-mendix-id='43_18' data-mendix-type='mxui.widget.ReactWidgetWrapper' data-mendix-props='"widgetTree":{"widget":"com.mendix.widget.core.Text","widgetId":"43_18","props":{"name":"text20","class":"mx-name-text20","style":{},"caption":{"$type":"textTemplate","text":"Properties","friendlyId":"MyFirstModule.Master_Data.text20"},"renderMode":"span"},"children":[]}'></div></td><td><div data-mendix-id='43_19' data-mendix-type='mxui.widget.ReactWidgetWrapper' data-mendix-props='"widgetTree":{"widget":"com.mendix.widget.core.Text","widgetId":"43_19","props":{"name":"text21","class":"mx-name-text21","style":{},"caption":{"$type":"textTemplate","text":"Percentage","friendlyId":"MyFirstModule.Master_Data.text21"},"renderMode":"span"},"children":[]}'></div></td><td></td></tr></tbody></table><div data-mendix-id='43_20' data-mendix-type='mxui.widget.TemplateGrid' data-mendix-props='"friendlyId":"MyFirstModule.Master_Data.templateGrid4","entity":"MyFirstModule.Assumptions","schema":"db2722ba-45cb-4b26-b35a-9b5f603a7053","config":{"locale":"en_US","gridType":"Standalone","gridpresentation":{"rows":15,"columns":1,"controlbar":false,"pagingbar":false,"searchbar":true,"waitforsearch":false,"selectionmode":"none","editable":false,"sortable":true,"refresh":0,"selectfirst":false},"datasource":{"friendlyId":"MyFirstModule.Master_Data.templateGrid4","type":"database","path":"MyFirstModule.Assumptions","xpathConstraints":"","offlineConstraints":[]},"searchOptions":{"searchBar":true,"toggleable":true,"toggledByDefault":true},"searchElements":[],"controlBar":{"gridTools":[],"gridActions":[]},"plugins":{}}' class='mx-templategrid mx-name-templateGrid4' tabindex='0'></div></div></div></div></m:template><m:template widget-id='43_5' name='content'><div data-mendix-id='43_21' class='mx-layoutgrid mx-layoutgrid-fluid mx-name-layoutGrid4' style='text-align: center;'><div class='row'><div class='col-md-12'><table class='mx-table mx-name-table3 tableHeaderCls'><colgroup><col style='width:13%'></col><col style='width:12%'></col><col style='width:13%'></col><col style='width:13%'></col><col style='width:14%'></col><col style='width:13%'></col><col style='width:12%'></col><col style='width:10%'></col></colgroup><tbody><tr><td><div data-mendix-id='43_22' data-mendix-type='mxui.widget.ReactWidgetWrapper' data-mendix-props='"widgetTree":{"widget":"com.mendix.widget.core.Text","widgetId":"43_22","props":{"name":"text12","class":"mx-name-text12","style":{},"caption":{"$type":"textTemplate","text":"Contigency","friendlyId":"MyFirstModule.Master_Data.text12"},"renderMode":"span"},"children":[]}'></div></td><td><div data-mendix-id='43_23' data-mendix-type='mxui.widget.ReactWidgetWrapper' data-mendix-props='"widgetTree":{"widget":"com.mendix.widget.core.Text","widgetId":"43_23","props":{"name":"text13","class":"mx-name-text13","style":{},"caption":{"$type":"textTemplate","text":"Performace Engineering","friendlyId":"MyFirstModule.Master_Data.text13"},"renderMode":"span"},"children":[]}'></div></td><td><div data-mendix-id='43_24' data-mendix-type='mxui.widget.ReactWidgetWrapper' data-mendix-props='"widgetTree":{"widget":"com.mendix.widget.core.Text","widgetId":"43_24","props":{"name":"text14","class":"mx-name-text14","style":{},"caption":{"$type":"textTemplate","text":"Project Management","friendlyId":"MyFirstModule.Master_Data.text14"},"renderMode":"span"},"children":[]}'></div></td><td><div data-mendix-id='43_25' data-mendix-type='mxui.widget.ReactWidgetWrapper' data-mendix-props='"widgetTree":{"widget":"com.mendix.widget.core.Text","widgetId":"43_25","props":{"name":"text15","class":"mx-name-text15","style":{},"caption":{"$type":"textTemplate","text":"Infrastructure","friendlyId":"MyFirstModule.Master_Data.text15"},"renderMode":"span"},"children":[]}'></div></td><td><div data-mendix-id='43_26' data-mendix-type='mxui.widget.ReactWidgetWrapper' data-mendix-props='"widgetTree":{"widget":"com.mendix.widget.core.Text","widgetId":"43_26","props":{"name":"text16","class":"mx-name-text16","style":{},"caption":{"$type":"textTemplate","text":"UAT Effort","friendlyId":"MyFirstModule.Master_Data.text16"},"renderMode":"span"},"children":[]}'></div></td><td><div data-mendix-id='43_27' data-mendix-type='mxui.widget.ReactWidgetWrapper' data-mendix-props='"widgetTree":{"widget":"com.mendix.widget.core.Text","widgetId":"43_27","props":{"name":"text17","class":"mx-name-text17","style":{},"caption":{"$type":"textTemplate","text":"Post Prod Support","friendlyId":"MyFirstModule.Master_Data.text17"},"renderMode":"span"},"children":[]}'></div></td><td><div data-mendix-id='43_28' data-mendix-type='mxui.widget.ReactWidgetWrapper' data-mendix-props='"widgetTree":{"widget":"com.mendix.widget.core.Text","widgetId":"43_28","props":{"name":"text18","class":"mx-name-text18","style":{},"caption":{"$type":"textTemplate","text":"With QA","friendlyId":"MyFirstModule.Master_Data.text18"},"renderMode":"span"},"children":[]}'></div></td><td></td></tr></tbody></table><div data-mendix-id='43_29' data-mendix-type='mxui.widget.TemplateGrid' data-mendix-props='"friendlyId":"MyFirstModule.Master_Data.templateGrid3","entity":"MyFirstModule.Consolidated_Estimate","schema":"dcbf1eee-c7b3-471a-92c7-f06ce0da939d","config":{"locale":"en_US","gridType":"Standalone","gridpresentation":{"rows":2,"columns":1,"controlbar":false,"pagingbar":false,"searchbar":true,"waitforsearch":false,"selectionmode":"none","editable":false,"sortable":true,"refresh":0,"selectfirst":false},"datasource":{"friendlyId":"MyFirstModule.Master_Data.templateGrid3","type":"database","path":"MyFirstModule.Consolidated_Estimate","xpathConstraints":"","offlineConstraints":[]},"searchOptions":{"searchBar":true,"toggleable":true,"toggledByDefault":true},"searchElements":[],"controlBar":{"gridTools":[],"gridActions":[]},"plugins":{}}' class='mx-templategrid mx-name-templateGrid3' tabindex='0'></div></div></div></div></m:template><m:template widget-id='43_12' name='content'><div data-mendix-id='43_30' data-mendix-type='mxui.widget.DataView' data-mendix-props='"friendlyId":"MyFirstModule.Master_Data.templateGrid1","entity":"MyFirstModule.Service_Attribute","schema":"fc571691-eb6b-4c53-9abf-d7d209f195ea","readOnly":true,"datasource":{"friendlyId":"MyFirstModule.Master_Data.templateGrid1","type":"direct","path":"MyFirstModule.Service_Attribute"}' tabindex='0'></div></m:template><m:template widget-id='43_14' name='pages'><div data-mendix-id='43_55' data-mendix-type='mxui.widget.TabContent' data-mendix-props='"title":"Orchestration","selected":true,"delayLoading":false,"tabName":"tabPage8"'></div><div data-mendix-id='43_56' data-mendix-type='mxui.widget.TabContent' data-mendix-props='"title":"Microservice","delayLoading":true,"tabName":"tabPage9"'></div><div data-mendix-id='43_57' data-mendix-type='mxui.widget.TabContent' data-mendix-props='"title":"Patterns &amp; Practices","delayLoading":true,"tabName":"tabPage10"'></div><div data-mendix-id='43_58' data-mendix-type='mxui.widget.TabContent' data-mendix-props='"title":"Common Effort","delayLoading":true,"tabName":"Common_Effort"'></div><div data-mendix-id='43_59' data-mendix-type='mxui.widget.TabContent' data-mendix-props='"title":"Tech Stack","delayLoading":true,"tabName":"tabPage5"'></div><div data-mendix-id='43_60' data-mendix-type='mxui.widget.TabContent' data-mendix-props='"title":"Development Process","delayLoading":true,"tabName":"tabPage7"'></div><div data-mendix-id='43_61' data-mendix-type='mxui.widget.TabContent' data-mendix-props='"title":"Policy","delayLoading":true,"tabName":"tabPage6"'></div><div data-mendix-id='43_62' data-mendix-type='mxui.widget.TabContent' data-mendix-props='"title":"Infrastructure","delayLoading":true,"tabName":"tabPage11"'></div></m:template><m:template widget-id='43_20' name='content'><div data-mendix-id='43_63' data-mendix-type='mxui.widget.DataView' data-mendix-props='"friendlyId":"MyFirstModule.Master_Data.templateGrid4","entity":"MyFirstModule.Assumptions","schema":"4e75a241-e39c-4e57-9f1c-ce1d550f5046","readOnly":true,"datasource":{"friendlyId":"MyFirstModule.Master_Data.templateGrid4","type":"direct","path":"MyFirstModule.Assumptions"}' tabindex='0'></div></m:template><m:template widget-id='43_29' name='content'><div data-mendix-id='43_82' data-mendix-type='mxui.widget.DataView' data-mendix-props='"friendlyId":"MyFirstModule.Master_Data.templateGrid3","entity":"MyFirstModule.Consolidated_Estimate","schema":"1579a013-41cc-44bc-b33a-9d7cf91034e8","readOnly":true,"datasource":{"friendlyId":"MyFirstModule.Master_Data.templateGrid3","type":"direct","path":"MyFirstModule.Consolidated_Estimate"}' tabindex='0'></div></m:template><m:template widget-id='43_30' name='content'><table class='mx-table mx-name-table2' style='border: none !important'><colgroup><col style='width:8%'></col><col style='width:7%'></col><col style='width:19%'></col><col style='width:26%'></col><col style='width:14%'></col><col style='width:26%'></col></colgroup><tbody><tr><td><div data-mendix-id='43_31_34' data-mendix-type='mxui.widget.ReactWidgetWrapper' data-mendix-props='"widgetTree":{"widget":"com.mendix.widget.core.Text","widgetId":"43_31_34","props":{"name":"text1","class":"mx-name-text1","style":{},"caption":{"$type":"textTemplate","text":"{1}","friendlyId":"MyFirstModule.Snippet_master_service_attribute.text1","parameters":{"1":"MyFirstModule.Service_Attribute/Service_id"}},"renderMode":"span"},"children":[]}'></div></td><td></td><td><div data-mendix-id='43_31_37' data-mendix-type='mxui.widget.ReactWidgetWrapper' data-mendix-props='"widgetTree":{"widget":"com.mendix.widget.core.Text","widgetId":"43_31_37","props":{"name":"text2","class":"mx-name-text2","style":{},"caption":{"$type":"textTemplate","text":"{1}","friendlyId":"MyFirstModule.Snippet_master_service_attribute.text2","parameters":{"1":"MyFirstModule.Service_Attribute/Service_Name"}},"renderMode":"span"},"children":[]}'></div></td><td><div data-mendix-id='43_31_39' data-mendix-type='mxui.widget.ReactWidgetWrapper' data-mendix-props='"widgetTree":{"widget":"com.mendix.widget.core.Text","widgetId":"43_31_39","props":{"name":"text3","class":"mx-name-text3","style":{},"caption":{"$type":"textTemplate","text":"{1}","friendlyId":"MyFirstModule.Snippet_master_service_attribute.text3","parameters":{"1":"MyFirstModule.Service_Attribute/Service_Attribute_Name"}},"renderMode":"span"},"children":[]}'></div></td><td><div data-mendix-id='43_31_41' data-mendix-type='mxui.widget.ReactWidgetWrapper' data-mendix-props='"widgetTree":{"widget":"com.mendix.widget.core.Text","widgetId":"43_31_41","props":{"name":"text4","class":"mx-name-text4","style":{},"caption":{"$type":"textTemplate","text":"{1}","friendlyId":"MyFirstModule.Snippet_master_service_attribute.text4","parameters":{"1":"MyFirstModule.Service_Attribute/Service_Point"}},"renderMode":"span"},"children":[]}'></div></td><td><div class='mx-name-container1'><div data-mendix-id='43_31_45' data-mendix-type='mxui.widget.ActionButton' data-mendix-props='"friendlyId":"MyFirstModule.Snippet_master_service_attribute.actionButton3","caption":{"$type":"textTemplate","text":"","friendlyId":"MyFirstModule.Snippet_master_service_attribute.actionButton3"},"iconUrl":"img/MyFirstModule$add.png?636468842603385563","title":"Add Value to Service Attribute","renderType":"link","action":{"type":"callMicroflow","hasParameter":true,"params":{"name":"MyFirstModule.Pass_ID_for_Sevice_Attribute_Entry","validate":"view","applyTo":"selection","allowedRoles":["Administrator","User"]}}' data-mendix-roles='Administrator,User' class='mx-name-actionButton3 imgCls-small' style='margin-left:20px;' tabindex='0'></div><div data-mendix-id='43_31_46' data-mendix-type='mxui.widget.ActionButton' data-mendix-props='"friendlyId":"MyFirstModule.Snippet_master_service_attribute.actionButton1","caption":{"$type":"textTemplate","text":"","friendlyId":"MyFirstModule.Snippet_master_service_attribute.actionButton1"},"iconUrl":"img/MyFirstModule$edit_on.png?636468842603385563","title":"Edit Service Attribute","renderType":"link","action":{"type":"openPage","hasParameter":true,"params":{"path":"MyFirstModule/Service_Attribute_NewEdit.page.xml","title":"Edit Service Attribute","location":"modal","resizable":true,"allowedRoles":["Administrator","User"]}}' data-mendix-roles='Administrator,User' class='mx-name-actionButton1 imgCls-small' style='margin-left:20px;' tabindex='0'></div><div data-mendix-id='43_31_47' data-mendix-type='mxui.widget.ActionButton' data-mendix-props='"friendlyId":"MyFirstModule.Snippet_master_service_attribute.actionButton2","caption":{"$type":"textTemplate","text":"","friendlyId":"MyFirstModule.Snippet_master_service_attribute.actionButton2"},"iconUrl":"img/MyFirstModule$delete_on.png?636468842603385563","title":"Delete Service Attribute","renderType":"link","action":{"type":"callMicroflow","hasParameter":true,"params":{"name":"MyFirstModule.Microflow_delete_master_serviceattribute","validate":"view","confirmation":{"question":"Are you sure you want to delete this?","proceed":"Delete","cancel":"Cancel"},"applyTo":"selection","allowedRoles":["Administrator","User"]}}' data-mendix-roles='Administrator,User' class='mx-name-actionButton2 imgCls-small' style='margin-left:20px;' tabindex='0'></div></div></td></tr></tbody></table></m:template><m:template widget-id='43_55' name='content'><table class='mx-table mx-name-table9 tableHeaderCls'><colgroup><col style='width:20%'></col><col style='width:20%'></col><col style='width:20%'></col><col style='width:20%'></col><col style='width:20%'></col></colgroup><tbody><tr><td><div data-mendix-id='43_111' data-mendix-type='mxui.widget.ReactWidgetWrapper' data-mendix-props='"widgetTree":{"widget":"com.mendix.widget.core.Text","widgetId":"43_111","props":{"name":"text33","class":"mx-name-text33","style":{},"caption":{"$type":"textTemplate","text":"Service Name","friendlyId":"MyFirstModule.Master_Data.text33"},"renderMode":"span"},"children":[]}'></div></td><td><div data-mendix-id='43_112' data-mendix-type='mxui.widget.ReactWidgetWrapper' data-mendix-props='"widgetTree":{"widget":"com.mendix.widget.core.Text","widgetId":"43_112","props":{"name":"text34","class":"mx-name-text34","style":{},"caption":{"$type":"textTemplate","text":"Service attribute","friendlyId":"MyFirstModule.Master_Data.text34"},"renderMode":"span"},"children":[]}'></div></td><td><div data-mendix-id='43_113' data-mendix-type='mxui.widget.ReactWidgetWrapper' data-mendix-props='"widgetTree":{"widget":"com.mendix.widget.core.Text","widgetId":"43_113","props":{"name":"text35","class":"mx-name-text35","style":{},"caption":{"$type":"textTemplate","text":"Value name","friendlyId":"MyFirstModule.Master_Data.text35"},"renderMode":"span"},"children":[]}'></div></td><td><div data-mendix-id='43_114' data-mendix-type='mxui.widget.ReactWidgetWrapper' data-mendix-props='"widgetTree":{"widget":"com.mendix.widget.core.Text","widgetId":"43_114","props":{"name":"text36","class":"mx-name-text36","style":{},"caption":{"$type":"textTemplate","text":"Value point","friendlyId":"MyFirstModule.Master_Data.text36"},"renderMode":"span"},"children":[]}'></div></td><td></td></tr></tbody></table><div data-mendix-id='43_115' data-mendix-type='mxui.widget.TemplateGrid' data-mendix-props='"friendlyId":"MyFirstModule.Master_Data.templateGrid2","entity":"MyFirstModule.Service_Attribute_Entries","schema":"1de2b796-f392-48d3-b03e-3e4304bdd9d1","config":{"locale":"en_US","gridType":"Standalone","gridpresentation":{"rows":215,"columns":1,"controlbar":false,"pagingbar":false,"searchbar":true,"waitforsearch":false,"selectionmode":"none","editable":false,"sortable":true,"refresh":0,"selectfirst":false},"datasource":{"friendlyId":"MyFirstModule.Master_Data.templateGrid2","type":"xpath","path":"MyFirstModule.Service_Attribute_Entries","constraint":"[Service_Name=&apos;Orchestration Service&apos;]"},"searchOptions":{"searchBar":true,"toggleable":true,"toggledByDefault":true},"searchElements":[],"controlBar":{"gridTools":[],"gridActions":[]},"plugins":{}}' class='mx-templategrid mx-name-templateGrid2' tabindex='0'></div></m:template><m:template widget-id='43_56' name='content'><table class='mx-table mx-name-table10 tableHeaderCls'><colgroup><col style='width:20%'></col><col style='width:20%'></col><col style='width:20%'></col><col style='width:20%'></col><col style='width:20%'></col></colgroup><tbody><tr><td><div data-mendix-id='43_116' data-mendix-type='mxui.widget.ReactWidgetWrapper' data-mendix-props='"widgetTree":{"widget":"com.mendix.widget.core.Text","widgetId":"43_116","props":{"name":"text5","class":"mx-name-text5","style":{},"caption":{"$type":"textTemplate","text":"Service Name","friendlyId":"MyFirstModule.Master_Data.text5"},"renderMode":"span"},"children":[]}'></div></td><td><div data-mendix-id='43_117' data-mendix-type='mxui.widget.ReactWidgetWrapper' data-mendix-props='"widgetTree":{"widget":"com.mendix.widget.core.Text","widgetId":"43_117","props":{"name":"text6","class":"mx-name-text6","style":{},"caption":{"$type":"textTemplate","text":"Service attribute","friendlyId":"MyFirstModule.Master_Data.text6"},"renderMode":"span"},"children":[]}'></div></td><td><div data-mendix-id='43_118' data-mendix-type='mxui.widget.ReactWidgetWrapper' data-mendix-props='"widgetTree":{"widget":"com.mendix.widget.core.Text","widgetId":"43_118","props":{"name":"text37","class":"mx-name-text37","style":{},"caption":{"$type":"textTemplate","text":"Value name","friendlyId":"MyFirstModule.Master_Data.text37"},"renderMode":"span"},"children":[]}'></div></td><td><div data-mendix-id='43_119' data-mendix-type='mxui.widget.ReactWidgetWrapper' data-mendix-props='"widgetTree":{"widget":"com.mendix.widget.core.Text","widgetId":"43_119","props":{"name":"text38","class":"mx-name-text38","style":{},"caption":{"$type":"textTemplate","text":"Value point","friendlyId":"MyFirstModule.Master_Data.text38"},"renderMode":"span"},"children":[]}'></div></td><td></td></tr></tbody></table><div data-mendix-id='43_120' data-mendix-type='mxui.widget.TemplateGrid' data-mendix-props='"friendlyId":"MyFirstModule.Master_Data.templateGrid5","entity":"MyFirstModule.Service_Attribute_Entries","schema":"d65d7412-a73d-4739-a6f1-f31e07758781","config":{"locale":"en_US","gridType":"Standalone","gridpresentation":{"rows":215,"columns":1,"controlbar":false,"pagingbar":false,"searchbar":true,"waitforsearch":false,"selectionmode":"none","editable":false,"sortable":true,"refresh":0,"selectfirst":false},"datasource":{"friendlyId":"MyFirstModule.Master_Data.templateGrid5","type":"xpath","path":"MyFirstModule.Service_Attribute_Entries","constraint":"[Service_Name=&apos;Data_Based_Service&apos;]"},"searchOptions":{"searchBar":true,"toggleable":true,"toggledByDefault":true},"searchElements":[],"controlBar":{"gridTools":[],"gridActions":[]},"plugins":{}}' class='mx-templategrid mx-name-templateGrid5' tabindex='0'></div></m:template><m:template widget-id='43_57' name='content'><table class='mx-table mx-name-table11 tableHeaderCls'><colgroup><col style='width:20%'></col><col style='width:20%'></col><col style='width:20%'></col><col style='width:20%'></col><col style='width:20%'></col></colgroup><tbody><tr><td><div data-mendix-id='43_121' data-mendix-type='mxui.widget.ReactWidgetWrapper' data-mendix-props='"widgetTree":{"widget":"com.mendix.widget.core.Text","widgetId":"43_121","props":{"name":"text39","class":"mx-name-text39","style":{},"caption":{"$type":"textTemplate","text":"Service Name","friendlyId":"MyFirstModule.Master_Data.text39"},"renderMode":"span"},"children":[]}'></div></td><td><div data-mendix-id='43_122' data-mendix-type='mxui.widget.ReactWidgetWrapper' data-mendix-props='"widgetTree":{"widget":"com.mendix.widget.core.Text","widgetId":"43_122","props":{"name":"text40","class":"mx-name-text40","style":{},"caption":{"$type":"textTemplate","text":"Service attribute","friendlyId":"MyFirstModule.Master_Data.text40"},"renderMode":"span"},"children":[]}'></div></td><td><div data-mendix-id='43_123' data-mendix-type='mxui.widget.ReactWidgetWrapper' data-mendix-props='"widgetTree":{"widget":"com.mendix.widget.core.Text","widgetId":"43_123","props":{"name":"text41","class":"mx-name-text41","style":{},"caption":{"$type":"textTemplate","text":"Value name","friendlyId":"MyFirstModule.Master_Data.text41"},"renderMode":"span"},"children":[]}'></div></td><td><div data-mendix-id='43_124' data-mendix-type='mxui.widget.ReactWidgetWrapper' data-mendix-props='"widgetTree":{"widget":"com.mendix.widget.core.Text","widgetId":"43_124","props":{"name":"text42","class":"mx-name-text42","style":{},"caption":{"$type":"textTemplate","text":"Value point","friendlyId":"MyFirstModule.Master_Data.text42"},"renderMode":"span"},"children":[]}'></div></td><td></td></tr></tbody></table><div data-mendix-id='43_125' data-mendix-type='mxui.widget.TemplateGrid' data-mendix-props='"friendlyId":"MyFirstModule.Master_Data.templateGrid6","entity":"MyFirstModule.Service_Attribute_Entries","schema":"c6ddc330-e6cd-4207-9062-cc0d5f249601","config":{"locale":"en_US","gridType":"Standalone","gridpresentation":{"rows":215,"columns":1,"controlbar":false,"pagingbar":false,"searchbar":true,"waitforsearch":false,"selectionmode":"none","editable":false,"sortable":true,"refresh":0,"selectfirst":false},"datasource":{"friendlyId":"MyFirstModule.Master_Data.templateGrid6","type":"xpath","path":"MyFirstModule.Service_Attribute_Entries","constraint":"[Service_Name=&apos;Patterns &amp; Practises&apos;]"},"searchOptions":{"searchBar":true,"toggleable":true,"toggledByDefault":true},"searchElements":[],"controlBar":{"gridTools":[],"gridActions":[]},"plugins":{}}' class='mx-templategrid mx-name-templateGrid6' tabindex='0'></div></m:template><m:template widget-id='43_58' name='content'><table class='mx-table mx-name-table12 tableHeaderCls'><colgroup><col style='width:20%'></col><col style='width:20%'></col><col style='width:20%'></col><col style='width:20%'></col><col style='width:20%'></col></colgroup><tbody><tr><td><div data-mendix-id='43_126' data-mendix-type='mxui.widget.ReactWidgetWrapper' data-mendix-props='"widgetTree":{"widget":"com.mendix.widget.core.Text","widgetId":"43_126","props":{"name":"text43","class":"mx-name-text43","style":{},"caption":{"$type":"textTemplate","text":"Service Name","friendlyId":"MyFirstModule.Master_Data.text43"},"renderMode":"span"},"children":[]}'></div></td><td><div data-mendix-id='43_127' data-mendix-type='mxui.widget.ReactWidgetWrapper' data-mendix-props='"widgetTree":{"widget":"com.mendix.widget.core.Text","widgetId":"43_127","props":{"name":"text44","class":"mx-name-text44","style":{},"caption":{"$type":"textTemplate","text":"Service attribute","friendlyId":"MyFirstModule.Master_Data.text44"},"renderMode":"span"},"children":[]}'></div></td><td><div data-mendix-id='43_128' data-mendix-type='mxui.widget.ReactWidgetWrapper' data-mendix-props='"widgetTree":{"widget":"com.mendix.widget.core.Text","widgetId":"43_128","props":{"name":"text45","class":"mx-name-text45","style":{},"caption":{"$type":"textTemplate","text":"Value name","friendlyId":"MyFirstModule.Master_Data.text45"},"renderMode":"span"},"children":[]}'></div></td><td><div data-mendix-id='43_129' data-mendix-type='mxui.widget.ReactWidgetWrapper' data-mendix-props='"widgetTree":{"widget":"com.mendix.widget.core.Text","widgetId":"43_129","props":{"name":"text46","class":"mx-name-text46","style":{},"caption":{"$type":"textTemplate","text":"Value point","friendlyId":"MyFirstModule.Master_Data.text46"},"renderMode":"span"},"children":[]}'></div></td><td></td></tr></tbody></table><div data-mendix-id='43_130' data-mendix-type='mxui.widget.TemplateGrid' data-mendix-props='"friendlyId":"MyFirstModule.Master_Data.templateGrid7","entity":"MyFirstModule.Service_Attribute_Entries","schema":"13888868-c71d-4b0d-819b-3934384a52b8","config":{"locale":"en_US","gridType":"Standalone","gridpresentation":{"rows":215,"columns":1,"controlbar":false,"pagingbar":false,"searchbar":true,"waitforsearch":false,"selectionmode":"none","editable":false,"sortable":true,"refresh":0,"selectfirst":false},"datasource":{"friendlyId":"MyFirstModule.Master_Data.templateGrid7","type":"xpath","path":"MyFirstModule.Service_Attribute_Entries","constraint":"[Service_Name=&apos;Common Effort&apos;]"},"searchOptions":{"searchBar":true,"toggleable":true,"toggledByDefault":true},"searchElements":[],"controlBar":{"gridTools":[],"gridActions":[]},"plugins":{}}' class='mx-templategrid mx-name-templateGrid7' tabindex='0'></div></m:template><m:template widget-id='43_59' name='content'><table class='mx-table mx-name-table5 tableHeaderCls'><colgroup><col style='width:20%'></col><col style='width:20%'></col><col style='width:20%'></col><col style='width:20%'></col><col style='width:20%'></col></colgroup><tbody><tr><td><div data-mendix-id='43_131' data-mendix-type='mxui.widget.ReactWidgetWrapper' data-mendix-props='"widgetTree":{"widget":"com.mendix.widget.core.Text","widgetId":"43_131","props":{"name":"text47","class":"mx-name-text47","style":{},"caption":{"$type":"textTemplate","text":"Service Name","friendlyId":"MyFirstModule.Master_Data.text47"},"renderMode":"span"},"children":[]}'></div></td><td><div data-mendix-id='43_132' data-mendix-type='mxui.widget.ReactWidgetWrapper' data-mendix-props='"widgetTree":{"widget":"com.mendix.widget.core.Text","widgetId":"43_132","props":{"name":"text48","class":"mx-name-text48","style":{},"caption":{"$type":"textTemplate","text":"Service attribute","friendlyId":"MyFirstModule.Master_Data.text48"},"renderMode":"span"},"children":[]}'></div></td><td><div data-mendix-id='43_133' data-mendix-type='mxui.widget.ReactWidgetWrapper' data-mendix-props='"widgetTree":{"widget":"com.mendix.widget.core.Text","widgetId":"43_133","props":{"name":"text49","class":"mx-name-text49","style":{},"caption":{"$type":"textTemplate","text":"Value name","friendlyId":"MyFirstModule.Master_Data.text49"},"renderMode":"span"},"children":[]}'></div></td><td><div data-mendix-id='43_134' data-mendix-type='mxui.widget.ReactWidgetWrapper' data-mendix-props='"widgetTree":{"widget":"com.mendix.widget.core.Text","widgetId":"43_134","props":{"name":"text50","class":"mx-name-text50","style":{},"caption":{"$type":"textTemplate","text":"Value point","friendlyId":"MyFirstModule.Master_Data.text50"},"renderMode":"span"},"children":[]}'></div></td><td></td></tr></tbody></table><div data-mendix-id='43_135' data-mendix-type='mxui.widget.TemplateGrid' data-mendix-props='"friendlyId":"MyFirstModule.Master_Data.templateGrid8","entity":"MyFirstModule.Service_Attribute_Entries","schema":"0249d0a8-e654-40a5-9e4e-52d2e5188eef","config":{"locale":"en_US","gridType":"Standalone","gridpresentation":{"rows":215,"columns":1,"controlbar":false,"pagingbar":false,"searchbar":true,"waitforsearch":false,"selectionmode":"none","editable":false,"sortable":true,"refresh":0,"selectfirst":false},"datasource":{"friendlyId":"MyFirstModule.Master_Data.templateGrid8","type":"xpath","path":"MyFirstModule.Service_Attribute_Entries","constraint":"[Service_Name=&apos;Tech Stack&apos;]"},"searchOptions":{"searchBar":true,"toggleable":true,"toggledByDefault":true},"searchElements":[],"controlBar":{"gridTools":[],"gridActions":[]},"plugins":{}}' class='mx-templategrid mx-name-templateGrid8' tabindex='0'></div></m:template><m:template widget-id='43_60' name='content'><table class='mx-table mx-name-table6 tableHeaderCls'><colgroup><col style='width:20%'></col><col style='width:20%'></col><col style='width:20%'></col><col style='width:20%'></col><col style='width:20%'></col></colgroup><tbody><tr><td><div data-mendix-id='43_136' data-mendix-type='mxui.widget.ReactWidgetWrapper' data-mendix-props='"widgetTree":{"widget":"com.mendix.widget.core.Text","widgetId":"43_136","props":{"name":"text22","class":"mx-name-text22","style":{},"caption":{"$type":"textTemplate","text":"Service Name","friendlyId":"MyFirstModule.Master_Data.text22"},"renderMode":"span"},"children":[]}'></div></td><td><div data-mendix-id='43_137' data-mendix-type='mxui.widget.ReactWidgetWrapper' data-mendix-props='"widgetTree":{"widget":"com.mendix.widget.core.Text","widgetId":"43_137","props":{"name":"text23","class":"mx-name-text23","style":{},"caption":{"$type":"textTemplate","text":"Service attribute","friendlyId":"MyFirstModule.Master_Data.text23"},"renderMode":"span"},"children":[]}'></div></td><td><div data-mendix-id='43_138' data-mendix-type='mxui.widget.ReactWidgetWrapper' data-mendix-props='"widgetTree":{"widget":"com.mendix.widget.core.Text","widgetId":"43_138","props":{"name":"text24","class":"mx-name-text24","style":{},"caption":{"$type":"textTemplate","text":"Value name","friendlyId":"MyFirstModule.Master_Data.text24"},"renderMode":"span"},"children":[]}'></div></td><td><div data-mendix-id='43_139' data-mendix-type='mxui.widget.ReactWidgetWrapper' data-mendix-props='"widgetTree":{"widget":"com.mendix.widget.core.Text","widgetId":"43_139","props":{"name":"text51","class":"mx-name-text51","style":{},"caption":{"$type":"textTemplate","text":"Value point","friendlyId":"MyFirstModule.Master_Data.text51"},"renderMode":"span"},"children":[]}'></div></td><td></td></tr></tbody></table><div data-mendix-id='43_140' data-mendix-type='mxui.widget.TemplateGrid' data-mendix-props='"friendlyId":"MyFirstModule.Master_Data.templateGrid9","entity":"MyFirstModule.Service_Attribute_Entries","schema":"23a8fe58-d643-4509-aca3-4e1658b4c924","config":{"locale":"en_US","gridType":"Standalone","gridpresentation":{"rows":215,"columns":1,"controlbar":false,"pagingbar":false,"searchbar":true,"waitforsearch":false,"selectionmode":"none","editable":false,"sortable":true,"refresh":0,"selectfirst":false},"datasource":{"friendlyId":"MyFirstModule.Master_Data.templateGrid9","type":"xpath","path":"MyFirstModule.Service_Attribute_Entries","constraint":"[Service_Name=&apos;Development Process&apos;]"},"searchOptions":{"searchBar":true,"toggleable":true,"toggledByDefault":true},"searchElements":[],"controlBar":{"gridTools":[],"gridActions":[]},"plugins":{}}' class='mx-templategrid mx-name-templateGrid9' tabindex='0'></div></m:template><m:template widget-id='43_61' name='content'><table class='mx-table mx-name-table7 tableHeaderCls'><colgroup><col style='width:20%'></col><col style='width:20%'></col><col style='width:20%'></col><col style='width:20%'></col><col style='width:20%'></col></colgroup><tbody><tr><td><div data-mendix-id='43_141' data-mendix-type='mxui.widget.ReactWidgetWrapper' data-mendix-props='"widgetTree":{"widget":"com.mendix.widget.core.Text","widgetId":"43_141","props":{"name":"text26","class":"mx-name-text26","style":{},"caption":{"$type":"textTemplate","text":"Service Name","friendlyId":"MyFirstModule.Master_Data.text26"},"renderMode":"span"},"children":[]}'></div></td><td><div data-mendix-id='43_142' data-mendix-type='mxui.widget.ReactWidgetWrapper' data-mendix-props='"widgetTree":{"widget":"com.mendix.widget.core.Text","widgetId":"43_142","props":{"name":"text27","class":"mx-name-text27","style":{},"caption":{"$type":"textTemplate","text":"Service attribute","friendlyId":"MyFirstModule.Master_Data.text27"},"renderMode":"span"},"children":[]}'></div></td><td><div data-mendix-id='43_143' data-mendix-type='mxui.widget.ReactWidgetWrapper' data-mendix-props='"widgetTree":{"widget":"com.mendix.widget.core.Text","widgetId":"43_143","props":{"name":"text28","class":"mx-name-text28","style":{},"caption":{"$type":"textTemplate","text":"Value name","friendlyId":"MyFirstModule.Master_Data.text28"},"renderMode":"span"},"children":[]}'></div></td><td><div data-mendix-id='43_144' data-mendix-type='mxui.widget.ReactWidgetWrapper' data-mendix-props='"widgetTree":{"widget":"com.mendix.widget.core.Text","widgetId":"43_144","props":{"name":"text25","class":"mx-name-text25","style":{},"caption":{"$type":"textTemplate","text":"Value point","friendlyId":"MyFirstModule.Master_Data.text25"},"renderMode":"span"},"children":[]}'></div></td><td></td></tr></tbody></table><div data-mendix-id='43_145' data-mendix-type='mxui.widget.TemplateGrid' data-mendix-props='"friendlyId":"MyFirstModule.Master_Data.templateGrid10","entity":"MyFirstModule.Service_Attribute_Entries","schema":"71695354-eea5-4f31-94c7-55ad6267a4c8","config":{"locale":"en_US","gridType":"Standalone","gridpresentation":{"rows":215,"columns":1,"controlbar":false,"pagingbar":false,"searchbar":true,"waitforsearch":false,"selectionmode":"none","editable":false,"sortable":true,"refresh":0,"selectfirst":false},"datasource":{"friendlyId":"MyFirstModule.Master_Data.templateGrid10","type":"xpath","path":"MyFirstModule.Service_Attribute_Entries","constraint":"[Service_Name=&apos;Policy&apos;]"},"searchOptions":{"searchBar":true,"toggleable":true,"toggledByDefault":true},"searchElements":[],"controlBar":{"gridTools":[],"gridActions":[]},"plugins":{}}' class='mx-templategrid mx-name-templateGrid10' tabindex='0'></div></m:template><m:template widget-id='43_62' name='content'><table class='mx-table mx-name-table8 tableHeaderCls'><colgroup><col style='width:20%'></col><col style='width:20%'></col><col style='width:20%'></col><col style='width:20%'></col><col style='width:20%'></col></colgroup><tbody><tr><td><div data-mendix-id='43_146' data-mendix-type='mxui.widget.ReactWidgetWrapper' data-mendix-props='"widgetTree":{"widget":"com.mendix.widget.core.Text","widgetId":"43_146","props":{"name":"text30","class":"mx-name-text30","style":{},"caption":{"$type":"textTemplate","text":"Service Name","friendlyId":"MyFirstModule.Master_Data.text30"},"renderMode":"span"},"children":[]}'></div></td><td><div data-mendix-id='43_147' data-mendix-type='mxui.widget.ReactWidgetWrapper' data-mendix-props='"widgetTree":{"widget":"com.mendix.widget.core.Text","widgetId":"43_147","props":{"name":"text31","class":"mx-name-text31","style":{},"caption":{"$type":"textTemplate","text":"Service attribute","friendlyId":"MyFirstModule.Master_Data.text31"},"renderMode":"span"},"children":[]}'></div></td><td><div data-mendix-id='43_148' data-mendix-type='mxui.widget.ReactWidgetWrapper' data-mendix-props='"widgetTree":{"widget":"com.mendix.widget.core.Text","widgetId":"43_148","props":{"name":"text32","class":"mx-name-text32","style":{},"caption":{"$type":"textTemplate","text":"Value name","friendlyId":"MyFirstModule.Master_Data.text32"},"renderMode":"span"},"children":[]}'></div></td><td><div data-mendix-id='43_149' data-mendix-type='mxui.widget.ReactWidgetWrapper' data-mendix-props='"widgetTree":{"widget":"com.mendix.widget.core.Text","widgetId":"43_149","props":{"name":"text29","class":"mx-name-text29","style":{},"caption":{"$type":"textTemplate","text":"Value point","friendlyId":"MyFirstModule.Master_Data.text29"},"renderMode":"span"},"children":[]}'></div></td><td></td></tr></tbody></table><div data-mendix-id='43_150' data-mendix-type='mxui.widget.TemplateGrid' data-mendix-props='"friendlyId":"MyFirstModule.Master_Data.templateGrid11","entity":"MyFirstModule.Service_Attribute_Entries","schema":"f25523f2-3414-45b9-9207-5f29267f1295","config":{"locale":"en_US","gridType":"Standalone","gridpresentation":{"rows":215,"columns":1,"controlbar":false,"pagingbar":false,"searchbar":true,"waitforsearch":false,"selectionmode":"none","editable":false,"sortable":true,"refresh":0,"selectfirst":false},"datasource":{"friendlyId":"MyFirstModule.Master_Data.templateGrid11","type":"xpath","path":"MyFirstModule.Service_Attribute_Entries","constraint":"[Service_Name=&apos;Infrastructure&apos;]"},"searchOptions":{"searchBar":true,"toggleable":true,"toggledByDefault":true},"searchElements":[],"controlBar":{"gridTools":[],"gridActions":[]},"plugins":{}}' class='mx-templategrid mx-name-templateGrid11' tabindex='0'></div></m:template><m:template widget-id='43_63' name='content'><table class='mx-table mx-name-table1'><colgroup><col style='width:25%'></col><col style='width:25%'></col><col style='width:25%'></col><col style='width:25%'></col></colgroup><tbody><tr><td><div data-mendix-id='43_64_67' data-mendix-type='mxui.widget.ReactWidgetWrapper' data-mendix-props='"widgetTree":{"widget":"com.mendix.widget.core.Text","widgetId":"43_64_67","props":{"name":"text1","class":"mx-name-text1","style":{},"caption":{"$type":"textTemplate","text":"{1}","friendlyId":"MyFirstModule.Snippet_new_assumption.text1","parameters":{"1":"MyFirstModule.Assumptions/Service_Nature"}},"renderMode":"span"},"children":[]}'></div></td><td><div data-mendix-id='43_64_69' data-mendix-type='mxui.widget.ReactWidgetWrapper' data-mendix-props='"widgetTree":{"widget":"com.mendix.widget.core.Text","widgetId":"43_64_69","props":{"name":"text2","class":"mx-name-text2","style":{},"caption":{"$type":"textTemplate","text":"{1}","friendlyId":"MyFirstModule.Snippet_new_assumption.text2","parameters":{"1":"MyFirstModule.Assumptions/Properties"}},"renderMode":"span"},"children":[]}'></div></td><td><div data-mendix-id='43_64_71' data-mendix-type='mxui.widget.ReactWidgetWrapper' data-mendix-props='"widgetTree":{"widget":"com.mendix.widget.core.Text","widgetId":"43_64_71","props":{"name":"text3","class":"mx-name-text3","style":{},"caption":{"$type":"textTemplate","text":"{1}","friendlyId":"MyFirstModule.Snippet_new_assumption.text3","parameters":{"1":"MyFirstModule.Assumptions/Percentage"}},"renderMode":"span"},"children":[]}'></div></td><td><div class='mx-name-container1'><div data-mendix-id='43_64_75' data-mendix-type='mxui.widget.ActionButton' data-mendix-props='"friendlyId":"MyFirstModule.Snippet_new_assumption.actionButton1","caption":{"$type":"textTemplate","text":"","friendlyId":"MyFirstModule.Snippet_new_assumption.actionButton1"},"iconUrl":"img/MyFirstModule$edit_on.png?636468842603385563","title":"Edit Assumption value","renderType":"link","action":{"type":"openPage","hasParameter":true,"params":{"path":"MyFirstModule/Assumption_New_edit.page.xml","title":"Edit Assumption Detail","location":"modal","resizable":true,"allowedRoles":["Administrator","User"]}}' data-mendix-roles='Administrator,User' class='mx-name-actionButton1 imgCls-small' style='margin-left:20px;' tabindex='0'></div><div data-mendix-id='43_64_76' data-mendix-type='mxui.widget.ActionButton' data-mendix-props='"friendlyId":"MyFirstModule.Snippet_new_assumption.actionButton2","caption":{"$type":"textTemplate","text":"","friendlyId":"MyFirstModule.Snippet_new_assumption.actionButton2"},"iconUrl":"img/MyFirstModule$delete_on.png?636468842603385563","title":"Delete Assumption value","renderType":"link","action":{"type":"callMicroflow","hasParameter":true,"params":{"name":"MyFirstModule.Microflow_assumption_delete","validate":"view","confirmation":{"question":"Are you sure you want to delete this?","proceed":"Delete","cancel":"Cancel"},"applyTo":"selection","allowedRoles":["Administrator","User"]}}' data-mendix-roles='Administrator,User' class='mx-name-actionButton2 imgCls-small' style='margin-left:20px;' tabindex='0'></div></div></td></tr></tbody></table></m:template><m:template widget-id='43_82' name='content'><table class='mx-table mx-name-table2'><colgroup><col style='width:13%'></col><col style='width:12%'></col><col style='width:13%'></col><col style='width:13%'></col><col style='width:14%'></col><col style='width:13%'></col><col style='width:12%'></col><col style='width:10%'></col></colgroup><tbody><tr><td><div data-mendix-id='43_83_86' data-mendix-type='mxui.widget.ReactWidgetWrapper' data-mendix-props='"widgetTree":{"widget":"com.mendix.widget.core.Text","widgetId":"43_83_86","props":{"name":"text1","class":"mx-name-text1","style":{},"caption":{"$type":"textTemplate","text":"{1}","friendlyId":"MyFirstModule.Snippet_new_consolidated.text1","parameters":{"1":"MyFirstModule.Consolidated_Estimate/Contingency"}},"renderMode":"span"},"children":[]}'></div></td><td><div data-mendix-id='43_83_88' data-mendix-type='mxui.widget.ReactWidgetWrapper' data-mendix-props='"widgetTree":{"widget":"com.mendix.widget.core.Text","widgetId":"43_83_88","props":{"name":"text4","class":"mx-name-text4","style":{},"caption":{"$type":"textTemplate","text":"{1}","friendlyId":"MyFirstModule.Snippet_new_consolidated.text4","parameters":{"1":"MyFirstModule.Consolidated_Estimate/Performance_Engineering"}},"renderMode":"span"},"children":[]}'></div></td><td><div data-mendix-id='43_83_90' data-mendix-type='mxui.widget.ReactWidgetWrapper' data-mendix-props='"widgetTree":{"widget":"com.mendix.widget.core.Text","widgetId":"43_83_90","props":{"name":"text2","class":"mx-name-text2","style":{},"caption":{"$type":"textTemplate","text":"{1}","friendlyId":"MyFirstModule.Snippet_new_consolidated.text2","parameters":{"1":"MyFirstModule.Consolidated_Estimate/Project_Management"}},"renderMode":"span"},"children":[]}'></div></td><td><div data-mendix-id='43_83_92' data-mendix-type='mxui.widget.ReactWidgetWrapper' data-mendix-props='"widgetTree":{"widget":"com.mendix.widget.core.Text","widgetId":"43_83_92","props":{"name":"text5","class":"mx-name-text5","style":{},"caption":{"$type":"textTemplate","text":"  {1}","friendlyId":"MyFirstModule.Snippet_new_consolidated.text5","parameters":{"1":"MyFirstModule.Consolidated_Estimate/Infrastructure"}},"renderMode":"span"},"children":[]}'></div></td><td><div data-mendix-id='43_83_94' data-mendix-type='mxui.widget.ReactWidgetWrapper' data-mendix-props='"widgetTree":{"widget":"com.mendix.widget.core.Text","widgetId":"43_83_94","props":{"name":"text3","class":"mx-name-text3","style":{},"caption":{"$type":"textTemplate","text":"{1}","friendlyId":"MyFirstModule.Snippet_new_consolidated.text3","parameters":{"1":"MyFirstModule.Consolidated_Estimate/UAT_Effort"}},"renderMode":"span"},"children":[]}'></div></td><td><div data-mendix-id='43_83_96' data-mendix-type='mxui.widget.ReactWidgetWrapper' data-mendix-props='"widgetTree":{"widget":"com.mendix.widget.core.Text","widgetId":"43_83_96","props":{"name":"text6","class":"mx-name-text6","style":{},"caption":{"$type":"textTemplate","text":"{1}","friendlyId":"MyFirstModule.Snippet_new_consolidated.text6","parameters":{"1":"MyFirstModule.Consolidated_Estimate/Post_Prod_Support"}},"renderMode":"span"},"children":[]}'></div></td><td><div data-mendix-id='43_83_98' data-mendix-type='mxui.widget.ReactWidgetWrapper' data-mendix-props='"widgetTree":{"widget":"com.mendix.widget.core.Text","widgetId":"43_83_98","props":{"name":"text7","class":"mx-name-text7","style":{},"caption":{"$type":"textTemplate","text":"{1}","friendlyId":"MyFirstModule.Snippet_new_consolidated.text7","parameters":{"1":"MyFirstModule.Consolidated_Estimate/With_QA"}},"renderMode":"span"},"children":[]}'></div></td><td><div class='mx-name-container1'><div data-mendix-id='43_83_101' data-mendix-type='mxui.widget.ActionButton' data-mendix-props='"friendlyId":"MyFirstModule.Snippet_new_consolidated.actionButton1","caption":{"$type":"textTemplate","text":"","friendlyId":"MyFirstModule.Snippet_new_consolidated.actionButton1"},"iconUrl":"img/MyFirstModule$edit_on.png?636468842603385563","title":"Edit Value","renderType":"link","action":{"type":"openPage","hasParameter":true,"params":{"path":"MyFirstModule/Consolidated_Estimate_NewEdit.page.xml","title":"Edit Consolidated Estimate","location":"modal","resizable":true,"allowedRoles":["Administrator","User"]}}' data-mendix-roles='Administrator,User' class='mx-name-actionButton1 imgCls-small' style='margin-left:20px;' tabindex='0'></div></div></td></tr></tbody></table></m:template><m:template widget-id='43_115' name='content'><div data-mendix-id='43_151' data-mendix-type='mxui.widget.DataView' data-mendix-props='"friendlyId":"MyFirstModule.Master_Data.templateGrid2","entity":"MyFirstModule.Service_Attribute_Entries","schema":"396fe56c-aca9-47a0-a521-91952690ce25","readOnly":true,"datasource":{"friendlyId":"MyFirstModule.Master_Data.templateGrid2","type":"direct","path":"MyFirstModule.Service_Attribute_Entries"}' tabindex='0'></div></m:template><m:template widget-id='43_120' name='content'><div data-mendix-id='43_173' data-mendix-type='mxui.widget.DataView' data-mendix-props='"friendlyId":"MyFirstModule.Master_Data.templateGrid5","entity":"MyFirstModule.Service_Attribute_Entries","schema":"3a2fac14-d4a2-4179-bde1-8a370e150308","readOnly":true,"datasource":{"friendlyId":"MyFirstModule.Master_Data.templateGrid5","type":"direct","path":"MyFirstModule.Service_Attribute_Entries"}' tabindex='0'></div></m:template><m:template widget-id='43_125' name='content'><div data-mendix-id='43_175' data-mendix-type='mxui.widget.DataView' data-mendix-props='"friendlyId":"MyFirstModule.Master_Data.templateGrid6","entity":"MyFirstModule.Service_Attribute_Entries","schema":"85758fb6-4d85-4bd5-94ee-ae41e00cb47a","readOnly":true,"datasource":{"friendlyId":"MyFirstModule.Master_Data.templateGrid6","type":"direct","path":"MyFirstModule.Service_Attribute_Entries"}' tabindex='0'></div></m:template><m:template widget-id='43_130' name='content'><div data-mendix-id='43_177' data-mendix-type='mxui.widget.DataView' data-mendix-props='"friendlyId":"MyFirstModule.Master_Data.templateGrid7","entity":"MyFirstModule.Service_Attribute_Entries","schema":"dd0ad9f7-f641-4d3b-b768-290f058607cf","readOnly":true,"datasource":{"friendlyId":"MyFirstModule.Master_Data.templateGrid7","type":"direct","path":"MyFirstModule.Service_Attribute_Entries"}' tabindex='0'></div></m:template><m:template widget-id='43_135' name='content'><div data-mendix-id='43_179' data-mendix-type='mxui.widget.DataView' data-mendix-props='"friendlyId":"MyFirstModule.Master_Data.templateGrid8","entity":"MyFirstModule.Service_Attribute_Entries","schema":"199be21c-d6c9-45a7-b0b5-9488d6dbd089","readOnly":true,"datasource":{"friendlyId":"MyFirstModule.Master_Data.templateGrid8","type":"direct","path":"MyFirstModule.Service_Attribute_Entries"}' tabindex='0'></div></m:template><m:template widget-id='43_140' name='content'><div data-mendix-id='43_181' data-mendix-type='mxui.widget.DataView' data-mendix-props='"friendlyId":"MyFirstModule.Master_Data.templateGrid9","entity":"MyFirstModule.Service_Attribute_Entries","schema":"1b2cb70d-de00-444e-bed7-538a585be99d","readOnly":true,"datasource":{"friendlyId":"MyFirstModule.Master_Data.templateGrid9","type":"direct","path":"MyFirstModule.Service_Attribute_Entries"}' tabindex='0'></div></m:template><m:template widget-id='43_145' name='content'><div data-mendix-id='43_183' data-mendix-type='mxui.widget.DataView' data-mendix-props='"friendlyId":"MyFirstModule.Master_Data.templateGrid10","entity":"MyFirstModule.Service_Attribute_Entries","schema":"a8c121d6-b494-48cf-a777-ca77bdc1a271","readOnly":true,"datasource":{"friendlyId":"MyFirstModule.Master_Data.templateGrid10","type":"direct","path":"MyFirstModule.Service_Attribute_Entries"}' tabindex='0'></div></m:template><m:template widget-id='43_150' name='content'><div data-mendix-id='43_185' data-mendix-type='mxui.widget.DataView' data-mendix-props='"friendlyId":"MyFirstModule.Master_Data.templateGrid11","entity":"MyFirstModule.Service_Attribute_Entries","schema":"34e71527-529d-43d9-87fd-2d8cbbbfee0f","readOnly":true,"datasource":{"friendlyId":"MyFirstModule.Master_Data.templateGrid11","type":"direct","path":"MyFirstModule.Service_Attribute_Entries"}' tabindex='0'></div></m:template><m:template widget-id='43_151' name='content'><table class='mx-table mx-name-table1' style='border: none !important'><colgroup><col style='width:20%'></col><col style='width:20%'></col><col style='width:20%'></col><col style='width:20%'></col><col style='width:20%'></col></colgroup><tbody><tr><td><div data-mendix-id='43_152_155' data-mendix-type='mxui.widget.ReactWidgetWrapper' data-mendix-props='"widgetTree":{"widget":"com.mendix.widget.core.Text","widgetId":"43_152_155","props":{"name":"text2","class":"mx-name-text2","style":{},"caption":{"$type":"textTemplate","text":"{1}","friendlyId":"MyFirstModule.Snippet_attribute_value.text2","parameters":{"1":"MyFirstModule.Service_Attribute_Entries/Service_Name"}},"renderMode":"span"},"children":[]}'></div></td><td><div data-mendix-id='43_152_157' data-mendix-type='mxui.widget.ReactWidgetWrapper' data-mendix-props='"widgetTree":{"widget":"com.mendix.widget.core.Text","widgetId":"43_152_157","props":{"name":"text3","class":"mx-name-text3","style":{},"caption":{"$type":"textTemplate","text":"{1}","friendlyId":"MyFirstModule.Snippet_attribute_value.text3","parameters":{"1":"MyFirstModule.Service_Attribute_Entries/Service_Attribute"}},"renderMode":"span"},"children":[]}'></div></td><td><div data-mendix-id='43_152_159' data-mendix-type='mxui.widget.ReactWidgetWrapper' data-mendix-props='"widgetTree":{"widget":"com.mendix.widget.core.Text","widgetId":"43_152_159","props":{"name":"text4","class":"mx-name-text4","style":{},"caption":{"$type":"textTemplate","text":"{1}","friendlyId":"MyFirstModule.Snippet_attribute_value.text4","parameters":{"1":"MyFirstModule.Service_Attribute_Entries/Value_Name"}},"renderMode":"span"},"children":[]}'></div></td><td><div data-mendix-id='43_152_161' data-mendix-type='mxui.widget.ReactWidgetWrapper' data-mendix-props='"widgetTree":{"widget":"com.mendix.widget.core.Text","widgetId":"43_152_161","props":{"name":"text5","class":"mx-name-text5","style":{},"caption":{"$type":"textTemplate","text":"{1}","friendlyId":"MyFirstModule.Snippet_attribute_value.text5","parameters":{"1":"MyFirstModule.Service_Attribute_Entries/Value_Point"}},"renderMode":"span"},"children":[]}'></div></td><td><div class='mx-name-container1'><div data-mendix-id='43_152_165' data-mendix-type='mxui.widget.ActionButton' data-mendix-props='"friendlyId":"MyFirstModule.Snippet_attribute_value.actionButton1","caption":{"$type":"textTemplate","text":"","friendlyId":"MyFirstModule.Snippet_attribute_value.actionButton1"},"iconUrl":"img/MyFirstModule$edit_on.png?636468842603385563","title":"Edit Service Attribute Value","renderType":"link","action":{"type":"openPage","hasParameter":true,"params":{"path":"MyFirstModule/Service_Attribute_Values_NewEdit.page.xml","title":"Edit Service Attributes Value","location":"modal","resizable":true,"allowedRoles":["Administrator","User"]}}' data-mendix-roles='Administrator,User' class='mx-name-actionButton1 imgCls-small' style='margin-left:20px;' tabindex='0'></div><div data-mendix-id='43_152_166' data-mendix-type='mxui.widget.ActionButton' data-mendix-props='"friendlyId":"MyFirstModule.Snippet_attribute_value.actionButton2","caption":{"$type":"textTemplate","text":"","friendlyId":"MyFirstModule.Snippet_attribute_value.actionButton2"},"iconUrl":"img/MyFirstModule$delete_on.png?636468842603385563","title":"Delete Service Attribute value","renderType":"link","action":{"type":"callMicroflow","hasParameter":true,"params":{"name":"MyFirstModule.Microflow_delete_value","validate":"view","confirmation":{"question":"Are you sure you want to delete this?","proceed":"Delete","cancel":"Cancel"},"applyTo":"selection","allowedRoles":["Administrator","User"]}}' data-mendix-roles='Administrator,User' class='mx-name-actionButton2 imgCls-small' style='margin-left:20px;' tabindex='0'></div></div></td></tr></tbody></table></m:template><m:template widget-id='43_173' name='content'><table class='mx-table mx-name-table1' style='border: none !important'><colgroup><col style='width:20%'></col><col style='width:20%'></col><col style='width:20%'></col><col style='width:20%'></col><col style='width:20%'></col></colgroup><tbody><tr><td><div data-mendix-id='43_174_155' data-mendix-type='mxui.widget.ReactWidgetWrapper' data-mendix-props='"widgetTree":{"widget":"com.mendix.widget.core.Text","widgetId":"43_174_155","props":{"name":"text2","class":"mx-name-text2","style":{},"caption":{"$type":"textTemplate","text":"{1}","friendlyId":"MyFirstModule.Snippet_attribute_value.text2","parameters":{"1":"MyFirstModule.Service_Attribute_Entries/Service_Name"}},"renderMode":"span"},"children":[]}'></div></td><td><div data-mendix-id='43_174_157' data-mendix-type='mxui.widget.ReactWidgetWrapper' data-mendix-props='"widgetTree":{"widget":"com.mendix.widget.core.Text","widgetId":"43_174_157","props":{"name":"text3","class":"mx-name-text3","style":{},"caption":{"$type":"textTemplate","text":"{1}","friendlyId":"MyFirstModule.Snippet_attribute_value.text3","parameters":{"1":"MyFirstModule.Service_Attribute_Entries/Service_Attribute"}},"renderMode":"span"},"children":[]}'></div></td><td><div data-mendix-id='43_174_159' data-mendix-type='mxui.widget.ReactWidgetWrapper' data-mendix-props='"widgetTree":{"widget":"com.mendix.widget.core.Text","widgetId":"43_174_159","props":{"name":"text4","class":"mx-name-text4","style":{},"caption":{"$type":"textTemplate","text":"{1}","friendlyId":"MyFirstModule.Snippet_attribute_value.text4","parameters":{"1":"MyFirstModule.Service_Attribute_Entries/Value_Name"}},"renderMode":"span"},"children":[]}'></div></td><td><div data-mendix-id='43_174_161' data-mendix-type='mxui.widget.ReactWidgetWrapper' data-mendix-props='"widgetTree":{"widget":"com.mendix.widget.core.Text","widgetId":"43_174_161","props":{"name":"text5","class":"mx-name-text5","style":{},"caption":{"$type":"textTemplate","text":"{1}","friendlyId":"MyFirstModule.Snippet_attribute_value.text5","parameters":{"1":"MyFirstModule.Service_Attribute_Entries/Value_Point"}},"renderMode":"span"},"children":[]}'></div></td><td><div class='mx-name-container1'><div data-mendix-id='43_174_165' data-mendix-type='mxui.widget.ActionButton' data-mendix-props='"friendlyId":"MyFirstModule.Snippet_attribute_value.actionButton1","caption":{"$type":"textTemplate","text":"","friendlyId":"MyFirstModule.Snippet_attribute_value.actionButton1"},"iconUrl":"img/MyFirstModule$edit_on.png?636468842603385563","title":"Edit Service Attribute Value","renderType":"link","action":{"type":"openPage","hasParameter":true,"params":{"path":"MyFirstModule/Service_Attribute_Values_NewEdit.page.xml","title":"Edit Service Attributes Value","location":"modal","resizable":true,"allowedRoles":["Administrator","User"]}}' data-mendix-roles='Administrator,User' class='mx-name-actionButton1 imgCls-small' style='margin-left:20px;' tabindex='0'></div><div data-mendix-id='43_174_166' data-mendix-type='mxui.widget.ActionButton' data-mendix-props='"friendlyId":"MyFirstModule.Snippet_attribute_value.actionButton2","caption":{"$type":"textTemplate","text":"","friendlyId":"MyFirstModule.Snippet_attribute_value.actionButton2"},"iconUrl":"img/MyFirstModule$delete_on.png?636468842603385563","title":"Delete Service Attribute value","renderType":"link","action":{"type":"callMicroflow","hasParameter":true,"params":{"name":"MyFirstModule.Microflow_delete_value","validate":"view","confirmation":{"question":"Are you sure you want to delete this?","proceed":"Delete","cancel":"Cancel"},"applyTo":"selection","allowedRoles":["Administrator","User"]}}' data-mendix-roles='Administrator,User' class='mx-name-actionButton2 imgCls-small' style='margin-left:20px;' tabindex='0'></div></div></td></tr></tbody></table></m:template><m:template widget-id='43_175' name='content'><table class='mx-table mx-name-table1' style='border: none !important'><colgroup><col style='width:20%'></col><col style='width:20%'></col><col style='width:20%'></col><col style='width:20%'></col><col style='width:20%'></col></colgroup><tbody><tr><td><div data-mendix-id='43_176_155' data-mendix-type='mxui.widget.ReactWidgetWrapper' data-mendix-props='"widgetTree":{"widget":"com.mendix.widget.core.Text","widgetId":"43_176_155","props":{"name":"text2","class":"mx-name-text2","style":{},"caption":{"$type":"textTemplate","text":"{1}","friendlyId":"MyFirstModule.Snippet_attribute_value.text2","parameters":{"1":"MyFirstModule.Service_Attribute_Entries/Service_Name"}},"renderMode":"span"},"children":[]}'></div></td><td><div data-mendix-id='43_176_157' data-mendix-type='mxui.widget.ReactWidgetWrapper' data-mendix-props='"widgetTree":{"widget":"com.mendix.widget.core.Text","widgetId":"43_176_157","props":{"name":"text3","class":"mx-name-text3","style":{},"caption":{"$type":"textTemplate","text":"{1}","friendlyId":"MyFirstModule.Snippet_attribute_value.text3","parameters":{"1":"MyFirstModule.Service_Attribute_Entries/Service_Attribute"}},"renderMode":"span"},"children":[]}'></div></td><td><div data-mendix-id='43_176_159' data-mendix-type='mxui.widget.ReactWidgetWrapper' data-mendix-props='"widgetTree":{"widget":"com.mendix.widget.core.Text","widgetId":"43_176_159","props":{"name":"text4","class":"mx-name-text4","style":{},"caption":{"$type":"textTemplate","text":"{1}","friendlyId":"MyFirstModule.Snippet_attribute_value.text4","parameters":{"1":"MyFirstModule.Service_Attribute_Entries/Value_Name"}},"renderMode":"span"},"children":[]}'></div></td><td><div data-mendix-id='43_176_161' data-mendix-type='mxui.widget.ReactWidgetWrapper' data-mendix-props='"widgetTree":{"widget":"com.mendix.widget.core.Text","widgetId":"43_176_161","props":{"name":"text5","class":"mx-name-text5","style":{},"caption":{"$type":"textTemplate","text":"{1}","friendlyId":"MyFirstModule.Snippet_attribute_value.text5","parameters":{"1":"MyFirstModule.Service_Attribute_Entries/Value_Point"}},"renderMode":"span"},"children":[]}'></div></td><td><div class='mx-name-container1'><div data-mendix-id='43_176_165' data-mendix-type='mxui.widget.ActionButton' data-mendix-props='"friendlyId":"MyFirstModule.Snippet_attribute_value.actionButton1","caption":{"$type":"textTemplate","text":"","friendlyId":"MyFirstModule.Snippet_attribute_value.actionButton1"},"iconUrl":"img/MyFirstModule$edit_on.png?636468842603385563","title":"Edit Service Attribute Value","renderType":"link","action":{"type":"openPage","hasParameter":true,"params":{"path":"MyFirstModule/Service_Attribute_Values_NewEdit.page.xml","title":"Edit Service Attributes Value","location":"modal","resizable":true,"allowedRoles":["Administrator","User"]}}' data-mendix-roles='Administrator,User' class='mx-name-actionButton1 imgCls-small' style='margin-left:20px;' tabindex='0'></div><div data-mendix-id='43_176_166' data-mendix-type='mxui.widget.ActionButton' data-mendix-props='"friendlyId":"MyFirstModule.Snippet_attribute_value.actionButton2","caption":{"$type":"textTemplate","text":"","friendlyId":"MyFirstModule.Snippet_attribute_value.actionButton2"},"iconUrl":"img/MyFirstModule$delete_on.png?636468842603385563","title":"Delete Service Attribute value","renderType":"link","action":{"type":"callMicroflow","hasParameter":true,"params":{"name":"MyFirstModule.Microflow_delete_value","validate":"view","confirmation":{"question":"Are you sure you want to delete this?","proceed":"Delete","cancel":"Cancel"},"applyTo":"selection","allowedRoles":["Administrator","User"]}}' data-mendix-roles='Administrator,User' class='mx-name-actionButton2 imgCls-small' style='margin-left:20px;' tabindex='0'></div></div></td></tr></tbody></table></m:template><m:template widget-id='43_177' name='content'><table class='mx-table mx-name-table1' style='border: none !important'><colgroup><col style='width:20%'></col><col style='width:20%'></col><col style='width:20%'></col><col style='width:20%'></col><col style='width:20%'></col></colgroup><tbody><tr><td><div data-mendix-id='43_178_155' data-mendix-type='mxui.widget.ReactWidgetWrapper' data-mendix-props='"widgetTree":{"widget":"com.mendix.widget.core.Text","widgetId":"43_178_155","props":{"name":"text2","class":"mx-name-text2","style":{},"caption":{"$type":"textTemplate","text":"{1}","friendlyId":"MyFirstModule.Snippet_attribute_value.text2","parameters":{"1":"MyFirstModule.Service_Attribute_Entries/Service_Name"}},"renderMode":"span"},"children":[]}'></div></td><td><div data-mendix-id='43_178_157' data-mendix-type='mxui.widget.ReactWidgetWrapper' data-mendix-props='"widgetTree":{"widget":"com.mendix.widget.core.Text","widgetId":"43_178_157","props":{"name":"text3","class":"mx-name-text3","style":{},"caption":{"$type":"textTemplate","text":"{1}","friendlyId":"MyFirstModule.Snippet_attribute_value.text3","parameters":{"1":"MyFirstModule.Service_Attribute_Entries/Service_Attribute"}},"renderMode":"span"},"children":[]}'></div></td><td><div data-mendix-id='43_178_159' data-mendix-type='mxui.widget.ReactWidgetWrapper' data-mendix-props='"widgetTree":{"widget":"com.mendix.widget.core.Text","widgetId":"43_178_159","props":{"name":"text4","class":"mx-name-text4","style":{},"caption":{"$type":"textTemplate","text":"{1}","friendlyId":"MyFirstModule.Snippet_attribute_value.text4","parameters":{"1":"MyFirstModule.Service_Attribute_Entries/Value_Name"}},"renderMode":"span"},"children":[]}'></div></td><td><div data-mendix-id='43_178_161' data-mendix-type='mxui.widget.ReactWidgetWrapper' data-mendix-props='"widgetTree":{"widget":"com.mendix.widget.core.Text","widgetId":"43_178_161","props":{"name":"text5","class":"mx-name-text5","style":{},"caption":{"$type":"textTemplate","text":"{1}","friendlyId":"MyFirstModule.Snippet_attribute_value.text5","parameters":{"1":"MyFirstModule.Service_Attribute_Entries/Value_Point"}},"renderMode":"span"},"children":[]}'></div></td><td><div class='mx-name-container1'><div data-mendix-id='43_178_165' data-mendix-type='mxui.widget.ActionButton' data-mendix-props='"friendlyId":"MyFirstModule.Snippet_attribute_value.actionButton1","caption":{"$type":"textTemplate","text":"","friendlyId":"MyFirstModule.Snippet_attribute_value.actionButton1"},"iconUrl":"img/MyFirstModule$edit_on.png?636468842603385563","title":"Edit Service Attribute Value","renderType":"link","action":{"type":"openPage","hasParameter":true,"params":{"path":"MyFirstModule/Service_Attribute_Values_NewEdit.page.xml","title":"Edit Service Attributes Value","location":"modal","resizable":true,"allowedRoles":["Administrator","User"]}}' data-mendix-roles='Administrator,User' class='mx-name-actionButton1 imgCls-small' style='margin-left:20px;' tabindex='0'></div><div data-mendix-id='43_178_166' data-mendix-type='mxui.widget.ActionButton' data-mendix-props='"friendlyId":"MyFirstModule.Snippet_attribute_value.actionButton2","caption":{"$type":"textTemplate","text":"","friendlyId":"MyFirstModule.Snippet_attribute_value.actionButton2"},"iconUrl":"img/MyFirstModule$delete_on.png?636468842603385563","title":"Delete Service Attribute value","renderType":"link","action":{"type":"callMicroflow","hasParameter":true,"params":{"name":"MyFirstModule.Microflow_delete_value","validate":"view","confirmation":{"question":"Are you sure you want to delete this?","proceed":"Delete","cancel":"Cancel"},"applyTo":"selection","allowedRoles":["Administrator","User"]}}' data-mendix-roles='Administrator,User' class='mx-name-actionButton2 imgCls-small' style='margin-left:20px;' tabindex='0'></div></div></td></tr></tbody></table></m:template><m:template widget-id='43_179' name='content'><table class='mx-table mx-name-table1' style='border: none !important'><colgroup><col style='width:20%'></col><col style='width:20%'></col><col style='width:20%'></col><col style='width:20%'></col><col style='width:20%'></col></colgroup><tbody><tr><td><div data-mendix-id='43_180_155' data-mendix-type='mxui.widget.ReactWidgetWrapper' data-mendix-props='"widgetTree":{"widget":"com.mendix.widget.core.Text","widgetId":"43_180_155","props":{"name":"text2","class":"mx-name-text2","style":{},"caption":{"$type":"textTemplate","text":"{1}","friendlyId":"MyFirstModule.Snippet_attribute_value.text2","parameters":{"1":"MyFirstModule.Service_Attribute_Entries/Service_Name"}},"renderMode":"span"},"children":[]}'></div></td><td><div data-mendix-id='43_180_157' data-mendix-type='mxui.widget.ReactWidgetWrapper' data-mendix-props='"widgetTree":{"widget":"com.mendix.widget.core.Text","widgetId":"43_180_157","props":{"name":"text3","class":"mx-name-text3","style":{},"caption":{"$type":"textTemplate","text":"{1}","friendlyId":"MyFirstModule.Snippet_attribute_value.text3","parameters":{"1":"MyFirstModule.Service_Attribute_Entries/Service_Attribute"}},"renderMode":"span"},"children":[]}'></div></td><td><div data-mendix-id='43_180_159' data-mendix-type='mxui.widget.ReactWidgetWrapper' data-mendix-props='"widgetTree":{"widget":"com.mendix.widget.core.Text","widgetId":"43_180_159","props":{"name":"text4","class":"mx-name-text4","style":{},"caption":{"$type":"textTemplate","text":"{1}","friendlyId":"MyFirstModule.Snippet_attribute_value.text4","parameters":{"1":"MyFirstModule.Service_Attribute_Entries/Value_Name"}},"renderMode":"span"},"children":[]}'></div></td><td><div data-mendix-id='43_180_161' data-mendix-type='mxui.widget.ReactWidgetWrapper' data-mendix-props='"widgetTree":{"widget":"com.mendix.widget.core.Text","widgetId":"43_180_161","props":{"name":"text5","class":"mx-name-text5","style":{},"caption":{"$type":"textTemplate","text":"{1}","friendlyId":"MyFirstModule.Snippet_attribute_value.text5","parameters":{"1":"MyFirstModule.Service_Attribute_Entries/Value_Point"}},"renderMode":"span"},"children":[]}'></div></td><td><div class='mx-name-container1'><div data-mendix-id='43_180_165' data-mendix-type='mxui.widget.ActionButton' data-mendix-props='"friendlyId":"MyFirstModule.Snippet_attribute_value.actionButton1","caption":{"$type":"textTemplate","text":"","friendlyId":"MyFirstModule.Snippet_attribute_value.actionButton1"},"iconUrl":"img/MyFirstModule$edit_on.png?636468842603385563","title":"Edit Service Attribute Value","renderType":"link","action":{"type":"openPage","hasParameter":true,"params":{"path":"MyFirstModule/Service_Attribute_Values_NewEdit.page.xml","title":"Edit Service Attributes Value","location":"modal","resizable":true,"allowedRoles":["Administrator","User"]}}' data-mendix-roles='Administrator,User' class='mx-name-actionButton1 imgCls-small' style='margin-left:20px;' tabindex='0'></div><div data-mendix-id='43_180_166' data-mendix-type='mxui.widget.ActionButton' data-mendix-props='"friendlyId":"MyFirstModule.Snippet_attribute_value.actionButton2","caption":{"$type":"textTemplate","text":"","friendlyId":"MyFirstModule.Snippet_attribute_value.actionButton2"},"iconUrl":"img/MyFirstModule$delete_on.png?636468842603385563","title":"Delete Service Attribute value","renderType":"link","action":{"type":"callMicroflow","hasParameter":true,"params":{"name":"MyFirstModule.Microflow_delete_value","validate":"view","confirmation":{"question":"Are you sure you want to delete this?","proceed":"Delete","cancel":"Cancel"},"applyTo":"selection","allowedRoles":["Administrator","User"]}}' data-mendix-roles='Administrator,User' class='mx-name-actionButton2 imgCls-small' style='margin-left:20px;' tabindex='0'></div></div></td></tr></tbody></table></m:template><m:template widget-id='43_181' name='content'><table class='mx-table mx-name-table1' style='border: none !important'><colgroup><col style='width:20%'></col><col style='width:20%'></col><col style='width:20%'></col><col style='width:20%'></col><col style='width:20%'></col></colgroup><tbody><tr><td><div data-mendix-id='43_182_155' data-mendix-type='mxui.widget.ReactWidgetWrapper' data-mendix-props='"widgetTree":{"widget":"com.mendix.widget.core.Text","widgetId":"43_182_155","props":{"name":"text2","class":"mx-name-text2","style":{},"caption":{"$type":"textTemplate","text":"{1}","friendlyId":"MyFirstModule.Snippet_attribute_value.text2","parameters":{"1":"MyFirstModule.Service_Attribute_Entries/Service_Name"}},"renderMode":"span"},"children":[]}'></div></td><td><div data-mendix-id='43_182_157' data-mendix-type='mxui.widget.ReactWidgetWrapper' data-mendix-props='"widgetTree":{"widget":"com.mendix.widget.core.Text","widgetId":"43_182_157","props":{"name":"text3","class":"mx-name-text3","style":{},"caption":{"$type":"textTemplate","text":"{1}","friendlyId":"MyFirstModule.Snippet_attribute_value.text3","parameters":{"1":"MyFirstModule.Service_Attribute_Entries/Service_Attribute"}},"renderMode":"span"},"children":[]}'></div></td><td><div data-mendix-id='43_182_159' data-mendix-type='mxui.widget.ReactWidgetWrapper' data-mendix-props='"widgetTree":{"widget":"com.mendix.widget.core.Text","widgetId":"43_182_159","props":{"name":"text4","class":"mx-name-text4","style":{},"caption":{"$type":"textTemplate","text":"{1}","friendlyId":"MyFirstModule.Snippet_attribute_value.text4","parameters":{"1":"MyFirstModule.Service_Attribute_Entries/Value_Name"}},"renderMode":"span"},"children":[]}'></div></td><td><div data-mendix-id='43_182_161' data-mendix-type='mxui.widget.ReactWidgetWrapper' data-mendix-props='"widgetTree":{"widget":"com.mendix.widget.core.Text","widgetId":"43_182_161","props":{"name":"text5","class":"mx-name-text5","style":{},"caption":{"$type":"textTemplate","text":"{1}","friendlyId":"MyFirstModule.Snippet_attribute_value.text5","parameters":{"1":"MyFirstModule.Service_Attribute_Entries/Value_Point"}},"renderMode":"span"},"children":[]}'></div></td><td><div class='mx-name-container1'><div data-mendix-id='43_182_165' data-mendix-type='mxui.widget.ActionButton' data-mendix-props='"friendlyId":"MyFirstModule.Snippet_attribute_value.actionButton1","caption":{"$type":"textTemplate","text":"","friendlyId":"MyFirstModule.Snippet_attribute_value.actionButton1"},"iconUrl":"img/MyFirstModule$edit_on.png?636468842603385563","title":"Edit Service Attribute Value","renderType":"link","action":{"type":"openPage","hasParameter":true,"params":{"path":"MyFirstModule/Service_Attribute_Values_NewEdit.page.xml","title":"Edit Service Attributes Value","location":"modal","resizable":true,"allowedRoles":["Administrator","User"]}}' data-mendix-roles='Administrator,User' class='mx-name-actionButton1 imgCls-small' style='margin-left:20px;' tabindex='0'></div><div data-mendix-id='43_182_166' data-mendix-type='mxui.widget.ActionButton' data-mendix-props='"friendlyId":"MyFirstModule.Snippet_attribute_value.actionButton2","caption":{"$type":"textTemplate","text":"","friendlyId":"MyFirstModule.Snippet_attribute_value.actionButton2"},"iconUrl":"img/MyFirstModule$delete_on.png?636468842603385563","title":"Delete Service Attribute value","renderType":"link","action":{"type":"callMicroflow","hasParameter":true,"params":{"name":"MyFirstModule.Microflow_delete_value","validate":"view","confirmation":{"question":"Are you sure you want to delete this?","proceed":"Delete","cancel":"Cancel"},"applyTo":"selection","allowedRoles":["Administrator","User"]}}' data-mendix-roles='Administrator,User' class='mx-name-actionButton2 imgCls-small' style='margin-left:20px;' tabindex='0'></div></div></td></tr></tbody></table></m:template><m:template widget-id='43_183' name='content'><table class='mx-table mx-name-table1' style='border: none !important'><colgroup><col style='width:20%'></col><col style='width:20%'></col><col style='width:20%'></col><col style='width:20%'></col><col style='width:20%'></col></colgroup><tbody><tr><td><div data-mendix-id='43_184_155' data-mendix-type='mxui.widget.ReactWidgetWrapper' data-mendix-props='"widgetTree":{"widget":"com.mendix.widget.core.Text","widgetId":"43_184_155","props":{"name":"text2","class":"mx-name-text2","style":{},"caption":{"$type":"textTemplate","text":"{1}","friendlyId":"MyFirstModule.Snippet_attribute_value.text2","parameters":{"1":"MyFirstModule.Service_Attribute_Entries/Service_Name"}},"renderMode":"span"},"children":[]}'></div></td><td><div data-mendix-id='43_184_157' data-mendix-type='mxui.widget.ReactWidgetWrapper' data-mendix-props='"widgetTree":{"widget":"com.mendix.widget.core.Text","widgetId":"43_184_157","props":{"name":"text3","class":"mx-name-text3","style":{},"caption":{"$type":"textTemplate","text":"{1}","friendlyId":"MyFirstModule.Snippet_attribute_value.text3","parameters":{"1":"MyFirstModule.Service_Attribute_Entries/Service_Attribute"}},"renderMode":"span"},"children":[]}'></div></td><td><div data-mendix-id='43_184_159' data-mendix-type='mxui.widget.ReactWidgetWrapper' data-mendix-props='"widgetTree":{"widget":"com.mendix.widget.core.Text","widgetId":"43_184_159","props":{"name":"text4","class":"mx-name-text4","style":{},"caption":{"$type":"textTemplate","text":"{1}","friendlyId":"MyFirstModule.Snippet_attribute_value.text4","parameters":{"1":"MyFirstModule.Service_Attribute_Entries/Value_Name"}},"renderMode":"span"},"children":[]}'></div></td><td><div data-mendix-id='43_184_161' data-mendix-type='mxui.widget.ReactWidgetWrapper' data-mendix-props='"widgetTree":{"widget":"com.mendix.widget.core.Text","widgetId":"43_184_161","props":{"name":"text5","class":"mx-name-text5","style":{},"caption":{"$type":"textTemplate","text":"{1}","friendlyId":"MyFirstModule.Snippet_attribute_value.text5","parameters":{"1":"MyFirstModule.Service_Attribute_Entries/Value_Point"}},"renderMode":"span"},"children":[]}'></div></td><td><div class='mx-name-container1'><div data-mendix-id='43_184_165' data-mendix-type='mxui.widget.ActionButton' data-mendix-props='"friendlyId":"MyFirstModule.Snippet_attribute_value.actionButton1","caption":{"$type":"textTemplate","text":"","friendlyId":"MyFirstModule.Snippet_attribute_value.actionButton1"},"iconUrl":"img/MyFirstModule$edit_on.png?636468842603385563","title":"Edit Service Attribute Value","renderType":"link","action":{"type":"openPage","hasParameter":true,"params":{"path":"MyFirstModule/Service_Attribute_Values_NewEdit.page.xml","title":"Edit Service Attributes Value","location":"modal","resizable":true,"allowedRoles":["Administrator","User"]}}' data-mendix-roles='Administrator,User' class='mx-name-actionButton1 imgCls-small' style='margin-left:20px;' tabindex='0'></div><div data-mendix-id='43_184_166' data-mendix-type='mxui.widget.ActionButton' data-mendix-props='"friendlyId":"MyFirstModule.Snippet_attribute_value.actionButton2","caption":{"$type":"textTemplate","text":"","friendlyId":"MyFirstModule.Snippet_attribute_value.actionButton2"},"iconUrl":"img/MyFirstModule$delete_on.png?636468842603385563","title":"Delete Service Attribute value","renderType":"link","action":{"type":"callMicroflow","hasParameter":true,"params":{"name":"MyFirstModule.Microflow_delete_value","validate":"view","confirmation":{"question":"Are you sure you want to delete this?","proceed":"Delete","cancel":"Cancel"},"applyTo":"selection","allowedRoles":["Administrator","User"]}}' data-mendix-roles='Administrator,User' class='mx-name-actionButton2 imgCls-small' style='margin-left:20px;' tabindex='0'></div></div></td></tr></tbody></table></m:template><m:template widget-id='43_185' name='content'><table class='mx-table mx-name-table1' style='border: none !important'><colgroup><col style='width:20%'></col><col style='width:20%'></col><col style='width:20%'></col><col style='width:20%'></col><col style='width:20%'></col></colgroup><tbody><tr><td><div data-mendix-id='43_186_155' data-mendix-type='mxui.widget.ReactWidgetWrapper' data-mendix-props='"widgetTree":{"widget":"com.mendix.widget.core.Text","widgetId":"43_186_155","props":{"name":"text2","class":"mx-name-text2","style":{},"caption":{"$type":"textTemplate","text":"{1}","friendlyId":"MyFirstModule.Snippet_attribute_value.text2","parameters":{"1":"MyFirstModule.Service_Attribute_Entries/Service_Name"}},"renderMode":"span"},"children":[]}'></div></td><td><div data-mendix-id='43_186_157' data-mendix-type='mxui.widget.ReactWidgetWrapper' data-mendix-props='"widgetTree":{"widget":"com.mendix.widget.core.Text","widgetId":"43_186_157","props":{"name":"text3","class":"mx-name-text3","style":{},"caption":{"$type":"textTemplate","text":"{1}","friendlyId":"MyFirstModule.Snippet_attribute_value.text3","parameters":{"1":"MyFirstModule.Service_Attribute_Entries/Service_Attribute"}},"renderMode":"span"},"children":[]}'></div></td><td><div data-mendix-id='43_186_159' data-mendix-type='mxui.widget.ReactWidgetWrapper' data-mendix-props='"widgetTree":{"widget":"com.mendix.widget.core.Text","widgetId":"43_186_159","props":{"name":"text4","class":"mx-name-text4","style":{},"caption":{"$type":"textTemplate","text":"{1}","friendlyId":"MyFirstModule.Snippet_attribute_value.text4","parameters":{"1":"MyFirstModule.Service_Attribute_Entries/Value_Name"}},"renderMode":"span"},"children":[]}'></div></td><td><div data-mendix-id='43_186_161' data-mendix-type='mxui.widget.ReactWidgetWrapper' data-mendix-props='"widgetTree":{"widget":"com.mendix.widget.core.Text","widgetId":"43_186_161","props":{"name":"text5","class":"mx-name-text5","style":{},"caption":{"$type":"textTemplate","text":"{1}","friendlyId":"MyFirstModule.Snippet_attribute_value.text5","parameters":{"1":"MyFirstModule.Service_Attribute_Entries/Value_Point"}},"renderMode":"span"},"children":[]}'></div></td><td><div class='mx-name-container1'><div data-mendix-id='43_186_165' data-mendix-type='mxui.widget.ActionButton' data-mendix-props='"friendlyId":"MyFirstModule.Snippet_attribute_value.actionButton1","caption":{"$type":"textTemplate","text":"","friendlyId":"MyFirstModule.Snippet_attribute_value.actionButton1"},"iconUrl":"img/MyFirstModule$edit_on.png?636468842603385563","title":"Edit Service Attribute Value","renderType":"link","action":{"type":"openPage","hasParameter":true,"params":{"path":"MyFirstModule/Service_Attribute_Values_NewEdit.page.xml","title":"Edit Service Attributes Value","location":"modal","resizable":true,"allowedRoles":["Administrator","User"]}}' data-mendix-roles='Administrator,User' class='mx-name-actionButton1 imgCls-small' style='margin-left:20px;' tabindex='0'></div><div data-mendix-id='43_186_166' data-mendix-type='mxui.widget.ActionButton' data-mendix-props='"friendlyId":"MyFirstModule.Snippet_attribute_value.actionButton2","caption":{"$type":"textTemplate","text":"","friendlyId":"MyFirstModule.Snippet_attribute_value.actionButton2"},"iconUrl":"img/MyFirstModule$delete_on.png?636468842603385563","title":"Delete Service Attribute value","renderType":"link","action":{"type":"callMicroflow","hasParameter":true,"params":{"name":"MyFirstModule.Microflow_delete_value","validate":"view","confirmation":{"question":"Are you sure you want to delete this?","proceed":"Delete","cancel":"Cancel"},"applyTo":"selection","allowedRoles":["Administrator","User"]}}' data-mendix-roles='Administrator,User' class='mx-name-actionButton2 imgCls-small' style='margin-left:20px;' tabindex='0'></div></div></td></tr></tbody></table></m:template></m:templates></m:page>