﻿<?xml version='1.0' encoding='utf-8'?><m:page id='7a6442c4-842f-4380-a0df-002fb8c5fde6' xmlns='http://www.w3.org/1999/xhtml' title='Dashboard' class='menubar-col-4 bottom-nav-text-icons phone-page-dashboard phone-page-dashboard-default' xmlns:m='http://schemas.mendix.com/forms/1.0'><m:layouts><m:layout path='NavigationLayouts/Offline_Phone_TopSidebar.layout.xml'></m:layout></m:layouts><m:arguments><m:argument parameterName='a5a8076a-8d69-4f1d-b6d8-12abc4303f3e'><div data-mendix-id='2_0' class='mx-layoutgrid mx-layoutgrid-fluid container-fluid mx-name-layoutGrid1'><div class='row'><div class='col-md-6 col-xs-6'><div data-mendix-id='2_1' data-mendix-type='mxui.widget.ActionButton' data-mendix-props='"friendlyId":"MyFirstModule.Offline_Homepage.actionButton13","caption":{"$type":"textTemplate","text":"Members","friendlyId":"MyFirstModule.Offline_Homepage.actionButton13"},"iconClass":"glyphicon-user","renderType":"button","action":{"type":"doNothing","hasParameter":false,"params":{}}' class='mx-name-actionButton13 actionblock btn-default' tabindex='0'></div></div><div class='col-md-6 col-xs-6'><div data-mendix-id='2_2' data-mendix-type='mxui.widget.ActionButton' data-mendix-props='"friendlyId":"MyFirstModule.Offline_Homepage.actionButton10","caption":{"$type":"textTemplate","text":"Track Time","friendlyId":"MyFirstModule.Offline_Homepage.actionButton10"},"iconClass":"glyphicon-time","renderType":"button","action":{"type":"doNothing","hasParameter":false,"params":{}}' class='mx-name-actionButton10 actionblock btn-default' tabindex='0'></div></div></div><div class='row'><div class='col-md-6 col-xs-6'><div data-mendix-id='2_3' data-mendix-type='mxui.widget.ActionButton' data-mendix-props='"friendlyId":"MyFirstModule.Offline_Homepage.actionButton14","caption":{"$type":"textTemplate","text":"Expenses","friendlyId":"MyFirstModule.Offline_Homepage.actionButton14"},"iconClass":"glyphicon-usd","renderType":"button","action":{"type":"doNothing","hasParameter":false,"params":{}}' class='mx-name-actionButton14 actionblock btn-default' tabindex='0'></div></div><div class='col-md-6 col-xs-6'><div data-mendix-id='2_4' data-mendix-type='mxui.widget.ActionButton' data-mendix-props='"friendlyId":"MyFirstModule.Offline_Homepage.actionButton15","caption":{"$type":"textTemplate","text":"Documents","friendlyId":"MyFirstModule.Offline_Homepage.actionButton15"},"iconClass":"glyphicon-duplicate","renderType":"button","action":{"type":"doNothing","hasParameter":false,"params":{}}' class='mx-name-actionButton15 actionblock btn-default' tabindex='0'></div></div></div><div class='row'><div class='col-md-6 col-xs-6'><div data-mendix-id='2_5' data-mendix-type='mxui.widget.ActionButton' data-mendix-props='"friendlyId":"MyFirstModule.Offline_Homepage.actionButton16","caption":{"$type":"textTemplate","text":"Expenses","friendlyId":"MyFirstModule.Offline_Homepage.actionButton16"},"iconUrl":"img/MyFirstModule$expenses.png?636468842603385563","renderType":"button","action":{"type":"doNothing","hasParameter":false,"params":{}}' class='mx-name-actionButton16 actionblock btn-default' tabindex='0'></div></div><div class='col-md-6 col-xs-6'><div data-mendix-id='2_6' data-mendix-type='mxui.widget.ActionButton' data-mendix-props='"friendlyId":"MyFirstModule.Offline_Homepage.actionButton17","caption":{"$type":"textTemplate","text":"Documents","friendlyId":"MyFirstModule.Offline_Homepage.actionButton17"},"iconUrl":"img/MyFirstModule$document.png?636468842603385563","renderType":"button","action":{"type":"doNothing","hasParameter":false,"params":{}}' class='mx-name-actionButton17 actionblock btn-default' tabindex='0'></div></div></div></div></m:argument><m:argument parameterName='79329808-4600-4615-ba5a-20277db6cc0e'><div data-mendix-id='2_7' data-mendix-type='mxui.widget.StaticImage' data-mendix-props='"friendlyId":"MyFirstModule.Offline_Homepage.image1","url":"img/MyFirstModule$logo.png?636468842603385563","height":"28px","action":{"type":"doNothing","hasParameter":false,"params":{}}' class='mx-name-image1'></div></m:argument></m:arguments></m:page>