﻿<?xml version='1.0' encoding='utf-8'?><m:page id='7b238191-4641-4b92-b2b5-6df5924c8ede' xmlns='http://www.w3.org/1999/xhtml' title='Page Title' class='page-form page-form-default' xmlns:m='http://schemas.mendix.com/forms/1.0'><m:layouts><m:layout path='NavigationLayouts/PopupLayout.layout.xml'></m:layout></m:layouts><m:arguments><m:argument parameterName='3eef2867-c100-4096-a8ea-2b35da5f61f1'><div data-mendix-id='21_0' class='mx-layoutgrid mx-layoutgrid-fluid container-fluid mx-name-layoutGrid1'><div class='row'><div class='col-md-12'><div data-mendix-id='21_1' data-mendix-type='mxui.widget.DataView' data-mendix-props='"friendlyId":"MyFirstModule.Orchestration_Service_Newedit.dataView1","entity":"MyFirstModule.Orchestration_Service","schema":"0f5ab415-8bf6-44fc-b275-e6ab420be6eb","hideFooter":true,"datasource":{"friendlyId":"MyFirstModule.Orchestration_Service_Newedit.dataView1","type":"direct","path":"MyFirstModule.Orchestration_Service"}' class='mx-name-dataView1 formCls' tabindex='5'></div></div></div></div></m:argument></m:arguments><m:templates><m:template widget-id='21_1' name='content'><div data-mendix-id='21_3' class='form-group mx-name-textBox8'><label class='control-label'>Use case</label><div data-mendix-id='21_23' data-mendix-type='mxui.widget.TextInput' data-mendix-props='"friendlyId":"MyFirstModule.Orchestration_Service_Newedit.textBox8","insideFormGroup":true,"attributePath":"MyFirstModule.Orchestration_Service/UseCase","readOnlyStyle":"text","validation":null,"placeholder":"","maxLength":200' tabindex='0'></div></div><div data-mendix-id='21_4' class='form-group mx-name-textBox1'><label class='control-label'>Group  name</label><div data-mendix-id='21_24' data-mendix-type='mxui.widget.TextInput' data-mendix-props='"friendlyId":"MyFirstModule.Orchestration_Service_Newedit.textBox1","insideFormGroup":true,"attributePath":"MyFirstModule.Orchestration_Service/Group_Name","readOnlyStyle":"text","validation":null,"placeholder":"","maxLength":200' tabindex='0'></div></div><div data-mendix-id='21_5' class='form-group mx-name-referenceSelector1 formClsdropdown' style='font-size:18px;'><label class='control-label'>Development</label><div data-mendix-id='21_25' data-mendix-type='mxui.widget.ReferenceSelector' data-mendix-props='"friendlyId":"MyFirstModule.Orchestration_Service_Newedit.referenceSelector1","insideFormGroup":true,"attributePath":"MyFirstModule.Orchestration_Service/MyFirstModule.Orchestration_Service_Orch_SAV_dev/MyFirstModule.Orch_SAV/Value_Name","readOnlyStyle":"text","attributePath":"MyFirstModule.Orchestration_Service/MyFirstModule.Orchestration_Service_Orch_SAV_dev/MyFirstModule.Orch_SAV/Value_Name","datasource":{"friendlyId":"MyFirstModule.Orchestration_Service_Newedit.referenceSelector1","type":"xpath","path":"MyFirstModule.Orch_SAV","constraint":"[Service_Name=&apos;Orchestration Service&apos;][Service_Attribute=&apos;Development&apos;]","constrainedBy":["MyFirstModule.Orchestration_Service/MyFirstModule.Orchestration_Service_Template/MyFirstModule.Template/MyFirstModule.Orch_SAV_Template/MyFirstModule.Orch_SAV"],"sort":[["Value_Name","asc"]]},"validation":null,"emptyOptionCaption":""' tabindex='0'></div></div><div data-mendix-id='21_6' class='form-group mx-name-referenceSelector2 formClsdropdown'><label class='control-label'>Service Type</label><div data-mendix-id='21_26' data-mendix-type='mxui.widget.ReferenceSelector' data-mendix-props='"friendlyId":"MyFirstModule.Orchestration_Service_Newedit.referenceSelector2","insideFormGroup":true,"attributePath":"MyFirstModule.Orchestration_Service/MyFirstModule.Orchestration_Service_Orch_SAV_svctype/MyFirstModule.Orch_SAV/Value_Name","readOnlyStyle":"control","attributePath":"MyFirstModule.Orchestration_Service/MyFirstModule.Orchestration_Service_Orch_SAV_svctype/MyFirstModule.Orch_SAV/Value_Name","datasource":{"friendlyId":"MyFirstModule.Orchestration_Service_Newedit.referenceSelector2","type":"xpath","path":"MyFirstModule.Orch_SAV","constraint":"[Service_Name=&apos;Orchestration Service&apos;][Service_Attribute=&apos;Service_Type&apos;]","constrainedBy":["MyFirstModule.Orchestration_Service/MyFirstModule.Orchestration_Service_Template/MyFirstModule.Template/MyFirstModule.Orch_SAV_Template/MyFirstModule.Orch_SAV"],"sort":[["Value_Name","asc"]]},"validation":null,"emptyOptionCaption":""' tabindex='0'></div></div><div data-mendix-id='21_7' class='form-group mx-name-referenceSelector5 formClsdropdown'><label class='control-label'>Output Format</label><div data-mendix-id='21_27' data-mendix-type='mxui.widget.ReferenceSelector' data-mendix-props='"friendlyId":"MyFirstModule.Orchestration_Service_Newedit.referenceSelector5","insideFormGroup":true,"attributePath":"MyFirstModule.Orchestration_Service/MyFirstModule.Orchestration_Service_Orch_output/MyFirstModule.Orch_SAV/Value_Name","readOnlyStyle":"text","attributePath":"MyFirstModule.Orchestration_Service/MyFirstModule.Orchestration_Service_Orch_output/MyFirstModule.Orch_SAV/Value_Name","datasource":{"friendlyId":"MyFirstModule.Orchestration_Service_Newedit.referenceSelector5","type":"xpath","path":"MyFirstModule.Orch_SAV","constraint":"[Service_Name=&apos;Orchestration Service&apos;][Service_Attribute=&apos;Output_Format&apos;]","constrainedBy":["MyFirstModule.Orchestration_Service/MyFirstModule.Orchestration_Service_Template/MyFirstModule.Template/MyFirstModule.Orch_SAV_Template/MyFirstModule.Orch_SAV"],"sort":[["Value_Name","asc"]]},"validation":null,"emptyOptionCaption":""' tabindex='0'></div></div><div data-mendix-id='21_8' class='form-group mx-name-textBox9' style='width: 98%; text-align: left;'><label class='control-label'>No of request parameter</label><div data-mendix-id='21_28' data-mendix-type='mxui.widget.NumberInput' data-mendix-props='"friendlyId":"MyFirstModule.Orchestration_Service_Newedit.textBox9","insideFormGroup":true,"attributePath":"MyFirstModule.Orchestration_Service/No_Of_Request_Parameter","readOnlyStyle":"text","validation":null,"placeholder":"0"' tabindex='0'></div></div><div data-mendix-id='21_9' class='form-group mx-name-textBox10' style='margin-top: 50px; width: 98%; text-align: left;'><label class='control-label'>No of response parameter</label><div data-mendix-id='21_29' data-mendix-type='mxui.widget.NumberInput' data-mendix-props='"friendlyId":"MyFirstModule.Orchestration_Service_Newedit.textBox10","insideFormGroup":true,"attributePath":"MyFirstModule.Orchestration_Service/No_of_Response_Parameter","readOnlyStyle":"text","validation":null,"placeholder":"0"' tabindex='0'></div></div><div data-mendix-id='21_10' class='form-group mx-name-textBox11'><label class='control-label'>No of service to be integrated</label><div data-mendix-id='21_30' data-mendix-type='mxui.widget.NumberInput' data-mendix-props='"friendlyId":"MyFirstModule.Orchestration_Service_Newedit.textBox11","insideFormGroup":true,"attributePath":"MyFirstModule.Orchestration_Service/No_of_services_to_be_integrated","readOnlyStyle":"text","validation":null,"placeholder":"0"' tabindex='0'></div></div><div data-mendix-id='21_11' class='form-group mx-name-radioButtons7'><label class='control-label'>Co exist with  monolithic</label><div data-mendix-id='21_31' data-mendix-type='mxui.widget.RadioButtonGroup' data-mendix-props='"friendlyId":"MyFirstModule.Orchestration_Service_Newedit.radioButtons7","insideFormGroup":true,"attributePath":"MyFirstModule.Orchestration_Service/CoExist_with_Monolithic","readOnlyStyle":"text","validation":null,"horizontal":true,"options":[{"key":"Yes","caption":"Yes"},{"key":"No","caption":"No"}]' tabindex='0'></div></div><div data-mendix-id='21_12' class='form-group mx-name-radioButtons8'><label class='control-label'>Versioning</label><div data-mendix-id='21_32' data-mendix-type='mxui.widget.RadioButtonGroup' data-mendix-props='"friendlyId":"MyFirstModule.Orchestration_Service_Newedit.radioButtons8","insideFormGroup":true,"attributePath":"MyFirstModule.Orchestration_Service/Versioning","readOnlyStyle":"text","validation":null,"horizontal":true,"options":[{"key":"Yes","caption":"Yes"},{"key":"No","caption":"No"}]' tabindex='0'></div></div><div data-mendix-id='21_13' class='form-group mx-name-radioButtons9'><label class='control-label'>Service  overlap</label><div data-mendix-id='21_33' data-mendix-type='mxui.widget.RadioButtonGroup' data-mendix-props='"friendlyId":"MyFirstModule.Orchestration_Service_Newedit.radioButtons9","insideFormGroup":true,"attributePath":"MyFirstModule.Orchestration_Service/Service_Overlap","readOnlyStyle":"text","validation":null,"horizontal":true,"options":[{"key":"Yes","caption":"Yes"},{"key":"No","caption":"No"}]' tabindex='0'></div></div><div data-mendix-id='21_14' class='form-group mx-name-radioButtons10'><label class='control-label'>Blocking the case</label><div data-mendix-id='21_34' data-mendix-type='mxui.widget.RadioButtonGroup' data-mendix-props='"friendlyId":"MyFirstModule.Orchestration_Service_Newedit.radioButtons10","insideFormGroup":true,"attributePath":"MyFirstModule.Orchestration_Service/Blocking_the_case","readOnlyStyle":"text","validation":null,"horizontal":true,"options":[{"key":"Blocking","caption":"Blocking"},{"key":"Non_Blocking","caption":"Non Blocking"}]' tabindex='0'></div></div><div data-mendix-id='21_15' class='form-group mx-name-dropDown1 formClsdropdown'><label class='control-label'>Consumers</label><div data-mendix-id='21_35' data-mendix-type='mxui.widget.EnumSelect' data-mendix-props='"friendlyId":"MyFirstModule.Orchestration_Service_Newedit.dropDown1","insideFormGroup":true,"attributePath":"MyFirstModule.Orchestration_Service/Consumers","readOnlyStyle":"text","validation":null,"emptyOptionCaption":""' tabindex='0'></div></div><div data-mendix-id='21_16' class='form-group mx-name-dropDown2 formClsdropdown'><label class='control-label'>Bussiness  logic  nature</label><div data-mendix-id='21_36' data-mendix-type='mxui.widget.EnumSelect' data-mendix-props='"friendlyId":"MyFirstModule.Orchestration_Service_Newedit.dropDown2","insideFormGroup":true,"attributePath":"MyFirstModule.Orchestration_Service/Bussiness_Logic_Nature","readOnlyStyle":"text","validation":null,"emptyOptionCaption":""' tabindex='0'></div></div><div data-mendix-id='21_17' class='form-group mx-name-dropDown3 formClsdropdown'><label class='control-label'>Mode of  integration</label><div data-mendix-id='21_37' data-mendix-type='mxui.widget.EnumSelect' data-mendix-props='"friendlyId":"MyFirstModule.Orchestration_Service_Newedit.dropDown3","insideFormGroup":true,"attributePath":"MyFirstModule.Orchestration_Service/Mode_of_Integration","readOnlyStyle":"text","validation":null,"emptyOptionCaption":""' tabindex='0'></div></div><div data-mendix-id='21_18' class='form-group mx-name-dropDown4 formClsdropdown'><label class='control-label'>Implementation  type</label><div data-mendix-id='21_38' data-mendix-type='mxui.widget.EnumSelect' data-mendix-props='"friendlyId":"MyFirstModule.Orchestration_Service_Newedit.dropDown4","insideFormGroup":true,"attributePath":"MyFirstModule.Orchestration_Service/Implementation_Type","readOnlyStyle":"text","validation":null,"emptyOptionCaption":""' tabindex='0'></div></div><div data-mendix-id='21_19' class='form-group mx-name-radioButtons15'><label class='control-label'>Aggregate  data</label><div data-mendix-id='21_39' data-mendix-type='mxui.widget.RadioButtonGroup' data-mendix-props='"friendlyId":"MyFirstModule.Orchestration_Service_Newedit.radioButtons15","insideFormGroup":true,"attributePath":"MyFirstModule.Orchestration_Service/Aggregate_Data","readOnlyStyle":"text","validation":null,"horizontal":true,"options":[{"key":"Yes","caption":"Yes"},{"key":"No","caption":"No"}]' tabindex='0'></div></div><div data-mendix-id='21_20' class='form-group mx-name-radioButtons6'><label class='control-label'>Cache  response</label><div data-mendix-id='21_40' data-mendix-type='mxui.widget.RadioButtonGroup' data-mendix-props='"friendlyId":"MyFirstModule.Orchestration_Service_Newedit.radioButtons6","insideFormGroup":true,"attributePath":"MyFirstModule.Orchestration_Service/Cache_Response","readOnlyStyle":"text","validation":null,"horizontal":true,"options":[{"key":"Yes","caption":"Yes"},{"key":"No","caption":"No"}]' tabindex='0'></div></div><div data-mendix-id='21_21' data-mendix-type='mxui.widget.ActionButton' data-mendix-props='"friendlyId":"MyFirstModule.Orchestration_Service_Newedit.actionButton1","caption":{"$type":"textTemplate","text":"Save","friendlyId":"MyFirstModule.Orchestration_Service_Newedit.actionButton1"},"renderType":"button","action":{"type":"callMicroflow","hasParameter":true,"params":{"name":"MyFirstModule.Test_javaAction","validate":"view","applyTo":"selection","allowedRoles":["Administrator","User"]}}' data-mendix-roles='Administrator,User' class='mx-name-actionButton1 btn-success' style='margin-top:30px; margin-left:150px' tabindex='0'></div><div data-mendix-id='21_22' data-mendix-type='mxui.widget.ActionButton' data-mendix-props='"friendlyId":"MyFirstModule.Orchestration_Service_Newedit.actionButton2","caption":{"$type":"textTemplate","text":"Cancel","friendlyId":"MyFirstModule.Orchestration_Service_Newedit.actionButton2"},"renderType":"button","action":{"type":"cancelChanges","hasParameter":false,"params":{"closePage":true}}' class='mx-name-actionButton2 btn-default' style='margin-top:30px; margin-left:30px' tabindex='0'></div></m:template></m:templates></m:page>