﻿<?xml version='1.0' encoding='utf-8'?><m:page id='5fd7c694-de63-4fb0-a9fa-44147f15fd52' xmlns='http://www.w3.org/1999/xhtml' title='Edit Orch  SAV' class='page-form page-form-default' xmlns:m='http://schemas.mendix.com/forms/1.0'><m:layouts><m:layout path='NavigationLayouts/PopupLayout.layout.xml'></m:layout></m:layouts><m:arguments><m:argument parameterName='3eef2867-c100-4096-a8ea-2b35da5f61f1'><div data-mendix-id='23_0' class='mx-layoutgrid mx-layoutgrid-fluid container-fluid mx-name-layoutGrid1'><div class='row'><div class='col-md-12'><div data-mendix-id='23_1' data-mendix-type='mxui.widget.DataView' data-mendix-props='"friendlyId":"MyFirstModule.Orch_SAV_NewEdit.dataView1","entity":"MyFirstModule.Orch_SAV","schema":"31438ec5-6a9d-4d17-b35f-1c11858ba33e","hideFooter":true,"datasource":{"friendlyId":"MyFirstModule.Orch_SAV_NewEdit.dataView1","type":"direct","path":"MyFirstModule.Orch_SAV"}' class='mx-name-dataView1 formCls' tabindex='0'></div></div></div></div></m:argument></m:arguments><m:templates><m:template widget-id='23_1' name='content'><div data-mendix-id='23_3' class='form-group mx-name-textBox8'><label class='control-label'>Service  name</label><div data-mendix-id='23_9' data-mendix-type='mxui.widget.TextInput' data-mendix-props='"friendlyId":"MyFirstModule.Orch_SAV_NewEdit.textBox8","insideFormGroup":true,"attributePath":"MyFirstModule.Orch_SAV/Service_Name","readOnlyStyle":"text","validation":null,"placeholder":"","maxLength":200' tabindex='0'></div></div><div data-mendix-id='23_4' class='form-group mx-name-textBox5'><label class='control-label'>Service  attribute</label><div data-mendix-id='23_10' data-mendix-type='mxui.widget.TextInput' data-mendix-props='"friendlyId":"MyFirstModule.Orch_SAV_NewEdit.textBox5","insideFormGroup":true,"attributePath":"MyFirstModule.Orch_SAV/Service_Attribute","readOnlyStyle":"text","validation":null,"placeholder":"","maxLength":200' tabindex='0'></div></div><div data-mendix-id='23_5' class='form-group mx-name-textBox6'><label class='control-label'>Value  point</label><div data-mendix-id='23_11' data-mendix-type='mxui.widget.NumberInput' data-mendix-props='"friendlyId":"MyFirstModule.Orch_SAV_NewEdit.textBox6","insideFormGroup":true,"attributePath":"MyFirstModule.Orch_SAV/Value_Point","readOnlyStyle":"text","validation":null,"placeholder":"","precision":2' tabindex='0'></div></div><div data-mendix-id='23_6' class='form-group mx-name-textBox7'><label class='control-label'>Value  name</label><div data-mendix-id='23_12' data-mendix-type='mxui.widget.TextInput' data-mendix-props='"friendlyId":"MyFirstModule.Orch_SAV_NewEdit.textBox7","insideFormGroup":true,"attributePath":"MyFirstModule.Orch_SAV/Value_Name","readOnlyStyle":"text","validation":null,"placeholder":"","maxLength":200' tabindex='0'></div></div><div data-mendix-id='23_7' data-mendix-type='mxui.widget.ActionButton' data-mendix-props='"friendlyId":"MyFirstModule.Orch_SAV_NewEdit.actionButton1","caption":{"$type":"textTemplate","text":"Save","friendlyId":"MyFirstModule.Orch_SAV_NewEdit.actionButton1"},"renderType":"button","action":{"type":"saveChanges","hasParameter":true,"params":{"closePage":true}}' class='mx-name-actionButton1 btn-success' style='margin-top:30px; margin-left:150px' tabindex='0'></div><div data-mendix-id='23_8' data-mendix-type='mxui.widget.ActionButton' data-mendix-props='"friendlyId":"MyFirstModule.Orch_SAV_NewEdit.actionButton2","caption":{"$type":"textTemplate","text":"Cancel","friendlyId":"MyFirstModule.Orch_SAV_NewEdit.actionButton2"},"renderType":"button","action":{"type":"cancelChanges","hasParameter":false,"params":{"closePage":true}}' class='mx-name-actionButton2 btn-default' style='margin-top:30px; margin-left:30px' tabindex='0'></div></m:template></m:templates></m:page>