﻿<?xml version='1.0' encoding='utf-8'?><m:page id='b799d605-ff71-4667-853b-7d5347413693' xmlns='http://www.w3.org/1999/xhtml' title='Edit Patterns  Practices' class='page-form page-form-default' xmlns:m='http://schemas.mendix.com/forms/1.0'><m:layouts><m:layout path='NavigationLayouts/PopupLayout.layout.xml'></m:layout></m:layouts><m:arguments><m:argument parameterName='3eef2867-c100-4096-a8ea-2b35da5f61f1'><div data-mendix-id='9_0' class='mx-layoutgrid mx-layoutgrid-fluid container-fluid mx-name-layoutGrid1'><div class='row'><div class='col-md-12'><div data-mendix-id='9_1' data-mendix-type='mxui.widget.DataView' data-mendix-props='"friendlyId":"MyFirstModule.Patterns_Practices_NewEdit.dataView1","entity":"MyFirstModule.Patterns_Practices","schema":"41f388bf-8270-4d2a-8539-af2ff162f6de","hideFooter":true,"datasource":{"friendlyId":"MyFirstModule.Patterns_Practices_NewEdit.dataView1","type":"direct","path":"MyFirstModule.Patterns_Practices"}' class='mx-name-dataView1 formCls' tabindex='0'></div></div></div></div></m:argument></m:arguments><m:templates><m:template widget-id='9_1' name='content'><div data-mendix-id='9_3' class='form-group mx-name-textBox11' style='margin-top: 20px;'><label class='control-label'>UC</label><div data-mendix-id='9_12' data-mendix-type='mxui.widget.NumberInput' data-mendix-props='"friendlyId":"MyFirstModule.Patterns_Practices_NewEdit.textBox11","readOnly":true,"insideFormGroup":true,"attributePath":"MyFirstModule.Patterns_Practices/UC","readOnlyStyle":"text","validation":null,"placeholder":""' tabindex='0'></div></div><div data-mendix-id='9_4' class='form-group mx-name-textBox6'><label class='control-label'>Use case</label><div data-mendix-id='9_13' data-mendix-type='mxui.widget.TextInput' data-mendix-props='"friendlyId":"MyFirstModule.Patterns_Practices_NewEdit.textBox6","insideFormGroup":true,"attributePath":"MyFirstModule.Patterns_Practices/UseCase","readOnlyStyle":"text","validation":null,"placeholder":"","maxLength":200' tabindex='0'></div></div><div data-mendix-id='9_5' class='form-group mx-name-textBox7'><label class='control-label'>Service  name</label><div data-mendix-id='9_14' data-mendix-type='mxui.widget.TextInput' data-mendix-props='"friendlyId":"MyFirstModule.Patterns_Practices_NewEdit.textBox7","insideFormGroup":true,"attributePath":"MyFirstModule.Patterns_Practices/Service_Name","readOnlyStyle":"text","validation":null,"placeholder":"","maxLength":200' tabindex='0'></div></div><div data-mendix-id='9_6' class='form-group mx-name-dropDown1 formClsdropdown'><label class='control-label'>Fault  tolerance  required</label><div data-mendix-id='9_15' data-mendix-type='mxui.widget.EnumSelect' data-mendix-props='"friendlyId":"MyFirstModule.Patterns_Practices_NewEdit.dropDown1","insideFormGroup":true,"attributePath":"MyFirstModule.Patterns_Practices/Fault_Tolerance_Required","readOnlyStyle":"text","validation":null,"emptyOptionCaption":""' tabindex='0'></div></div><div data-mendix-id='9_7' class='form-group mx-name-dropDown2 formClsdropdown'><label class='control-label'>Service  orchested at</label><div data-mendix-id='9_16' data-mendix-type='mxui.widget.EnumSelect' data-mendix-props='"friendlyId":"MyFirstModule.Patterns_Practices_NewEdit.dropDown2","insideFormGroup":true,"attributePath":"MyFirstModule.Patterns_Practices/Service_Orchested_at","readOnlyStyle":"text","validation":null,"emptyOptionCaption":""' tabindex='0'></div></div><div data-mendix-id='9_8' class='form-group mx-name-dropDown4 formClsdropdown'><label class='control-label'>Interact with  monolithic</label><div data-mendix-id='9_17' data-mendix-type='mxui.widget.EnumSelect' data-mendix-props='"friendlyId":"MyFirstModule.Patterns_Practices_NewEdit.dropDown4","insideFormGroup":true,"attributePath":"MyFirstModule.Patterns_Practices/Interact_with_Monolithic","readOnlyStyle":"text","validation":null,"emptyOptionCaption":""' tabindex='0'></div></div><div data-mendix-id='9_9' class='form-group mx-name-dropDown3 formClsdropdown'><label class='control-label'>Message pattern</label><div data-mendix-id='9_18' data-mendix-type='mxui.widget.EnumSelect' data-mendix-props='"friendlyId":"MyFirstModule.Patterns_Practices_NewEdit.dropDown3","insideFormGroup":true,"attributePath":"MyFirstModule.Patterns_Practices/MessagePattern","readOnlyStyle":"text","validation":null,"emptyOptionCaption":""' tabindex='0'></div></div><div data-mendix-id='9_10' data-mendix-type='mxui.widget.ActionButton' data-mendix-props='"friendlyId":"MyFirstModule.Patterns_Practices_NewEdit.actionButton3","caption":{"$type":"textTemplate","text":"Save","friendlyId":"MyFirstModule.Patterns_Practices_NewEdit.actionButton3"},"renderType":"button","action":{"type":"callMicroflow","hasParameter":true,"params":{"name":"MyFirstModule.Microflow_Patterns_Practises","validate":"view","applyTo":"selection","allowedRoles":["Administrator","User"]}}' data-mendix-roles='Administrator,User' class='mx-name-actionButton3 btn-success' style='margin-top:30px; margin-left:150px' tabindex='0'></div><div data-mendix-id='9_11' data-mendix-type='mxui.widget.ActionButton' data-mendix-props='"friendlyId":"MyFirstModule.Patterns_Practices_NewEdit.actionButton2","caption":{"$type":"textTemplate","text":"Cancel","friendlyId":"MyFirstModule.Patterns_Practices_NewEdit.actionButton2"},"renderType":"button","action":{"type":"cancelChanges","hasParameter":false,"params":{"closePage":true}}' class='mx-name-actionButton2 btn-default' style='margin-top:30px; margin-left:30px' tabindex='0'></div></m:template></m:templates></m:page>