﻿<?xml version='1.0' encoding='utf-8'?><m:page id='34f502e9-f794-43fa-bd32-6be3898d8c25' xmlns='http://www.w3.org/1999/xhtml' title='Edit Policy  SAV' class='page-form page-form-default' xmlns:m='http://schemas.mendix.com/forms/1.0'><m:layouts><m:layout path='NavigationLayouts/PopupLayout.layout.xml'></m:layout></m:layouts><m:arguments><m:argument parameterName='3eef2867-c100-4096-a8ea-2b35da5f61f1'><div data-mendix-id='33_0' class='mx-layoutgrid mx-layoutgrid-fluid container-fluid mx-name-layoutGrid1'><div class='row'><div class='col-md-12'><div data-mendix-id='33_1' data-mendix-type='mxui.widget.DataView' data-mendix-props='"friendlyId":"MyFirstModule.Policy_SAV_NewEdit.dataView1","entity":"MyFirstModule.Policy_SAV","schema":"a4fde9f7-28fc-4ef4-a6be-f7024cd04906","hideFooter":true,"datasource":{"friendlyId":"MyFirstModule.Policy_SAV_NewEdit.dataView1","type":"direct","path":"MyFirstModule.Policy_SAV"}' class='mx-name-dataView1 formCls' tabindex='0'></div></div></div></div></m:argument></m:arguments><m:templates><m:template widget-id='33_1' name='content'><div data-mendix-id='33_3' class='form-group mx-name-textBox5'><label class='control-label'>Service  attribute</label><div data-mendix-id='33_9' data-mendix-type='mxui.widget.TextInput' data-mendix-props='"friendlyId":"MyFirstModule.Policy_SAV_NewEdit.textBox5","insideFormGroup":true,"attributePath":"MyFirstModule.Policy_SAV/Service_Attribute","readOnlyStyle":"text","validation":null,"placeholder":"","maxLength":200' tabindex='0'></div></div><div data-mendix-id='33_4' class='form-group mx-name-textBox8'><label class='control-label'>Service  name</label><div data-mendix-id='33_10' data-mendix-type='mxui.widget.TextInput' data-mendix-props='"friendlyId":"MyFirstModule.Policy_SAV_NewEdit.textBox8","insideFormGroup":true,"attributePath":"MyFirstModule.Policy_SAV/Service_Name","readOnlyStyle":"text","validation":null,"placeholder":"","maxLength":200' tabindex='0'></div></div><div data-mendix-id='33_5' class='form-group mx-name-textBox7'><label class='control-label'>Value  name</label><div data-mendix-id='33_11' data-mendix-type='mxui.widget.TextInput' data-mendix-props='"friendlyId":"MyFirstModule.Policy_SAV_NewEdit.textBox7","insideFormGroup":true,"attributePath":"MyFirstModule.Policy_SAV/Value_Name","readOnlyStyle":"text","validation":null,"placeholder":"","maxLength":200' tabindex='0'></div></div><div data-mendix-id='33_6' class='form-group mx-name-textBox6'><label class='control-label'>Value  point</label><div data-mendix-id='33_12' data-mendix-type='mxui.widget.NumberInput' data-mendix-props='"friendlyId":"MyFirstModule.Policy_SAV_NewEdit.textBox6","insideFormGroup":true,"attributePath":"MyFirstModule.Policy_SAV/Value_Point","readOnlyStyle":"text","validation":null,"placeholder":"","precision":2' tabindex='0'></div></div><div data-mendix-id='33_7' data-mendix-type='mxui.widget.ActionButton' data-mendix-props='"friendlyId":"MyFirstModule.Policy_SAV_NewEdit.actionButton1","caption":{"$type":"textTemplate","text":"Save","friendlyId":"MyFirstModule.Policy_SAV_NewEdit.actionButton1"},"renderType":"button","action":{"type":"saveChanges","hasParameter":true,"params":{"closePage":true}}' class='mx-name-actionButton1 btn-success' style='margin-top:30px; margin-left:150px' tabindex='0'></div><div data-mendix-id='33_8' data-mendix-type='mxui.widget.ActionButton' data-mendix-props='"friendlyId":"MyFirstModule.Policy_SAV_NewEdit.actionButton2","caption":{"$type":"textTemplate","text":"Cancel","friendlyId":"MyFirstModule.Policy_SAV_NewEdit.actionButton2"},"renderType":"button","action":{"type":"cancelChanges","hasParameter":false,"params":{"closePage":true}}' class='mx-name-actionButton2 btn-default' style='margin-top:30px; margin-left:30px' tabindex='0'></div></m:template></m:templates></m:page>