﻿<?xml version='1.0' encoding='utf-8'?><m:page id='3dad93e4-715b-43d7-be7f-f48aab348c54' xmlns='http://www.w3.org/1999/xhtml' title='Edit Policy' class='page-form page-form-default' xmlns:m='http://schemas.mendix.com/forms/1.0'><m:layouts><m:layout path='NavigationLayouts/PopupLayout.layout.xml'></m:layout></m:layouts><m:arguments><m:argument parameterName='3eef2867-c100-4096-a8ea-2b35da5f61f1'><div data-mendix-id='31_0' class='mx-layoutgrid mx-layoutgrid-fluid container-fluid mx-name-layoutGrid1'><div class='row'><div class='col-md-12'><div data-mendix-id='31_1' data-mendix-type='mxui.widget.DataView' data-mendix-props='"friendlyId":"MyFirstModule.Policy_NewEdit.dataView1","entity":"MyFirstModule.Policy","schema":"1dfc1ce7-f837-4c6c-9419-815b39519eb3","hideFooter":true,"datasource":{"friendlyId":"MyFirstModule.Policy_NewEdit.dataView1","type":"direct","path":"MyFirstModule.Policy"}' class='mx-name-dataView1 formCls' tabindex='0'></div></div></div></div></m:argument></m:arguments><m:templates><m:template widget-id='31_1' name='content'><div data-mendix-id='31_3' class='form-group mx-name-textBox6' style='margin-top: 20px;'><label class='control-label'>Use case</label><div data-mendix-id='31_15' data-mendix-type='mxui.widget.TextInput' data-mendix-props='"friendlyId":"MyFirstModule.Policy_NewEdit.textBox6","insideFormGroup":true,"attributePath":"MyFirstModule.Policy/UseCase","readOnlyStyle":"text","validation":null,"placeholder":"","maxLength":200' tabindex='0'></div></div><div data-mendix-id='31_4' class='form-group mx-name-textBox7'><label class='control-label'>Service  name</label><div data-mendix-id='31_16' data-mendix-type='mxui.widget.TextInput' data-mendix-props='"friendlyId":"MyFirstModule.Policy_NewEdit.textBox7","insideFormGroup":true,"attributePath":"MyFirstModule.Policy/Service_Name","readOnlyStyle":"text","validation":null,"placeholder":"","maxLength":200' tabindex='0'></div></div><div data-mendix-id='31_5' class='form-group mx-name-referenceSelector1 formClsdropdown'><label class='control-label'>Authentication</label><div data-mendix-id='31_17' data-mendix-type='mxui.widget.ReferenceSelector' data-mendix-props='"friendlyId":"MyFirstModule.Policy_NewEdit.referenceSelector1","insideFormGroup":true,"attributePath":"MyFirstModule.Policy/MyFirstModule.Policy_Policy_SAV/MyFirstModule.Policy_SAV/Value_Name","readOnlyStyle":"text","attributePath":"MyFirstModule.Policy/MyFirstModule.Policy_Policy_SAV/MyFirstModule.Policy_SAV/Value_Name","datasource":{"friendlyId":"MyFirstModule.Policy_NewEdit.referenceSelector1","type":"xpath","path":"MyFirstModule.Policy_SAV","constraint":"[Service_Name=&apos;Policy&apos;][Service_Attribute=&apos;Authentication&apos;]","constrainedBy":["MyFirstModule.Policy/MyFirstModule.Policy_Template/MyFirstModule.Template/MyFirstModule.Policy_SAV_Template/MyFirstModule.Policy_SAV"],"sort":[["Value_Name","asc"]]},"validation":null,"emptyOptionCaption":""' tabindex='0'></div></div><div data-mendix-id='31_6' class='form-group mx-name-radioButtons2' style='width: 98%;'><label class='control-label'>Access  control</label><div data-mendix-id='31_18' data-mendix-type='mxui.widget.RadioButtonGroup' data-mendix-props='"friendlyId":"MyFirstModule.Policy_NewEdit.radioButtons2","insideFormGroup":true,"attributePath":"MyFirstModule.Policy/Access_Control","readOnlyStyle":"text","validation":null,"horizontal":true,"options":[{"key":"Yes","caption":"Yes"},{"key":"No","caption":"No"}]' tabindex='0'></div></div><div data-mendix-id='31_7' class='form-group mx-name-radioButtons3' style='width: 98%;'><label class='control-label'>Concurrent  rate  limit</label><div data-mendix-id='31_19' data-mendix-type='mxui.widget.RadioButtonGroup' data-mendix-props='"friendlyId":"MyFirstModule.Policy_NewEdit.radioButtons3","insideFormGroup":true,"attributePath":"MyFirstModule.Policy/Concurrent_Rate_Limit","readOnlyStyle":"text","validation":null,"horizontal":true,"options":[{"key":"Yes","caption":"Yes"},{"key":"No","caption":"No"}]' tabindex='0'></div></div><div data-mendix-id='31_8' class='form-group mx-name-radioButtons4' style='width: 98%;'><label class='control-label'>Spike  arrest</label><div data-mendix-id='31_20' data-mendix-type='mxui.widget.RadioButtonGroup' data-mendix-props='"friendlyId":"MyFirstModule.Policy_NewEdit.radioButtons4","insideFormGroup":true,"attributePath":"MyFirstModule.Policy/Spike_Arrest","readOnlyStyle":"text","validation":null,"horizontal":true,"options":[{"key":"Yes","caption":"Yes"},{"key":"No","caption":"No"}]' tabindex='0'></div></div><div data-mendix-id='31_9' class='form-group mx-name-radioButtons5' style='width: 98%;'><label class='control-label'>Validation</label><div data-mendix-id='31_21' data-mendix-type='mxui.widget.RadioButtonGroup' data-mendix-props='"friendlyId":"MyFirstModule.Policy_NewEdit.radioButtons5","insideFormGroup":true,"attributePath":"MyFirstModule.Policy/Validation","readOnlyStyle":"text","validation":null,"horizontal":true,"options":[{"key":"Yes","caption":"Yes"},{"key":"No","caption":"No"}]' tabindex='0'></div></div><div data-mendix-id='31_10' class='form-group mx-name-radioButtons6' style='width: 98%;'><label class='control-label'>Statistic  collector</label><div data-mendix-id='31_22' data-mendix-type='mxui.widget.RadioButtonGroup' data-mendix-props='"friendlyId":"MyFirstModule.Policy_NewEdit.radioButtons6","insideFormGroup":true,"attributePath":"MyFirstModule.Policy/Statistic_Collector","readOnlyStyle":"text","validation":null,"horizontal":true,"options":[{"key":"Yes","caption":"Yes"},{"key":"No","caption":"No"}]' tabindex='0'></div></div><div data-mendix-id='31_11' class='form-group mx-name-radioButtons7' style='width: 98%;'><label class='control-label'>JSO n  thread  protection</label><div data-mendix-id='31_23' data-mendix-type='mxui.widget.RadioButtonGroup' data-mendix-props='"friendlyId":"MyFirstModule.Policy_NewEdit.radioButtons7","insideFormGroup":true,"attributePath":"MyFirstModule.Policy/JSON_Thread_Protection","readOnlyStyle":"text","validation":null,"horizontal":true,"options":[{"key":"Yes","caption":"Yes"},{"key":"No","caption":"No"}]' tabindex='0'></div></div><div data-mendix-id='31_12' class='form-group mx-name-radioButtons1' style='width: 98%;'><label class='control-label'>Regular  expression  protection</label><div data-mendix-id='31_24' data-mendix-type='mxui.widget.RadioButtonGroup' data-mendix-props='"friendlyId":"MyFirstModule.Policy_NewEdit.radioButtons1","insideFormGroup":true,"attributePath":"MyFirstModule.Policy/Regular_Expression_Protection","readOnlyStyle":"text","validation":null,"horizontal":true,"options":[{"key":"Yes","caption":"Yes"},{"key":"No","caption":"No"}]' tabindex='0'></div></div><div data-mendix-id='31_13' data-mendix-type='mxui.widget.ActionButton' data-mendix-props='"friendlyId":"MyFirstModule.Policy_NewEdit.actionButton1","caption":{"$type":"textTemplate","text":"Save","friendlyId":"MyFirstModule.Policy_NewEdit.actionButton1"},"renderType":"button","action":{"type":"callMicroflow","hasParameter":true,"params":{"name":"MyFirstModule.Microflow_Policy","validate":"view","applyTo":"selection","allowedRoles":["Administrator","User"]}}' data-mendix-roles='Administrator,User' class='mx-name-actionButton1 btn-success' style='margin-top:30px; margin-left:150px' tabindex='0'></div><div data-mendix-id='31_14' data-mendix-type='mxui.widget.ActionButton' data-mendix-props='"friendlyId":"MyFirstModule.Policy_NewEdit.actionButton2","caption":{"$type":"textTemplate","text":"Cancel","friendlyId":"MyFirstModule.Policy_NewEdit.actionButton2"},"renderType":"button","action":{"type":"cancelChanges","hasParameter":false,"params":{"closePage":true}}' class='mx-name-actionButton2 btn-default' style='margin-top:30px; margin-left:30px' tabindex='0'></div></m:template></m:templates></m:page>