﻿<?xml version='1.0' encoding='utf-8'?><m:page id='6d8957d6-8d3c-486d-80cc-586b7cfa285e' xmlns='http://www.w3.org/1999/xhtml' title='Page Title' class='page-form page-form-default' xmlns:m='http://schemas.mendix.com/forms/1.0'><m:layouts><m:layout path='XLSReport/PopupLayout.layout.xml'></m:layout></m:layouts><m:arguments><m:argument parameterName='64e38021-d2bb-4b3d-b75c-6321c7b57eb0'><div data-mendix-id='28_0' class='mx-layoutgrid mx-layoutgrid-fluid container-fluid mx-name-layoutGrid1'><div class='row'><div class='col-md-12'><div data-mendix-id='28_1' data-mendix-type='mxui.widget.DataView' data-mendix-props='"friendlyId":"MyFirstModule.Report_Format.dataView1","entity":"MyFirstModule.Template","schema":"3808e623-fef6-4c34-a08e-c2ba6c247b38","datasource":{"friendlyId":"MyFirstModule.Report_Format.dataView1","type":"direct","path":"MyFirstModule.Template"}' class='mx-name-dataView1' tabindex='0'></div></div></div></div></m:argument></m:arguments><m:templates><m:template widget-id='28_1' name='content'><div data-mendix-id='28_2' data-mendix-type='mxui.widget.ReactWidgetWrapper' data-mendix-props='"widgetTree":{"widget":"com.mendix.widget.core.Text","widgetId":"28_2","props":{"name":"text1","class":"mx-name-text1","style":{"align":"center"},"caption":{"$type":"textTemplate","text":"What format do you need ?","friendlyId":"MyFirstModule.Report_Format.text1"},"renderMode":"span"},"children":[]}'></div></m:template><m:template widget-id='28_1' name='footer'><div data-mendix-id='28_4' data-mendix-type='mxui.widget.ActionButton' data-mendix-props='"friendlyId":"MyFirstModule.Report_Format.actionButton3","caption":{"$type":"textTemplate","text":"Excel","friendlyId":"MyFirstModule.Report_Format.actionButton3"},"renderType":"button","action":{"type":"callMicroflow","hasParameter":true,"params":{"name":"MyFirstModule.GenerateExcel","validate":"view","applyTo":"selection","allowedRoles":["Administrator","User"]}}' data-mendix-roles='Administrator,User' class='mx-name-actionButton3 btn-warning' style='margin-top:30px;' tabindex='0'></div><div data-mendix-id='28_5' data-mendix-type='mxui.widget.ActionButton' data-mendix-props='"friendlyId":"MyFirstModule.Report_Format.actionButton4","caption":{"$type":"textTemplate","text":"PDF","friendlyId":"MyFirstModule.Report_Format.actionButton4"},"renderType":"button","action":{"type":"callMicroflow","hasParameter":true,"params":{"name":"MyFirstModule.Microflow_data_template","validate":"view","applyTo":"selection","allowedRoles":["Administrator","User"]}}' data-mendix-roles='Administrator,User' class='mx-name-actionButton4 btn-warning' style='margin-top:30px; margin-left: 30px;' tabindex='0'></div></m:template></m:templates></m:page>