﻿<?xml version='1.0' encoding='utf-8'?><m:page id='0857422f-683f-4ba6-abf8-d337f8d025be' xmlns='http://www.w3.org/1999/xhtml' title='Edit Service  Attribute  Local' class='page-form page-form-default' xmlns:m='http://schemas.mendix.com/forms/1.0'><m:layouts><m:layout path='NavigationLayouts/PopupLayout.layout.xml'></m:layout></m:layouts><m:arguments><m:argument parameterName='3eef2867-c100-4096-a8ea-2b35da5f61f1'><div data-mendix-id='15_0' class='mx-layoutgrid mx-layoutgrid-fluid container-fluid mx-name-layoutGrid1'><div class='row'><div class='col-md-12'><div data-mendix-id='15_1' data-mendix-type='mxui.widget.DataView' data-mendix-props='"friendlyId":"MyFirstModule.Service_Attribute_Local_NewEdit.dataView1","entity":"MyFirstModule.Service_Attribute_Local","schema":"8b6d2ff0-3909-438e-9ea5-55447e2d431f","datasource":{"friendlyId":"MyFirstModule.Service_Attribute_Local_NewEdit.dataView1","type":"direct","path":"MyFirstModule.Service_Attribute_Local"}' class='mx-name-dataView1' tabindex='0'></div></div></div></div></m:argument></m:arguments><m:templates><m:template widget-id='15_1' name='content'><div data-mendix-id='15_3' class='form-group mx-name-textBox6'><label class='control-label'>Service id</label><div data-mendix-id='15_10' data-mendix-type='mxui.widget.NumberInput' data-mendix-props='"friendlyId":"MyFirstModule.Service_Attribute_Local_NewEdit.textBox6","readOnly":true,"insideFormGroup":true,"attributePath":"MyFirstModule.Service_Attribute_Local/Service_id","readOnlyStyle":"text","validation":null,"placeholder":""' tabindex='0'></div></div><div data-mendix-id='15_4' class='form-group mx-name-textBox7'><label class='control-label'>Service  name</label><div data-mendix-id='15_11' data-mendix-type='mxui.widget.TextInput' data-mendix-props='"friendlyId":"MyFirstModule.Service_Attribute_Local_NewEdit.textBox7","insideFormGroup":true,"attributePath":"MyFirstModule.Service_Attribute_Local/Service_Name","readOnlyStyle":"text","validation":null,"placeholder":"","maxLength":200' tabindex='0'></div></div><div data-mendix-id='15_5' class='form-group mx-name-textBox5'><label class='control-label'>Service  attribute  name</label><div data-mendix-id='15_12' data-mendix-type='mxui.widget.TextInput' data-mendix-props='"friendlyId":"MyFirstModule.Service_Attribute_Local_NewEdit.textBox5","insideFormGroup":true,"attributePath":"MyFirstModule.Service_Attribute_Local/Service_Attribute_Name","readOnlyStyle":"text","validation":null,"placeholder":"","maxLength":200' tabindex='0'></div></div><div data-mendix-id='15_6' class='form-group mx-name-textBox8'><label class='control-label'>Service  point</label><div data-mendix-id='15_13' data-mendix-type='mxui.widget.NumberInput' data-mendix-props='"friendlyId":"MyFirstModule.Service_Attribute_Local_NewEdit.textBox8","insideFormGroup":true,"attributePath":"MyFirstModule.Service_Attribute_Local/Service_Point","readOnlyStyle":"text","validation":null,"placeholder":""' tabindex='0'></div></div></m:template><m:template widget-id='15_1' name='footer'><div data-mendix-id='15_8' data-mendix-type='mxui.widget.ActionButton' data-mendix-props='"friendlyId":"MyFirstModule.Service_Attribute_Local_NewEdit.actionButton1","caption":{"$type":"textTemplate","text":"Save","friendlyId":"MyFirstModule.Service_Attribute_Local_NewEdit.actionButton1"},"renderType":"button","action":{"type":"saveChanges","hasParameter":true,"params":{"closePage":true}}' class='mx-name-actionButton1 btn-success' style='margin-top:30px; margin-left:150px' tabindex='0'></div><div data-mendix-id='15_9' data-mendix-type='mxui.widget.ActionButton' data-mendix-props='"friendlyId":"MyFirstModule.Service_Attribute_Local_NewEdit.actionButton2","caption":{"$type":"textTemplate","text":"Cancel","friendlyId":"MyFirstModule.Service_Attribute_Local_NewEdit.actionButton2"},"renderType":"button","action":{"type":"cancelChanges","hasParameter":false,"params":{"closePage":true}}' class='mx-name-actionButton2 formCls btn-default' style='margin-top:30px; margin-left:30px' tabindex='0'></div></m:template></m:templates></m:page>