﻿<?xml version='1.0' encoding='utf-8'?><m:page id='bbdcc199-6bce-4c3a-af7a-a8094b2e3fb3' xmlns='http://www.w3.org/1999/xhtml' title='Edit Service  Attribute  Entries' class='page-form page-form-default' xmlns:m='http://schemas.mendix.com/forms/1.0'><m:layouts><m:layout path='NavigationLayouts/PopupLayout.layout.xml'></m:layout></m:layouts><m:arguments><m:argument parameterName='3eef2867-c100-4096-a8ea-2b35da5f61f1'><div data-mendix-id='24_0' class='mx-layoutgrid mx-layoutgrid-fluid container-fluid mx-name-layoutGrid1'><div class='row'><div class='col-md-12'><div data-mendix-id='24_1' data-mendix-type='mxui.widget.DataView' data-mendix-props='"friendlyId":"MyFirstModule.Service_Attribute_Values_NewEdit.dataView1","entity":"MyFirstModule.Service_Attribute_Entries","schema":"a42ac633-53b2-42fd-8bfa-abe818718f40","hideFooter":true,"datasource":{"friendlyId":"MyFirstModule.Service_Attribute_Values_NewEdit.dataView1","type":"direct","path":"MyFirstModule.Service_Attribute_Entries"}' class='mx-name-dataView1 formCls' tabindex='0'></div></div></div></div></m:argument></m:arguments><m:templates><m:template widget-id='24_1' name='content'><div data-mendix-id='24_3' class='form-group mx-name-textBox10' style='margin-top: 50px; width: 98%;'><label class='control-label'>Service  name</label><div data-mendix-id='24_9' data-mendix-type='mxui.widget.TextInput' data-mendix-props='"friendlyId":"MyFirstModule.Service_Attribute_Values_NewEdit.textBox10","insideFormGroup":true,"attributePath":"MyFirstModule.Service_Attribute_Entries/Service_Name","readOnlyStyle":"text","validation":null,"placeholder":"","maxLength":200' tabindex='0'></div></div><div data-mendix-id='24_4' class='form-group mx-name-textBox5' style='width: 98%;'><label class='control-label'>Service  attribute</label><div data-mendix-id='24_10' data-mendix-type='mxui.widget.TextInput' data-mendix-props='"friendlyId":"MyFirstModule.Service_Attribute_Values_NewEdit.textBox5","insideFormGroup":true,"attributePath":"MyFirstModule.Service_Attribute_Entries/Service_Attribute","readOnlyStyle":"text","validation":null,"placeholder":"","maxLength":200' tabindex='0'></div></div><div data-mendix-id='24_5' class='form-group mx-name-textBox8' style='width: 98%;'><label class='control-label'>Value  name</label><div data-mendix-id='24_11' data-mendix-type='mxui.widget.TextInput' data-mendix-props='"friendlyId":"MyFirstModule.Service_Attribute_Values_NewEdit.textBox8","insideFormGroup":true,"attributePath":"MyFirstModule.Service_Attribute_Entries/Value_Name","readOnlyStyle":"text","validation":null,"placeholder":"","maxLength":200' tabindex='0'></div></div><div data-mendix-id='24_6' class='form-group mx-name-textBox7' style='width: 98%;'><label class='control-label'>Value  point</label><div data-mendix-id='24_12' data-mendix-type='mxui.widget.NumberInput' data-mendix-props='"friendlyId":"MyFirstModule.Service_Attribute_Values_NewEdit.textBox7","insideFormGroup":true,"attributePath":"MyFirstModule.Service_Attribute_Entries/Value_Point","readOnlyStyle":"text","validation":null,"placeholder":"","precision":2' tabindex='0'></div></div><div data-mendix-id='24_7' data-mendix-type='mxui.widget.ActionButton' data-mendix-props='"friendlyId":"MyFirstModule.Service_Attribute_Values_NewEdit.actionButton1","caption":{"$type":"textTemplate","text":"Save","friendlyId":"MyFirstModule.Service_Attribute_Values_NewEdit.actionButton1"},"renderType":"button","action":{"type":"saveChanges","hasParameter":true,"params":{"closePage":true}}' class='mx-name-actionButton1 btn-success' style='margin-top:30px; margin-left:150px' tabindex='0'></div><div data-mendix-id='24_8' data-mendix-type='mxui.widget.ActionButton' data-mendix-props='"friendlyId":"MyFirstModule.Service_Attribute_Values_NewEdit.actionButton2","caption":{"$type":"textTemplate","text":"Cancel","friendlyId":"MyFirstModule.Service_Attribute_Values_NewEdit.actionButton2"},"renderType":"button","action":{"type":"cancelChanges","hasParameter":false,"params":{"closePage":true}}' class='mx-name-actionButton2 btn-default' style='margin-top:30px; margin-left:30px' tabindex='0'></div></m:template></m:templates></m:page>