﻿<?xml version='1.0' encoding='utf-8'?><m:page id='af66594a-45e5-42bb-89fb-4fb564d49132' xmlns='http://www.w3.org/1999/xhtml' title='Edit Service  Attribute' class='page-form page-form-default' xmlns:m='http://schemas.mendix.com/forms/1.0'><m:layouts><m:layout path='NavigationLayouts/PopupLayout.layout.xml'></m:layout></m:layouts><m:arguments><m:argument parameterName='3eef2867-c100-4096-a8ea-2b35da5f61f1'><div data-mendix-id='16_0' class='mx-layoutgrid mx-layoutgrid-fluid container-fluid mx-name-layoutGrid1'><div class='row'><div class='col-md-12'><div data-mendix-id='16_1' data-mendix-type='mxui.widget.DataView' data-mendix-props='"friendlyId":"MyFirstModule.Service_Attribute_NewEdit.dataView1","entity":"MyFirstModule.Service_Attribute","schema":"2b5d27fa-c2de-4482-b54b-0d936375f6fa","hideFooter":true,"datasource":{"friendlyId":"MyFirstModule.Service_Attribute_NewEdit.dataView1","type":"direct","path":"MyFirstModule.Service_Attribute"}' class='mx-name-dataView1 formCls' tabindex='0'></div></div></div></div></m:argument></m:arguments><m:templates><m:template widget-id='16_1' name='content'><div data-mendix-id='16_3' class='form-group mx-name-textBox2'><label class='control-label'>Service id</label><div data-mendix-id='16_11' data-mendix-type='mxui.widget.NumberInput' data-mendix-props='"friendlyId":"MyFirstModule.Service_Attribute_NewEdit.textBox2","readOnly":true,"insideFormGroup":true,"attributePath":"MyFirstModule.Service_Attribute/Service_id","readOnlyStyle":"control","validation":null,"placeholder":""' tabindex='0'></div></div><div data-mendix-id='16_4' class='form-group mx-name-textBox3'><label class='control-label'>Service  name</label><div data-mendix-id='16_12' data-mendix-type='mxui.widget.TextInput' data-mendix-props='"friendlyId":"MyFirstModule.Service_Attribute_NewEdit.textBox3","insideFormGroup":true,"attributePath":"MyFirstModule.Service_Attribute/Service_Name","readOnlyStyle":"control","validation":null,"placeholder":"","maxLength":200' tabindex='0'></div></div><div data-mendix-id='16_5' class='form-group mx-name-textBox1'><label class='control-label'>Service  attribute  name</label><div data-mendix-id='16_13' data-mendix-type='mxui.widget.TextInput' data-mendix-props='"friendlyId":"MyFirstModule.Service_Attribute_NewEdit.textBox1","insideFormGroup":true,"attributePath":"MyFirstModule.Service_Attribute/Service_Attribute_Name","readOnlyStyle":"control","validation":null,"placeholder":"","maxLength":200' tabindex='0'></div></div><div data-mendix-id='16_6' class='form-group mx-name-textBox4'><label class='control-label'>Service  point</label><div data-mendix-id='16_14' data-mendix-type='mxui.widget.NumberInput' data-mendix-props='"friendlyId":"MyFirstModule.Service_Attribute_NewEdit.textBox4","insideFormGroup":true,"attributePath":"MyFirstModule.Service_Attribute/Service_Point","readOnlyStyle":"control","validation":null,"placeholder":""' tabindex='0'></div></div><div class='mx-name-container1'><div data-mendix-id='16_9' data-mendix-type='mxui.widget.ActionButton' data-mendix-props='"friendlyId":"MyFirstModule.Service_Attribute_NewEdit.actionButton1","caption":{"$type":"textTemplate","text":"Save","friendlyId":"MyFirstModule.Service_Attribute_NewEdit.actionButton1"},"renderType":"button","action":{"type":"saveChanges","hasParameter":true,"params":{"closePage":true}}' class='mx-name-actionButton1 btn-success' style='margin-top:30px; margin-left:150px' tabindex='0'></div><div data-mendix-id='16_10' data-mendix-type='mxui.widget.ActionButton' data-mendix-props='"friendlyId":"MyFirstModule.Service_Attribute_NewEdit.actionButton2","caption":{"$type":"textTemplate","text":"Cancel","friendlyId":"MyFirstModule.Service_Attribute_NewEdit.actionButton2"},"renderType":"button","action":{"type":"cancelChanges","hasParameter":false,"params":{"closePage":true}}' class='mx-name-actionButton2 btn-default' style='margin-top:30px; margin-left:30px' tabindex='0'></div></div></m:template></m:templates></m:page>