﻿<?xml version='1.0' encoding='utf-8'?><m:page id='79e84410-3e2a-4aad-a082-fec7a9632738' xmlns='http://www.w3.org/1999/xhtml' title='Page Title' class='layout-sidebar-responsive' xmlns:m='http://schemas.mendix.com/forms/1.0'><m:layouts><m:layout path='NavigationLayouts/Sidebar_Full_Responsive.layout.xml'></m:layout></m:layouts><m:arguments><m:argument parameterName='90307765-bc1b-483c-818f-821454fe380b'><div data-mendix-id='34_0' class='mx-layoutgrid mx-layoutgrid-fluid mx-name-layoutGrid1'><div class='row'><div class='col-md-12'><div data-mendix-id='34_6' data-mendix-type='mxui.widget.TemplateGrid' data-mendix-props='"friendlyId":"MyFirstModule.Service_Attribute.templateGrid1","entity":"MyFirstModule.Service_Attribute","schema":"56b1a114-baf9-4327-bdc5-5562fb39ca19","config":{"locale":"en_US","gridType":"Standalone","gridpresentation":{"rows":4,"columns":4,"controlbar":true,"pagingbar":true,"searchbar":true,"waitforsearch":false,"selectionmode":"multi","editable":false,"sortable":true,"refresh":0,"selectfirst":false},"datasource":{"friendlyId":"MyFirstModule.Service_Attribute.templateGrid1","type":"database","path":"MyFirstModule.Service_Attribute","xpathConstraints":"","offlineConstraints":[]},"searchOptions":{"searchBar":true,"toggleable":true,"toggledByDefault":true},"searchElements":[{"searchInputName":"searchField2","defaults":null,"defaultsParser":"Simple","caption":"Service  name","path":"Service_Name","operator":"contains"},{"searchInputName":"searchField4","defaults":null,"defaultsParser":"Simple","caption":"Service  attribute  name","path":"Service_Attribute_Name","operator":"contains"}],"controlBar":{"gridTools":[{"mxid":"34_1","friendlyId":"MyFirstModule.Service_Attribute.searchButton1","name":"searchButton1","caption":{"$type":"textTemplate","text":"Search","friendlyId":"MyFirstModule.Service_Attribute.searchButton1"},"title":"","cssClass":"btn-default","cssStyle":"margin-top: 30px; margin-left: 0px;"},{"mxid":"34_2","friendlyId":"MyFirstModule.Service_Attribute.editButton1","name":"editButton1","caption":{"$type":"textTemplate","text":"Edit","friendlyId":"MyFirstModule.Service_Attribute.editButton1"},"title":"","cssClass":"btn-default","cssStyle":"margin-top: 30px;","visibleForRoles":["Administrator","User"]},{"mxid":"34_3","friendlyId":"MyFirstModule.Service_Attribute.deleteButton1","name":"deleteButton1","caption":{"$type":"textTemplate","text":"Delete","friendlyId":"MyFirstModule.Service_Attribute.deleteButton1"},"title":"","cssClass":"btn-default","cssStyle":"margin-top: 30px;"},{"mxid":"34_4","friendlyId":"MyFirstModule.Service_Attribute.newButton1","name":"newButton1","caption":{"$type":"textTemplate","text":"New","friendlyId":"MyFirstModule.Service_Attribute.newButton1"},"title":"","cssClass":"btn-default","cssStyle":"margin-top: 30px;","visibleForRoles":["Administrator","User"]},{"mxid":"34_5","friendlyId":"MyFirstModule.Service_Attribute.selectAllButton1","name":"selectAllButton1","caption":{"$type":"textTemplate","text":"Select all","friendlyId":"MyFirstModule.Service_Attribute.selectAllButton1"},"title":"","cssClass":"btn-default","cssStyle":"margin-top: 30px;"}],"gridActions":[{"keyValue":"34_1","gridFunction":"ToggleSearch"},{"keyValue":"34_2","gridFunction":"EditSelection","params":{"MyFirstModule.Service_Attribute":{"pageSettings":{"path":"MyFirstModule/Service_Attribute_NewEdit.page.xml","location":"modal","resizable":true,"allowedRoles":["Administrator","User"]}}}},{"keyValue":"34_3","gridFunction":"DeleteSelection"},{"keyValue":"34_4","gridFunction":"InsertNew","params":{"MyFirstModule.Service_Attribute":{"pageSettings":{"path":"MyFirstModule/Service_Attribute_NewEdit.page.xml","title":"Add Service  Attribute","location":"modal","resizable":true,"allowedRoles":["Administrator","User"]}}}},{"keyValue":"34_5","gridFunction":"SelectPage"}]},"defaultButton":{"clickType":"double","mxid":"34_2"},"plugins":{}}' class='mx-templategrid mx-name-templateGrid1' tabindex='0'></div></div></div></div></m:argument></m:arguments><m:templates><m:template widget-id='34_6' name='content'><div data-mendix-id='34_7' data-mendix-type='mxui.widget.DataView' data-mendix-props='"friendlyId":"MyFirstModule.Service_Attribute.templateGrid1","entity":"MyFirstModule.Service_Attribute","schema":"dc68dac3-b3b7-4866-bf66-fab751d9ebf4","readOnly":true,"datasource":{"friendlyId":"MyFirstModule.Service_Attribute.templateGrid1","type":"direct","path":"MyFirstModule.Service_Attribute"}' tabindex='0'></div></m:template><m:template widget-id='34_7' name='content'><div data-mendix-id='34_9' class='form-group mx-name-textBox3'><label class='control-label'>Service  name</label><div data-mendix-id='34_13' data-mendix-type='mxui.widget.TextInput' data-mendix-props='"friendlyId":"MyFirstModule.Service_Attribute.textBox3","insideFormGroup":true,"attributePath":"MyFirstModule.Service_Attribute/Service_Name","readOnlyStyle":"text","validation":null,"placeholder":"","maxLength":200' tabindex='0'></div></div><div data-mendix-id='34_10' class='form-group mx-name-textBox1'><label class='control-label'>Service  attribute  name</label><div data-mendix-id='34_14' data-mendix-type='mxui.widget.TextInput' data-mendix-props='"friendlyId":"MyFirstModule.Service_Attribute.textBox1","insideFormGroup":true,"attributePath":"MyFirstModule.Service_Attribute/Service_Attribute_Name","readOnlyStyle":"text","validation":null,"placeholder":"","maxLength":200' tabindex='0'></div></div><div data-mendix-id='34_11' class='form-group mx-name-textBox4'><label class='control-label'>Service  point</label><div data-mendix-id='34_15' data-mendix-type='mxui.widget.NumberInput' data-mendix-props='"friendlyId":"MyFirstModule.Service_Attribute.textBox4","insideFormGroup":true,"attributePath":"MyFirstModule.Service_Attribute/Service_Point","readOnlyStyle":"text","validation":null,"placeholder":""' tabindex='0'></div></div><div data-mendix-id='34_12' data-mendix-type='mxui.widget.ActionButton' data-mendix-props='"friendlyId":"MyFirstModule.Service_Attribute.actionButton1","caption":{"$type":"textTemplate","text":"ADD","friendlyId":"MyFirstModule.Service_Attribute.actionButton1"},"renderType":"button","action":{"type":"callMicroflow","hasParameter":true,"params":{"name":"MyFirstModule.Pass_ID_for_Sevice_Attribute_Entry","validate":"view","applyTo":"selection","allowedRoles":["Administrator","User"]}}' data-mendix-roles='Administrator,User' class='mx-name-actionButton1 btn-default' style='margin-bottom: 30px; margin-left: 40px;' tabindex='0'></div></m:template></m:templates></m:page>