﻿<?xml version='1.0' encoding='utf-8'?><m:page id='617b0e57-ba2e-4949-912c-da71c6c80614' xmlns='http://www.w3.org/1999/xhtml' title='Page Title' class='layout-sidebar-responsive' xmlns:m='http://schemas.mendix.com/forms/1.0'><m:layouts><m:layout path='NavigationLayouts/Sidebar_Full_Responsive.layout.xml'></m:layout></m:layouts><m:arguments><m:argument parameterName='90307765-bc1b-483c-818f-821454fe380b'><div data-mendix-id='37_0' class='mx-layoutgrid mx-layoutgrid-fluid mx-name-layoutGrid1'><div class='row'><div class='col-md-12'><table class='mx-table mx-name-table1 tableHeaderCls'><colgroup><col style='width:10%'></col><col style='width:22%'></col><col style='width:22%'></col><col style='width:20%'></col><col style='width:11%'></col><col style='width:15%'></col></colgroup><tbody><tr><th style='Service Id'><div data-mendix-id='37_1' data-mendix-type='mxui.widget.ReactWidgetWrapper' data-mendix-props='"widgetTree":{"widget":"com.mendix.widget.core.Text","widgetId":"37_1","props":{"name":"text1","class":"mx-name-text1","style":{},"caption":{"$type":"textTemplate","text":"Value Id","friendlyId":"MyFirstModule.Service_Attribute_Value_2.text1"},"renderMode":"span"},"children":[]}'></div></th><td><div data-mendix-id='37_2' data-mendix-type='mxui.widget.ReactWidgetWrapper' data-mendix-props='"widgetTree":{"widget":"com.mendix.widget.core.Text","widgetId":"37_2","props":{"name":"text2","class":"mx-name-text2","style":{},"caption":{"$type":"textTemplate","text":"Service Name","friendlyId":"MyFirstModule.Service_Attribute_Value_2.text2"},"renderMode":"span"},"children":[]}'></div></td><td><div data-mendix-id='37_3' data-mendix-type='mxui.widget.ReactWidgetWrapper' data-mendix-props='"widgetTree":{"widget":"com.mendix.widget.core.Text","widgetId":"37_3","props":{"name":"text3","class":"mx-name-text3","style":{},"caption":{"$type":"textTemplate","text":"Service Attribute","friendlyId":"MyFirstModule.Service_Attribute_Value_2.text3"},"renderMode":"span"},"children":[]}'></div></td><td><div data-mendix-id='37_4' data-mendix-type='mxui.widget.ReactWidgetWrapper' data-mendix-props='"widgetTree":{"widget":"com.mendix.widget.core.Text","widgetId":"37_4","props":{"name":"text4","class":"mx-name-text4","style":{},"caption":{"$type":"textTemplate","text":"Value Name","friendlyId":"MyFirstModule.Service_Attribute_Value_2.text4"},"renderMode":"span"},"children":[]}'></div></td><td><div data-mendix-id='37_5' data-mendix-type='mxui.widget.ReactWidgetWrapper' data-mendix-props='"widgetTree":{"widget":"com.mendix.widget.core.Text","widgetId":"37_5","props":{"name":"text5","class":"mx-name-text5","style":{},"caption":{"$type":"textTemplate","text":"Value Point","friendlyId":"MyFirstModule.Service_Attribute_Value_2.text5"},"renderMode":"span"},"children":[]}'></div></td><td></td></tr></tbody></table><div data-mendix-id='37_6' data-mendix-type='mxui.widget.TemplateGrid' data-mendix-props='"friendlyId":"MyFirstModule.Service_Attribute_Value_2.templateGrid1","entity":"MyFirstModule.Service_Attribute_Entries","schema":"f31c835c-4e08-47c4-979c-0fed5f7e1322","config":{"locale":"en_US","gridType":"Standalone","gridpresentation":{"rows":215,"columns":1,"controlbar":false,"pagingbar":false,"searchbar":true,"waitforsearch":false,"selectionmode":"none","editable":false,"sortable":true,"refresh":0,"selectfirst":false},"datasource":{"friendlyId":"MyFirstModule.Service_Attribute_Value_2.templateGrid1","type":"database","path":"MyFirstModule.Service_Attribute_Entries","xpathConstraints":"","offlineConstraints":[]},"searchOptions":{"searchBar":true,"toggleable":true,"toggledByDefault":true},"searchElements":[],"controlBar":{"gridTools":[],"gridActions":[]},"plugins":{}}' class='mx-templategrid mx-name-templateGrid1' tabindex='0'></div></div></div></div></m:argument></m:arguments><m:templates><m:template widget-id='37_6' name='content'><div data-mendix-id='37_7' data-mendix-type='mxui.widget.DataView' data-mendix-props='"friendlyId":"MyFirstModule.Service_Attribute_Value_2.templateGrid1","entity":"MyFirstModule.Service_Attribute_Entries","schema":"2906a671-7d82-433c-b9e5-12a576635adf","readOnly":true,"datasource":{"friendlyId":"MyFirstModule.Service_Attribute_Value_2.templateGrid1","type":"direct","path":"MyFirstModule.Service_Attribute_Entries"}' tabindex='0'></div></m:template><m:template widget-id='37_7' name='content'><table class='mx-table mx-name-table1' style='border: none !important'><colgroup><col style='width:20%'></col><col style='width:20%'></col><col style='width:20%'></col><col style='width:20%'></col><col style='width:20%'></col></colgroup><tbody><tr><td><div data-mendix-id='37_8_11' data-mendix-type='mxui.widget.ReactWidgetWrapper' data-mendix-props='"widgetTree":{"widget":"com.mendix.widget.core.Text","widgetId":"37_8_11","props":{"name":"text2","class":"mx-name-text2","style":{},"caption":{"$type":"textTemplate","text":"{1}","friendlyId":"MyFirstModule.Snippet_attribute_value.text2","parameters":{"1":"MyFirstModule.Service_Attribute_Entries/Service_Name"}},"renderMode":"span"},"children":[]}'></div></td><td><div data-mendix-id='37_8_13' data-mendix-type='mxui.widget.ReactWidgetWrapper' data-mendix-props='"widgetTree":{"widget":"com.mendix.widget.core.Text","widgetId":"37_8_13","props":{"name":"text3","class":"mx-name-text3","style":{},"caption":{"$type":"textTemplate","text":"{1}","friendlyId":"MyFirstModule.Snippet_attribute_value.text3","parameters":{"1":"MyFirstModule.Service_Attribute_Entries/Service_Attribute"}},"renderMode":"span"},"children":[]}'></div></td><td><div data-mendix-id='37_8_15' data-mendix-type='mxui.widget.ReactWidgetWrapper' data-mendix-props='"widgetTree":{"widget":"com.mendix.widget.core.Text","widgetId":"37_8_15","props":{"name":"text4","class":"mx-name-text4","style":{},"caption":{"$type":"textTemplate","text":"{1}","friendlyId":"MyFirstModule.Snippet_attribute_value.text4","parameters":{"1":"MyFirstModule.Service_Attribute_Entries/Value_Name"}},"renderMode":"span"},"children":[]}'></div></td><td><div data-mendix-id='37_8_17' data-mendix-type='mxui.widget.ReactWidgetWrapper' data-mendix-props='"widgetTree":{"widget":"com.mendix.widget.core.Text","widgetId":"37_8_17","props":{"name":"text5","class":"mx-name-text5","style":{},"caption":{"$type":"textTemplate","text":"{1}","friendlyId":"MyFirstModule.Snippet_attribute_value.text5","parameters":{"1":"MyFirstModule.Service_Attribute_Entries/Value_Point"}},"renderMode":"span"},"children":[]}'></div></td><td><div class='mx-name-container1'><div data-mendix-id='37_8_21' data-mendix-type='mxui.widget.ActionButton' data-mendix-props='"friendlyId":"MyFirstModule.Snippet_attribute_value.actionButton1","caption":{"$type":"textTemplate","text":"","friendlyId":"MyFirstModule.Snippet_attribute_value.actionButton1"},"iconUrl":"img/MyFirstModule$edit_on.png?636468842603385563","title":"Edit Service Attribute Value","renderType":"link","action":{"type":"openPage","hasParameter":true,"params":{"path":"MyFirstModule/Service_Attribute_Values_NewEdit.page.xml","title":"Edit Service Attributes Value","location":"modal","resizable":true,"allowedRoles":["Administrator","User"]}}' data-mendix-roles='Administrator,User' class='mx-name-actionButton1 imgCls-small' style='margin-left:20px;' tabindex='0'></div><div data-mendix-id='37_8_22' data-mendix-type='mxui.widget.ActionButton' data-mendix-props='"friendlyId":"MyFirstModule.Snippet_attribute_value.actionButton2","caption":{"$type":"textTemplate","text":"","friendlyId":"MyFirstModule.Snippet_attribute_value.actionButton2"},"iconUrl":"img/MyFirstModule$delete_on.png?636468842603385563","title":"Delete Service Attribute value","renderType":"link","action":{"type":"callMicroflow","hasParameter":true,"params":{"name":"MyFirstModule.Microflow_delete_value","validate":"view","confirmation":{"question":"Are you sure you want to delete this?","proceed":"Delete","cancel":"Cancel"},"applyTo":"selection","allowedRoles":["Administrator","User"]}}' data-mendix-roles='Administrator,User' class='mx-name-actionButton2 imgCls-small' style='margin-left:20px;' tabindex='0'></div></div></td></tr></tbody></table></m:template></m:templates></m:page>