﻿<?xml version='1.0' encoding='utf-8'?><m:page id='add9574c-df97-4c17-b1a4-6d5d063145bb' xmlns='http://www.w3.org/1999/xhtml' title='Edit Tech  Stack' class='page-form page-form-default' xmlns:m='http://schemas.mendix.com/forms/1.0'><m:layouts><m:layout path='NavigationLayouts/PopupLayout.layout.xml'></m:layout></m:layouts><m:arguments><m:argument parameterName='3eef2867-c100-4096-a8ea-2b35da5f61f1'><div data-mendix-id='17_0' class='mx-layoutgrid mx-layoutgrid-fluid container-fluid mx-name-layoutGrid1'><div class='row'><div class='col-md-12'><div data-mendix-id='17_1' data-mendix-type='mxui.widget.DataView' data-mendix-props='"friendlyId":"MyFirstModule.Tech_Stack_NewEdit.dataView1","entity":"MyFirstModule.Tech_Stack","schema":"3b552ede-85b1-4846-a78f-f17ebac1fb7d","hideFooter":true,"datasource":{"friendlyId":"MyFirstModule.Tech_Stack_NewEdit.dataView1","type":"direct","path":"MyFirstModule.Tech_Stack"}' class='mx-name-dataView1 formCls' tabindex='0'></div></div></div></div></m:argument></m:arguments><m:templates><m:template widget-id='17_1' name='content'><div data-mendix-id='17_3' class='form-group mx-name-textBox19' style='margin-top: 20px;'><label class='control-label'>UC</label><div data-mendix-id='17_16' data-mendix-type='mxui.widget.NumberInput' data-mendix-props='"friendlyId":"MyFirstModule.Tech_Stack_NewEdit.textBox19","readOnly":true,"insideFormGroup":true,"attributePath":"MyFirstModule.Tech_Stack/UC","readOnlyStyle":"text","validation":null,"placeholder":""' tabindex='0'></div></div><div data-mendix-id='17_4' class='form-group mx-name-textBox6'><label class='control-label'>Use case</label><div data-mendix-id='17_17' data-mendix-type='mxui.widget.TextInput' data-mendix-props='"friendlyId":"MyFirstModule.Tech_Stack_NewEdit.textBox6","insideFormGroup":true,"attributePath":"MyFirstModule.Tech_Stack/UseCase","readOnlyStyle":"text","validation":null,"placeholder":"","maxLength":200' tabindex='0'></div></div><div data-mendix-id='17_5' class='form-group mx-name-referenceSelector1 formClsdropdown'><label class='control-label'>Platform</label><div data-mendix-id='17_18' data-mendix-type='mxui.widget.ReferenceSelector' data-mendix-props='"friendlyId":"MyFirstModule.Tech_Stack_NewEdit.referenceSelector1","insideFormGroup":true,"attributePath":"MyFirstModule.Tech_Stack/MyFirstModule.Tech_Stack_SAV_platform/MyFirstModule.Tech_Stack_SAV/Value_Name","readOnlyStyle":"text","attributePath":"MyFirstModule.Tech_Stack/MyFirstModule.Tech_Stack_SAV_platform/MyFirstModule.Tech_Stack_SAV/Value_Name","datasource":{"friendlyId":"MyFirstModule.Tech_Stack_NewEdit.referenceSelector1","type":"xpath","path":"MyFirstModule.Tech_Stack_SAV","constraint":"[Service_Name=&apos;Tech Stack&apos;][Service_Attribute=&apos;Platform&apos;]","constrainedBy":["MyFirstModule.Tech_Stack/MyFirstModule.Tech_Stack_Template/MyFirstModule.Template/MyFirstModule.Tech_Stack_SAV_Template/MyFirstModule.Tech_Stack_SAV"],"sort":[["Value_Name","asc"]]},"validation":null,"emptyOptionCaption":""' tabindex='0'></div></div><div data-mendix-id='17_6' class='form-group mx-name-referenceSelector2 formClsdropdown'><label class='control-label'>Language</label><div data-mendix-id='17_19' data-mendix-type='mxui.widget.ReferenceSelector' data-mendix-props='"friendlyId":"MyFirstModule.Tech_Stack_NewEdit.referenceSelector2","insideFormGroup":true,"attributePath":"MyFirstModule.Tech_Stack/MyFirstModule.Tech_Stack_SAV_Lang/MyFirstModule.Tech_Stack_SAV/Value_Name","readOnlyStyle":"text","attributePath":"MyFirstModule.Tech_Stack/MyFirstModule.Tech_Stack_SAV_Lang/MyFirstModule.Tech_Stack_SAV/Value_Name","datasource":{"friendlyId":"MyFirstModule.Tech_Stack_NewEdit.referenceSelector2","type":"xpath","path":"MyFirstModule.Tech_Stack_SAV","constraint":"[Service_Name=&apos;Tech Stack&apos;][Service_Attribute=&apos;Language&apos;]","constrainedBy":["MyFirstModule.Tech_Stack/MyFirstModule.Tech_Stack_Template/MyFirstModule.Template/MyFirstModule.Tech_Stack_SAV_Template/MyFirstModule.Tech_Stack_SAV"],"sort":[["Value_Name","asc"]]},"validation":null,"emptyOptionCaption":""' tabindex='0'></div></div><div data-mendix-id='17_7' class='form-group mx-name-referenceSelector3 formClsdropdown'><label class='control-label'>Runtime</label><div data-mendix-id='17_20' data-mendix-type='mxui.widget.ReferenceSelector' data-mendix-props='"friendlyId":"MyFirstModule.Tech_Stack_NewEdit.referenceSelector3","insideFormGroup":true,"attributePath":"MyFirstModule.Tech_Stack/MyFirstModule.Tech_Stack_SAV_runtime/MyFirstModule.Tech_Stack_SAV/Value_Name","readOnlyStyle":"text","attributePath":"MyFirstModule.Tech_Stack/MyFirstModule.Tech_Stack_SAV_runtime/MyFirstModule.Tech_Stack_SAV/Value_Name","datasource":{"friendlyId":"MyFirstModule.Tech_Stack_NewEdit.referenceSelector3","type":"xpath","path":"MyFirstModule.Tech_Stack_SAV","constraint":"[Service_Name=&apos;Tech Stack&apos;][Service_Attribute=&apos;Runtime&apos;]","constrainedBy":["MyFirstModule.Tech_Stack/MyFirstModule.Tech_Stack_Template/MyFirstModule.Template/MyFirstModule.Tech_Stack_SAV_Template/MyFirstModule.Tech_Stack_SAV"],"sort":[["Value_Name","asc"]]},"validation":null,"emptyOptionCaption":""' tabindex='0'></div></div><div data-mendix-id='17_8' class='form-group mx-name-referenceSelector4 formClsdropdown'><label class='control-label'>RuntimeType</label><div data-mendix-id='17_21' data-mendix-type='mxui.widget.ReferenceSelector' data-mendix-props='"friendlyId":"MyFirstModule.Tech_Stack_NewEdit.referenceSelector4","insideFormGroup":true,"attributePath":"MyFirstModule.Tech_Stack/MyFirstModule.Tech_Stack_SAV_runtype/MyFirstModule.Tech_Stack_SAV/Value_Name","readOnlyStyle":"text","attributePath":"MyFirstModule.Tech_Stack/MyFirstModule.Tech_Stack_SAV_runtype/MyFirstModule.Tech_Stack_SAV/Value_Name","datasource":{"friendlyId":"MyFirstModule.Tech_Stack_NewEdit.referenceSelector4","type":"xpath","path":"MyFirstModule.Tech_Stack_SAV","constraint":"[Service_Name=&apos;Tech Stack&apos;][Service_Attribute=&apos;RuntimeType&apos;]","constrainedBy":["MyFirstModule.Tech_Stack/MyFirstModule.Tech_Stack_Template/MyFirstModule.Template/MyFirstModule.Tech_Stack_SAV_Template/MyFirstModule.Tech_Stack_SAV"],"sort":[["Value_Name","asc"]]},"validation":null,"emptyOptionCaption":""' tabindex='0'></div></div><div data-mendix-id='17_9' class='form-group mx-name-referenceSelector5 formClsdropdown'><label class='control-label'>Database</label><div data-mendix-id='17_22' data-mendix-type='mxui.widget.ReferenceSelector' data-mendix-props='"friendlyId":"MyFirstModule.Tech_Stack_NewEdit.referenceSelector5","insideFormGroup":true,"attributePath":"MyFirstModule.Tech_Stack/MyFirstModule.Tech_Stack_SAV_database/MyFirstModule.Tech_Stack_SAV/Value_Name","readOnlyStyle":"text","attributePath":"MyFirstModule.Tech_Stack/MyFirstModule.Tech_Stack_SAV_database/MyFirstModule.Tech_Stack_SAV/Value_Name","datasource":{"friendlyId":"MyFirstModule.Tech_Stack_NewEdit.referenceSelector5","type":"xpath","path":"MyFirstModule.Tech_Stack_SAV","constraint":"[Service_Name=&apos;Tech Stack&apos;][Service_Attribute=&apos;Database&apos;]","constrainedBy":["MyFirstModule.Tech_Stack/MyFirstModule.Tech_Stack_Template/MyFirstModule.Template/MyFirstModule.Tech_Stack_SAV_Template/MyFirstModule.Tech_Stack_SAV"],"sort":[["Value_Name","asc"]]},"validation":null,"emptyOptionCaption":""' tabindex='0'></div></div><div data-mendix-id='17_10' class='form-group mx-name-referenceSelector6 formClsdropdown'><label class='control-label'>MessageQueue</label><div data-mendix-id='17_23' data-mendix-type='mxui.widget.ReferenceSelector' data-mendix-props='"friendlyId":"MyFirstModule.Tech_Stack_NewEdit.referenceSelector6","insideFormGroup":true,"attributePath":"MyFirstModule.Tech_Stack/MyFirstModule.Tech_Stack_Tech_Stack_SAV_message/MyFirstModule.Tech_Stack_SAV/Value_Name","readOnlyStyle":"text","attributePath":"MyFirstModule.Tech_Stack/MyFirstModule.Tech_Stack_Tech_Stack_SAV_message/MyFirstModule.Tech_Stack_SAV/Value_Name","datasource":{"friendlyId":"MyFirstModule.Tech_Stack_NewEdit.referenceSelector6","type":"xpath","path":"MyFirstModule.Tech_Stack_SAV","constraint":"[Service_Name=&apos;Tech Stack&apos;][Service_Attribute=&apos;MessageQueue&apos;]","constrainedBy":["MyFirstModule.Tech_Stack/MyFirstModule.Tech_Stack_Template/MyFirstModule.Template/MyFirstModule.Tech_Stack_SAV_Template/MyFirstModule.Tech_Stack_SAV"],"sort":[["Value_Name","asc"]]},"validation":null,"emptyOptionCaption":""' tabindex='0'></div></div><div data-mendix-id='17_11' class='form-group mx-name-referenceSelector7 formClsdropdown'><label class='control-label'>CI</label><div data-mendix-id='17_24' data-mendix-type='mxui.widget.ReferenceSelector' data-mendix-props='"friendlyId":"MyFirstModule.Tech_Stack_NewEdit.referenceSelector7","insideFormGroup":true,"attributePath":"MyFirstModule.Tech_Stack/MyFirstModule.Tech_Stack_SAV_CI/MyFirstModule.Tech_Stack_SAV/Value_Name","readOnlyStyle":"text","attributePath":"MyFirstModule.Tech_Stack/MyFirstModule.Tech_Stack_SAV_CI/MyFirstModule.Tech_Stack_SAV/Value_Name","datasource":{"friendlyId":"MyFirstModule.Tech_Stack_NewEdit.referenceSelector7","type":"xpath","path":"MyFirstModule.Tech_Stack_SAV","constraint":"[Service_Name=&apos;Tech Stack&apos;][Service_Attribute=&apos;CI&apos;]","constrainedBy":["MyFirstModule.Tech_Stack/MyFirstModule.Tech_Stack_Template/MyFirstModule.Template/MyFirstModule.Tech_Stack_SAV_Template/MyFirstModule.Tech_Stack_SAV"],"sort":[["Value_Name","asc"]]},"validation":null,"emptyOptionCaption":""' tabindex='0'></div></div><div data-mendix-id='17_12' class='form-group mx-name-referenceSelector8 formClsdropdown'><label class='control-label'>CD</label><div data-mendix-id='17_25' data-mendix-type='mxui.widget.ReferenceSelector' data-mendix-props='"friendlyId":"MyFirstModule.Tech_Stack_NewEdit.referenceSelector8","insideFormGroup":true,"attributePath":"MyFirstModule.Tech_Stack/MyFirstModule.Tech_Stack_SAV_CD/MyFirstModule.Tech_Stack_SAV/Value_Name","readOnlyStyle":"text","attributePath":"MyFirstModule.Tech_Stack/MyFirstModule.Tech_Stack_SAV_CD/MyFirstModule.Tech_Stack_SAV/Value_Name","datasource":{"friendlyId":"MyFirstModule.Tech_Stack_NewEdit.referenceSelector8","type":"xpath","path":"MyFirstModule.Tech_Stack_SAV","constraint":"[Service_Name=&apos;Tech Stack&apos;][Service_Attribute=&apos;CD&apos;]","constrainedBy":["MyFirstModule.Tech_Stack/MyFirstModule.Tech_Stack_Template/MyFirstModule.Template/MyFirstModule.Tech_Stack_SAV_Template/MyFirstModule.Tech_Stack_SAV"],"sort":[["Value_Name","asc"]]},"validation":null,"emptyOptionCaption":""' tabindex='0'></div></div><div data-mendix-id='17_13' class='form-group mx-name-referenceSelector9 formClsdropdown'><label class='control-label'>Framework</label><div data-mendix-id='17_26' data-mendix-type='mxui.widget.ReferenceSelector' data-mendix-props='"friendlyId":"MyFirstModule.Tech_Stack_NewEdit.referenceSelector9","insideFormGroup":true,"attributePath":"MyFirstModule.Tech_Stack/MyFirstModule.Tech_Stack_SAV_framework/MyFirstModule.Tech_Stack_SAV/Value_Name","readOnlyStyle":"text","attributePath":"MyFirstModule.Tech_Stack/MyFirstModule.Tech_Stack_SAV_framework/MyFirstModule.Tech_Stack_SAV/Value_Name","datasource":{"friendlyId":"MyFirstModule.Tech_Stack_NewEdit.referenceSelector9","type":"xpath","path":"MyFirstModule.Tech_Stack_SAV","constraint":"[Service_Name=&apos;Tech Stack&apos;][Service_Attribute=&apos;Framework&apos;]","constrainedBy":["MyFirstModule.Tech_Stack/MyFirstModule.Tech_Stack_Template/MyFirstModule.Template/MyFirstModule.Tech_Stack_SAV_Template/MyFirstModule.Tech_Stack_SAV"],"sort":[["Value_Name","asc"]]},"validation":null,"emptyOptionCaption":""' tabindex='0'></div></div><div data-mendix-id='17_14' data-mendix-type='mxui.widget.ActionButton' data-mendix-props='"friendlyId":"MyFirstModule.Tech_Stack_NewEdit.actionButton1","caption":{"$type":"textTemplate","text":"Save","friendlyId":"MyFirstModule.Tech_Stack_NewEdit.actionButton1"},"renderType":"button","action":{"type":"callMicroflow","hasParameter":true,"params":{"name":"MyFirstModule.Microflow_TechStack","validate":"view","applyTo":"selection","allowedRoles":["Administrator","User"]}}' data-mendix-roles='Administrator,User' class='mx-name-actionButton1 btn-success' style='margin-top:30px; margin-left:150px' tabindex='0'></div><div data-mendix-id='17_15' data-mendix-type='mxui.widget.ActionButton' data-mendix-props='"friendlyId":"MyFirstModule.Tech_Stack_NewEdit.actionButton2","caption":{"$type":"textTemplate","text":"Cancel","friendlyId":"MyFirstModule.Tech_Stack_NewEdit.actionButton2"},"renderType":"button","action":{"type":"cancelChanges","hasParameter":false,"params":{"closePage":true}}' class='mx-name-actionButton2 btn-default' style='margin-top:30px; margin-left:30px' tabindex='0'></div></m:template></m:templates></m:page>