﻿<?xml version='1.0' encoding='utf-8'?><m:page id='09022dfd-dfe2-4ad2-99b3-f82c5d24e669' xmlns='http://www.w3.org/1999/xhtml' title='Page Title' class='navlayout-topbar layout-sidebar-responsive' xmlns:m='http://schemas.mendix.com/forms/1.0'><m:layouts><m:layout path='NavigationLayouts/TopBar_Fixed.layout.xml'></m:layout></m:layouts><m:arguments><m:argument parameterName='784e67ae-427c-43b8-9af2-3cdcccd3adf8'><div data-mendix-id='5_0' class='mx-layoutgrid mx-layoutgrid-fluid container-fluid mx-name-layoutGrid1'><div class='row'><div class='col-md-12'><div data-mendix-id='5_5' data-mendix-type='mxui.widget.DataGrid' data-mendix-props='"friendlyId":"MyFirstModule.Tech_Stack.grid14","entity":"MyFirstModule.Tech_Stack","schema":"1a90b4e1-898e-495d-b0d2-b425dfab4814","config":{"locale":"en_US","gridType":"Standalone","gridpresentation":{"rows":20,"columns":1,"controlbar":true,"pagingbar":true,"searchbar":true,"waitforsearch":false,"selectionmode":"single","editable":false,"sortable":true,"refresh":0,"selectfirst":false,"showemptyrows":false},"datasource":{"friendlyId":"MyFirstModule.Tech_Stack.grid14","type":"database","path":"MyFirstModule.Tech_Stack","xpathConstraints":"","offlineConstraints":[]},"searchOptions":{"searchBar":true,"toggleable":true,"toggledByDefault":true},"searchElements":[{"searchInputName":"searchField14","defaults":null,"defaultsParser":"Simple","caption":"UC","path":"UC","operator":"="},{"searchInputName":"searchField1","defaults":null,"defaultsParser":"Simple","caption":"Use case","path":"UseCase","operator":"contains"},{"searchInputName":"searchField2","defaults":null,"defaultsParser":"Simple","caption":"Service name","path":"Service_name","operator":"contains"}],"controlBar":{"gridTools":[{"mxid":"5_1","friendlyId":"MyFirstModule.Tech_Stack.searchButton7","name":"searchButton7","caption":{"$type":"textTemplate","text":"Search","friendlyId":"MyFirstModule.Tech_Stack.searchButton7"},"title":"","cssClass":"btn-default","cssStyle":"margin-top: 30px; margin-left: 20px;"},{"mxid":"5_2","friendlyId":"MyFirstModule.Tech_Stack.newButton1","name":"newButton1","caption":{"$type":"textTemplate","text":"New","friendlyId":"MyFirstModule.Tech_Stack.newButton1"},"title":"","cssClass":"btn-default","cssStyle":"margin-top: 30px;","visibleForRoles":["Administrator","User"]},{"mxid":"5_3","friendlyId":"MyFirstModule.Tech_Stack.editButton1","name":"editButton1","caption":{"$type":"textTemplate","text":"Edit","friendlyId":"MyFirstModule.Tech_Stack.editButton1"},"title":"","cssClass":"btn-default","cssStyle":"margin-top: 30px;","visibleForRoles":["Administrator","User"]},{"mxid":"5_4","friendlyId":"MyFirstModule.Tech_Stack.deleteButton1","name":"deleteButton1","caption":{"$type":"textTemplate","text":"Delete","friendlyId":"MyFirstModule.Tech_Stack.deleteButton1"},"title":"","cssClass":"btn-default","cssStyle":"margin-top: 30px;"}],"gridActions":[{"keyValue":"5_1","gridFunction":"ToggleSearch"},{"keyValue":"5_2","gridFunction":"InsertNew","params":{"MyFirstModule.Tech_Stack":{"pageSettings":{"path":"MyFirstModule/Tech_Stack_NewEdit.page.xml","title":"Add Tech  Stack","location":"modal","resizable":true,"allowedRoles":["Administrator","User"]}}}},{"keyValue":"5_3","gridFunction":"EditSelection","params":{"MyFirstModule.Tech_Stack":{"pageSettings":{"path":"MyFirstModule/Tech_Stack_NewEdit.page.xml","location":"modal","resizable":true,"allowedRoles":["Administrator","User"]}}}},{"keyValue":"5_4","gridFunction":"DeleteSelection"}]},"defaultButton":{"clickType":"double","mxid":"5_3"},"griddata":[{"tag":"UC","name":"column14","editable":false,"render":"String","display":{"width":"7%","string":"UC","cssStyle":"text-align: left;","align":"right","formatted":false}},{"tag":"UseCase","name":"column1","editable":false,"render":"String","display":{"width":"13%","string":"Use case","cssStyle":"text-align: left;"}},{"tag":"Service_name","name":"column2","editable":false,"render":"String","display":{"width":"14%","string":"Service name","cssStyle":"text-align: left;"}},{"tag":"Platform","name":"column3","editable":false,"render":"String","display":{"width":"12%","string":"Platform","cssStyle":"text-align: left;"}},{"tag":"Language","name":"column4","editable":false,"render":"String","display":{"width":"12%","string":"Language","cssStyle":"text-align: left;"}},{"tag":"Database","name":"column7","editable":false,"render":"String","display":{"width":"12%","string":"Database","cssStyle":"text-align: left;"}},{"tag":"Complexity","name":"column12","editable":false,"render":"Decimal","display":{"width":"13%","string":"Complexity","cssStyle":"text-align: left;","align":"right","formatted":false,"precision":2}},{"tag":"Complexity_In_Percentage","name":"column13","editable":false,"render":"Decimal","display":{"width":"17%","string":"Complexity  in  %","cssStyle":"text-align: left;","align":"right","formatted":false,"precision":2}}],"plugins":{}}' class='mx-datagrid mx-name-grid14 datagrid-hover datagrid-striped datagrid-bordered' style=';' tabindex='0'></div></div></div></div></m:argument></m:arguments></m:page>