﻿<?xml version='1.0' encoding='utf-8'?><m:page id='0137f1be-0309-4360-8003-c6c14bba0996' xmlns='http://www.w3.org/1999/xhtml' title='Page Title' class='layout-sidebar-responsive page-products page-products-default' style='background-color:aliceblue;' xmlns:m='http://schemas.mendix.com/forms/1.0'><m:layouts><m:layout path='NavigationLayouts/Sidebar_Full_Responsive.layout.xml'></m:layout></m:layouts><m:arguments><m:argument parameterName='90307765-bc1b-483c-818f-821454fe380b'><div data-mendix-id='45_0' class='mx-layoutgrid mx-layoutgrid-fluid mx-name-layoutGrid2'><div class='row no-gutter'><div class='col-md-12'><div data-mendix-id='45_1' data-mendix-type='mxui.widget.DataView' data-mendix-props='"friendlyId":"MyFirstModule.Template_Archieve_Display.dataView2","entity":"MyFirstModule.SearchEntity","schema":"0ff2d02d-5d5b-498a-a92e-9a6387783104","hideFooter":true,"datasource":{"friendlyId":"MyFirstModule.Template_Archieve_Display.dataView2","type":"microflow","microflow":"MyFirstModule.getSearchEntity","path":"MyFirstModule.SearchEntity","parameters":[]}' class='mx-name-dataView2 form-horizontal' tabindex='0'></div></div></div></div></m:argument></m:arguments><m:templates><m:template widget-id='45_1' name='content'><div class='mx-name-container4 input-group' style='width:40%; box-shadow: 0px 2px 10px 5px rgba(244, 246, 250, 0.2), 0 6px 20px 0px rgba(0, 0, 0, 0.19); vertical-align:middle; border-radius: 5px 5px 5px 5px; margin-left: 10px; margin-top:20px;'><div data-mendix-id='45_5' data-mendix-type='mxui.widget.TextInput' data-mendix-props='"friendlyId":"MyFirstModule.Template_Archieve_Display.textBox1","insideFormGroup":false,"attributePath":"MyFirstModule.SearchEntity/SearchText","readOnlyStyle":"control","validation":null,"events":{"change":{"name":"MyFirstModule.CommitSearchText","validate":"view","applyTo":"selection","allowedRoles":["Administrator","User"]},"focus":{"name":"MyFirstModule.CommitSearchText","validate":"view","applyTo":"selection","allowedRoles":["Administrator","User"]}},"placeholder":"Search by company, template title, description","maxLength":200' class='mx-name-textBox1' style='border:none; background:white; float: left; width:85%; height: 100%; padding-top: 12px;' tabindex='0'></div><div data-mendix-id='45_6' data-mendix-type='mxui.widget.ActionButton' data-mendix-props='"friendlyId":"MyFirstModule.Template_Archieve_Display.actionButton1","caption":{"$type":"textTemplate","text":"","friendlyId":"MyFirstModule.Template_Archieve_Display.actionButton1"},"iconClass":"glyphicon-search","renderType":"button","action":{"type":"callMicroflow","hasParameter":true,"params":{"name":"MyFirstModule.CommitSearchText","validate":"view","applyTo":"selection","allowedRoles":["Administrator","User"]}}' data-mendix-roles='Administrator,User' class='mx-name-actionButton1 btn-default' style='border: none; background: white; height: 100%; padding-top: 12px; width: 15%; padding-left: 20px;' tabindex='0'></div></div><div data-mendix-id='45_7' data-mendix-type='mxui.widget.TemplateGrid' data-mendix-props='"friendlyId":"MyFirstModule.Template_Archieve_Display.templateGrid1","entity":"MyFirstModule.Template","schema":"3ec5ab17-72fd-4abb-a098-ad8a425c89dc","config":{"locale":"en_US","gridType":"Standalone","gridpresentation":{"rows":4,"columns":4,"controlbar":false,"pagingbar":false,"selectionmode":"none","editable":false,"sortable":false,"refresh":0,"selectfirst":false},"datasource":{"friendlyId":"MyFirstModule.Template_Archieve_Display.templateGrid1","type":"microflow","microflow":"MyFirstModule.getArchive_Templates","path":"MyFirstModule.Template","parameters":["MyFirstModule.SearchEntity"]},"controlBar":{"gridTools":[{"mxid":"45_12","friendlyId":"MyFirstModule.Template_Archieve_Display.actionButton3","name":"actionButton3","caption":{"$type":"textTemplate","text":"Action","friendlyId":"MyFirstModule.Template_Archieve_Display.actionButton3"},"title":"","cssClass":"btn-default","cssStyle":"display:none;","visibleForRoles":["Administrator","User","Anonymous"]}],"gridActions":[{"keyValue":"45_12","gridFunction":"InvokeAction","params":{"MyFirstModule.Template":{"action":{"type":"openPage","hasParameter":true,"params":{"path":"MyFirstModule/Overview_Page_2.page.xml","location":"content","allowedRoles":["Administrator","User","Anonymous"]}},"maintainSelection":false}}}]},"defaultButton":{"clickType":"single","mxid":"45_12"},"plugins":{}}' class='mx-templategrid mx-name-templateGrid1 templategrid-transparent template-templateGrid' style='margin-top:25px;' tabindex='0'></div></m:template><m:template widget-id='45_7' name='content'><div data-mendix-id='45_13' data-mendix-type='mxui.widget.DataView' data-mendix-props='"friendlyId":"MyFirstModule.Template_Archieve_Display.templateGrid1","entity":"MyFirstModule.Template","schema":"fdb140ff-8836-4720-b157-463e85a52249","readOnly":true,"datasource":{"friendlyId":"MyFirstModule.Template_Archieve_Display.templateGrid1","type":"direct","path":"MyFirstModule.Template"}' tabindex='0'></div></m:template><m:template widget-id='45_13' name='content'><div class='mx-name-container1' style='border: solid 1px; border-color:white; border-radius:10px; background-color:white; width:250px;'><div data-mendix-id='45_15' class='mx-layoutgrid mx-layoutgrid-fluid mx-name-layoutGrid1'><div class='row' style='text-align: center;'><div class='col-md-12' style='margin-left:10px; Background color:white; height:345px;'><div class='mx-name-container3' style='margin-top:15px;width: 30%;margin-bottom:10px;margin-right:25px;float:right;'><div data-mendix-id='45_21' data-mendix-type='mxui.widget.ActionButton' data-mendix-props='"friendlyId":"MyFirstModule.Template_Archieve_Display.actionButton2","caption":{"$type":"textTemplate","text":"","friendlyId":"MyFirstModule.Template_Archieve_Display.actionButton2"},"iconUrl":"img/MyFirstModule$hide_on.png?636468842603385563","title":"Restore Client Template","renderType":"link","action":{"type":"callMicroflow","hasParameter":true,"params":{"name":"MyFirstModule.Restore_template","validate":"view","confirmation":{"question":"Are you sure yu want to restore this?","proceed":"Restore","cancel":"Cancel"},"applyTo":"selection","allowedRoles":["Administrator","User"]}}' data-mendix-roles='Administrator,User' class='mx-name-actionButton2 imgCls-small' style='float:left;' tabindex='0'></div><div data-mendix-id='45_22' data-mendix-type='mxui.widget.ActionButton' data-mendix-props='"friendlyId":"MyFirstModule.Template_Archieve_Display.actionButton4","caption":{"$type":"textTemplate","text":"","friendlyId":"MyFirstModule.Template_Archieve_Display.actionButton4"},"iconUrl":"img/MyFirstModule$delete_off.png?636468842603385563","title":"Delete Client Template","renderType":"link","action":{"type":"callMicroflow","hasParameter":true,"params":{"name":"MyFirstModule.deleteTemplate","validate":"view","confirmation":{"question":"Are you sure you want to delete this?","proceed":"Delete","cancel":"Cancel"},"applyTo":"selection","allowedRoles":["Administrator","User"]}}' data-mendix-roles='Administrator,User' class='mx-name-actionButton4 imgCls-small' style='float:right;' tabindex='0'></div></div><div data-mendix-id='45_23' data-mendix-type='mxui.widget.DataView' data-mendix-props='"friendlyId":"MyFirstModule.Template_Archieve_Display.dataView1","entity":"MyFirstModule.Photo","schema":"b2934c6c-da97-4140-ba29-46c8b2f29b9d","hideFooter":true,"datasource":{"friendlyId":"MyFirstModule.Template_Archieve_Display.dataView1","type":"microflow","microflow":"MyFirstModule.getPhoto","path":"MyFirstModule.Photo","parameters":["MyFirstModule.Template"]}' class='mx-name-dataView1 clearfix form-horizontal' style='text-align:center; margin:20px auto; width:65px;' tabindex='0'></div><div class='mx-name-container2' style='margin-top:0px;'><div data-mendix-id='45_26' data-mendix-type='mxui.widget.ReactWidgetWrapper' data-mendix-props='"widgetTree":{"widget":"com.mendix.widget.core.Text","widgetId":"45_26","props":{"name":"text3","class":"mx-name-text3","style":{"fontSize":"16px","fontWeight":"bold"},"caption":{"$type":"textTemplate","text":"{1}","friendlyId":"MyFirstModule.Template_Archieve_Display.text3","parameters":{"1":"MyFirstModule.Template/TemplateName"}},"renderMode":"h4"},"children":[]}'></div><div data-mendix-id='45_27' data-mendix-type='mxui.widget.ReactWidgetWrapper' data-mendix-props='"widgetTree":{"widget":"com.mendix.widget.core.Text","widgetId":"45_27","props":{"name":"text4","class":"mx-name-text4","style":{"color":"#F48C08 ! important"},"caption":{"$type":"textTemplate","text":"{1}","friendlyId":"MyFirstModule.Template_Archieve_Display.text4","parameters":{"1":"MyFirstModule.Template/Template_Title"}},"renderMode":"span"},"children":[]}'></div><div data-mendix-id='45_28' data-mendix-type='mxui.widget.TextArea' data-mendix-props='"friendlyId":"MyFirstModule.Template_Archieve_Display.textArea1","insideFormGroup":false,"attributePath":"MyFirstModule.Template/Description","readOnlyStyle":"text","validation":null,"placeholder":"","rows":8' class='mx-name-textArea1' style='width: 80%; word-wrap: break-word; max-height: 100px; overflow: hidden; text-overflow: ellipsis; margin: 14px auto;' tabindex='0'></div><div data-mendix-id='45_29' data-mendix-type='mxui.widget.ReactWidgetWrapper' data-mendix-props='"widgetTree":{"widget":"com.mendix.widget.core.Text","widgetId":"45_29","props":{"name":"text5","class":"mx-name-text5","style":{"bottom":"10px","position":"absolute","width":"80%","left":"30px","color":"#F48C08 ! important"},"caption":{"$type":"textTemplate","text":"Created on : {1}","friendlyId":"MyFirstModule.Template_Archieve_Display.text5","parameters":{"1":"MyFirstModule.Template/Created_On"}},"renderMode":"span"},"children":[]}'></div></div></div></div></div></div></m:template><m:template widget-id='45_23' name='content'><div data-mendix-id='45_30' data-mendix-type='mxui.widget.Image' data-mendix-props='"friendlyId":"MyFirstModule.Template_Archieve_Display.imageViewer1","datasource":{"friendlyId":"MyFirstModule.Template_Archieve_Display.imageViewer1","type":"direct","path":"MyFirstModule.Photo"},"thumb":false,"width":"100px","height":"100px","action":{"type":"doNothing","params":{}}' class='mx-name-imageViewer1 clearfix img-responsive' style='max-width:150%; max-height:150%; margin-left:-15px; margin top:15px;'></div></m:template></m:templates></m:page>