﻿<?xml version='1.0' encoding='utf-8'?><m:page id='ca9f0466-d53e-465e-a4d1-97d9feeb47f3' xmlns='http://www.w3.org/1999/xhtml' title='Page Title' class='layout-sidebar-responsive page-products page-products-default' style='background-color:aliceblue;' xmlns:m='http://schemas.mendix.com/forms/1.0'><m:layouts><m:layout path='NavigationLayouts/Sidebar_Full_Responsive.layout.xml'></m:layout></m:layouts><m:arguments><m:argument parameterName='90307765-bc1b-483c-818f-821454fe380b'><div data-mendix-id='38_0' class='mx-layoutgrid mx-layoutgrid-fluid mx-name-layoutGrid2'><div class='row'><div class='col-md-12' style='padding-bottom: 25px; border-bottom: 2px solid #e3e3e3;'><div data-mendix-id='38_1' data-mendix-type='mxui.widget.ReactWidgetWrapper' data-mendix-props='"widgetTree":{"widget":"com.mendix.widget.core.Text","widgetId":"38_1","props":{"name":"text1","class":"mx-name-text1","style":{"fontFamily":"segoe !important","fontSize":"20px ! important"},"caption":{"$type":"textTemplate","text":"Overview\r\n","friendlyId":"MyFirstModule.Template_Display_with_search.text1"},"renderMode":"h2"},"children":[]}'></div><div data-mendix-id='38_2' data-mendix-type='mxui.widget.ReactWidgetWrapper' data-mendix-props='"widgetTree":{"widget":"com.mendix.widget.core.Text","widgetId":"38_2","props":{"name":"text2","class":"mx-name-text2","style":{"fontSize":"18px ! important"},"caption":{"$type":"textTemplate","text":"A request for proposal (RFP) is a document that solicits proposal, often made through a bidding process, by an agency or company interested in procurement of a commodity, service or valuable asset, to potential suppliers to submit business proposals. It is submitted early in the procurement cycle, either at the preliminary study, or procurement stage.","friendlyId":"MyFirstModule.Template_Display_with_search.text2"},"renderMode":"span"},"children":[]}'></div></div></div><div class='row no-gutter'><div class='col-md-12'><div data-mendix-id='38_3' data-mendix-type='mxui.widget.NewButton' data-mendix-props='"friendlyId":"MyFirstModule.Template_Display_with_search.createButton1","caption":{"$type":"textTemplate","text":"","friendlyId":"MyFirstModule.Template_Display_with_search.createButton1"},"iconUrl":"img/MyFirstModule$add.png?636468842603385563","title":"Add New Client","renderType":"link","pageSettings":{"path":"MyFirstModule/Add_NewTemplate.page.xml","title":"Add New Client","location":"modal","resizable":true,"allowedRoles":["Administrator","User"]},"path":"MyFirstModule.Template"' data-mendix-roles='Administrator,User' class='mx-name-createButton1 imgCls' style='float: right; background: transparent; border: none; cursor:pointer;' tabindex='0'></div><div data-mendix-id='38_4' data-mendix-type='mxui.widget.DataView' data-mendix-props='"friendlyId":"MyFirstModule.Template_Display_with_search.dataView2","entity":"MyFirstModule.SearchEntity","schema":"0618051e-b7bc-492f-9683-fcfc8423d780","hideFooter":true,"datasource":{"friendlyId":"MyFirstModule.Template_Display_with_search.dataView2","type":"microflow","microflow":"MyFirstModule.getSearchEntity","path":"MyFirstModule.SearchEntity","parameters":[]}' class='mx-name-dataView2 form-horizontal' tabindex='0'></div></div></div></div></m:argument></m:arguments><m:templates><m:template widget-id='38_4' name='content'><div class='mx-name-container4 input-group' style='width:40%; box-shadow: 0px 2px 10px 5px rgba(244, 246, 250, 0.2), 0 6px 20px 0px rgba(0, 0, 0, 0.19); vertical-align:middle; border-radius: 5px 5px 5px 5px; margin-left: 10px; margin-top:20px;'><div data-mendix-id='38_8' data-mendix-type='mxui.widget.TextInput' data-mendix-props='"friendlyId":"MyFirstModule.Template_Display_with_search.textBox1","insideFormGroup":false,"attributePath":"MyFirstModule.SearchEntity/SearchText","readOnlyStyle":"control","validation":null,"events":{"change":{"name":"MyFirstModule.CommitSearchText","validate":"view","applyTo":"selection","allowedRoles":["Administrator","User"]},"focus":{"name":"MyFirstModule.CommitSearchText","validate":"view","applyTo":"selection","allowedRoles":["Administrator","User"]}},"placeholder":"Search by company, template title, description","maxLength":200' class='mx-name-textBox1' style='border:none; background:white; float: left; width:85%; height: 100%; padding-top: 12px;' tabindex='0'></div><div data-mendix-id='38_9' data-mendix-type='mxui.widget.ActionButton' data-mendix-props='"friendlyId":"MyFirstModule.Template_Display_with_search.actionButton1","caption":{"$type":"textTemplate","text":"","friendlyId":"MyFirstModule.Template_Display_with_search.actionButton1"},"iconClass":"glyphicon-search","renderType":"button","action":{"type":"callMicroflow","hasParameter":true,"params":{"name":"MyFirstModule.CommitSearchText","validate":"view","applyTo":"selection","allowedRoles":["Administrator","User"]}}' data-mendix-roles='Administrator,User' class='mx-name-actionButton1 btn-default' style='border: none; background: white; height: 100%; padding-top: 12px; width: 15%; padding-left: 20px;' tabindex='0'></div></div><div data-mendix-id='38_10' data-mendix-type='mxui.widget.TemplateGrid' data-mendix-props='"friendlyId":"MyFirstModule.Template_Display_with_search.templateGrid1","entity":"MyFirstModule.Template","schema":"07fe9693-ccc5-4708-83b6-5f8a51f4fcae","config":{"locale":"en_US","gridType":"Standalone","gridpresentation":{"rows":4,"columns":4,"controlbar":false,"pagingbar":false,"selectionmode":"none","editable":false,"sortable":false,"refresh":0,"selectfirst":false},"datasource":{"friendlyId":"MyFirstModule.Template_Display_with_search.templateGrid1","type":"microflow","microflow":"MyFirstModule.getTemplates","path":"MyFirstModule.Template","parameters":["MyFirstModule.SearchEntity"]},"controlBar":{"gridTools":[{"mxid":"38_15","friendlyId":"MyFirstModule.Template_Display_with_search.actionButton3","name":"actionButton3","caption":{"$type":"textTemplate","text":"Action","friendlyId":"MyFirstModule.Template_Display_with_search.actionButton3"},"title":"","cssClass":"btn-default","cssStyle":"display:none;","visibleForRoles":["Administrator","User","Anonymous"]}],"gridActions":[{"keyValue":"38_15","gridFunction":"InvokeAction","params":{"MyFirstModule.Template":{"action":{"type":"openPage","hasParameter":true,"params":{"path":"MyFirstModule/Overview_Page_2.page.xml","title":"Overview","location":"content","allowedRoles":["Administrator","User","Anonymous"]}},"maintainSelection":false}}}]},"defaultButton":{"clickType":"single","mxid":"38_15"},"plugins":{}}' class='mx-templategrid mx-name-templateGrid1 templategrid-transparent template-templateGrid' style='margin-top:25px;' tabindex='0'></div></m:template><m:template widget-id='38_10' name='content'><div data-mendix-id='38_16' data-mendix-type='mxui.widget.DataView' data-mendix-props='"friendlyId":"MyFirstModule.Template_Display_with_search.templateGrid1","entity":"MyFirstModule.Template","schema":"4e4a2ebf-ce9c-43e4-bd9e-5f55d5110ef1","readOnly":true,"datasource":{"friendlyId":"MyFirstModule.Template_Display_with_search.templateGrid1","type":"direct","path":"MyFirstModule.Template"},"conditions":{"38_27":{"visible":{"type":"conditional","condition":{"type":"function","name":"=","parameters":[{"type":"variable","variable":"currentObject","path":"Template_Status"},{"type":"literal","value":"In_Progress"}]},"then":{"type":"literal","value":true},"else":{"type":"function","name":"=","parameters":[{"type":"variable","variable":"currentObject","path":"Template_Status"},{"type":"literal","value":"Completed"}]}}},"38_28":{"visible":{"type":"conditional","condition":{"type":"function","name":"=","parameters":[{"type":"variable","variable":"currentObject","path":"Template_Status"},{"type":"literal","value":"In_Progress"}]},"then":{"type":"literal","value":true},"else":{"type":"function","name":"=","parameters":[{"type":"variable","variable":"currentObject","path":"Template_Status"},{"type":"literal","value":"Completed"}]}}}}' tabindex='0'></div></m:template><m:template widget-id='38_16' name='content'><div data-mendix-id='38_18' data-mendix-type='mxui.widget.ActionButton' data-mendix-props='"friendlyId":"MyFirstModule.Template_Display_with_search.actionButton12","caption":{"$type":"textTemplate","text":"Generate excel","friendlyId":"MyFirstModule.Template_Display_with_search.actionButton12"},"renderType":"button","action":{"type":"callMicroflow","hasParameter":true,"params":{"name":"MyFirstModule.GenerateExcel","validate":"view","applyTo":"selection","allowedRoles":["Administrator","User"]}}' data-mendix-roles='Administrator,User' class='mx-name-actionButton12 btn-default' tabindex='0'></div><div data-mendix-id='38_19' data-mendix-type='mxui.widget.ActionButton' data-mendix-props='"friendlyId":"MyFirstModule.Template_Display_with_search.actionButton5","caption":{"$type":"textTemplate","text":"Button","friendlyId":"MyFirstModule.Template_Display_with_search.actionButton5"},"renderType":"button","action":{"type":"callMicroflow","hasParameter":true,"params":{"name":"MyFirstModule.Microflow_Freeze","validate":"view","applyTo":"selection","allowedRoles":["Administrator","User"]}}' data-mendix-roles='Administrator,User' class='mx-name-actionButton5 btn-default' tabindex='0'></div><div class='mx-name-container1' style='border: solid 1px; border-color:white; border-radius:10px; background-color:white; width:250px;'><div data-mendix-id='38_21' class='mx-layoutgrid mx-layoutgrid-fluid mx-name-layoutGrid1'><div class='row' style='text-align: center;'><div class='col-md-12' style='margin-left:10px; Background color:white; height:345px;'><div class='mx-name-container3' style='margin-top:15px;width: 30%;margin-bottom:10px;margin-right:25px;float:right;'><div data-mendix-id='38_27' data-mendix-type='mxui.widget.ActionButton' data-mendix-props='"friendlyId":"MyFirstModule.Template_Display_with_search.actionButton2","caption":{"$type":"textTemplate","text":"","friendlyId":"MyFirstModule.Template_Display_with_search.actionButton2"},"iconUrl":"img/MyFirstModule$edit_off.png?636468842603385563","title":"Edit Client Template","renderType":"link","action":{"type":"openPage","hasParameter":true,"params":{"path":"MyFirstModule/Add_NewTemplate.page.xml","title":"Edit Client Template","location":"modal","resizable":true,"allowedRoles":["Administrator","User"]}}' data-mendix-roles='Administrator,User' class='mx-name-actionButton2 imgCls-small' style='float:left;' tabindex='0'></div><div data-mendix-id='38_28' data-mendix-type='mxui.widget.ActionButton' data-mendix-props='"friendlyId":"MyFirstModule.Template_Display_with_search.actionButton4","caption":{"$type":"textTemplate","text":"","friendlyId":"MyFirstModule.Template_Display_with_search.actionButton4"},"iconUrl":"img/MyFirstModule$hide_off.png?636468842603385563","title":"Archive Client Template","renderType":"link","action":{"type":"callMicroflow","hasParameter":true,"params":{"name":"MyFirstModule.Microflow_Template_Archive_Dashboard","validate":"view","confirmation":{"question":"Are you sure you want to archive this?","proceed":"Proceed","cancel":"Cancel"},"applyTo":"selection","allowedRoles":["Administrator","User"]}}' data-mendix-roles='Administrator,User' class='mx-name-actionButton4 imgCls-small' style='float:right;' tabindex='0'></div></div><div data-mendix-id='38_29' data-mendix-type='mxui.widget.DataView' data-mendix-props='"friendlyId":"MyFirstModule.Template_Display_with_search.dataView1","entity":"MyFirstModule.Photo","schema":"9850ea4b-70ed-463a-9bbc-f4e1082ed3bd","hideFooter":true,"datasource":{"friendlyId":"MyFirstModule.Template_Display_with_search.dataView1","type":"microflow","microflow":"MyFirstModule.getPhoto","path":"MyFirstModule.Photo","parameters":["MyFirstModule.Template"]}' class='mx-name-dataView1 clearfix form-horizontal' style='text-align:center; margin:20px auto; width:65px;' tabindex='0'></div><div class='mx-name-container2' style='margin-top:0px;'><div data-mendix-id='38_32' data-mendix-type='mxui.widget.ReactWidgetWrapper' data-mendix-props='"widgetTree":{"widget":"com.mendix.widget.core.Text","widgetId":"38_32","props":{"name":"text3","class":"mx-name-text3","style":{"fontSize":"16px","fontWeight":"bold","marginTop":"-10px"},"caption":{"$type":"textTemplate","text":"{1}","friendlyId":"MyFirstModule.Template_Display_with_search.text3","parameters":{"1":"MyFirstModule.Template/TemplateName"}},"renderMode":"h4"},"children":[]}'></div><div data-mendix-id='38_33' data-mendix-type='mxui.widget.ReactWidgetWrapper' data-mendix-props='"widgetTree":{"widget":"com.mendix.widget.core.Text","widgetId":"38_33","props":{"name":"text4","class":"mx-name-text4","style":{"color":"#F48C08 ! important"},"caption":{"$type":"textTemplate","text":"{1}","friendlyId":"MyFirstModule.Template_Display_with_search.text4","parameters":{"1":"MyFirstModule.Template/Template_Title"}},"renderMode":"span"},"children":[]}'></div><div data-mendix-id='38_34' data-mendix-type='mxui.widget.TextArea' data-mendix-props='"friendlyId":"MyFirstModule.Template_Display_with_search.textArea1","insideFormGroup":false,"attributePath":"MyFirstModule.Template/Description","readOnlyStyle":"text","validation":null,"placeholder":"","rows":8' class='mx-name-textArea1' style='width: 80%; word-wrap: break-word; max-height: 115px; overflow: hidden; text-overflow: ellipsis; margin-top:-20px; margin: 14px auto;' tabindex='0'></div><div data-mendix-id='38_35' data-mendix-type='mxui.widget.ReactWidgetWrapper' data-mendix-props='"widgetTree":{"widget":"com.mendix.widget.core.Text","widgetId":"38_35","props":{"name":"text5","class":"mx-name-text5","style":{"bottom":"10px","position":"absolute","width":"80%","left":"30px","color":"#F48C08 ! important"},"caption":{"$type":"textTemplate","text":"Created on : {1}","friendlyId":"MyFirstModule.Template_Display_with_search.text5","parameters":{"1":"MyFirstModule.Template/Created_On"}},"renderMode":"span"},"children":[]}'></div></div></div></div></div></div></m:template><m:template widget-id='38_29' name='content'><div data-mendix-id='38_36' data-mendix-type='mxui.widget.Image' data-mendix-props='"friendlyId":"MyFirstModule.Template_Display_with_search.imageViewer1","datasource":{"friendlyId":"MyFirstModule.Template_Display_with_search.imageViewer1","type":"direct","path":"MyFirstModule.Photo"},"thumb":false,"width":"100px","height":"100px","action":{"type":"doNothing","params":{}}' class='mx-name-imageViewer1 clearfix img-responsive' style='max-width:150%; max-height:150%; margin-left:-15px; margin top:15px;'></div></m:template></m:templates></m:page>