﻿<?xml version='1.0' encoding='utf-8'?><m:page id='390f5f70-106e-4373-9e42-333735fcbf48' xmlns='http://www.w3.org/1999/xhtml' title='Page Title' class='layout-sidebar-responsive' xmlns:m='http://schemas.mendix.com/forms/1.0'><m:layouts><m:layout path='NavigationLayouts/Sidebar_Full_Responsive.layout.xml'></m:layout></m:layouts><m:arguments><m:argument parameterName='90307765-bc1b-483c-818f-821454fe380b'><div data-mendix-id='39_0' class='mx-layoutgrid mx-layoutgrid-fluid mx-name-layoutGrid1'><div class='row'><div class='col-md-12'><div data-mendix-id='39_1' data-mendix-type='mxui.widget.DataView' data-mendix-props='"friendlyId":"MyFirstModule.Template_Specific_Data_overview_2.dataView1","entity":"MyFirstModule.Template","schema":"9a796060-68a8-4404-929a-a313cd0f7a10","datasource":{"friendlyId":"MyFirstModule.Template_Specific_Data_overview_2.dataView1","type":"direct","path":"MyFirstModule.Template"}' class='mx-name-dataView1 form-horizontal' tabindex='0'></div></div></div></div></m:argument></m:arguments><m:templates><m:template widget-id='39_1' name='content'><div data-mendix-id='39_3' data-mendix-type='mxui.widget.ActionButton' data-mendix-props='"friendlyId":"MyFirstModule.Template_Specific_Data_overview_2.actionButton10","caption":{"$type":"textTemplate","text":"Back","friendlyId":"MyFirstModule.Template_Specific_Data_overview_2.actionButton10"},"renderType":"button","action":{"type":"openPage","hasParameter":true,"params":{"path":"MyFirstModule/Overview_Page_2.page.xml","location":"content","allowedRoles":["Administrator","User","Anonymous"]}}' data-mendix-roles='Administrator,User,Anonymous' class='mx-name-actionButton10 btn-warning' style='float:right; margin-bottom:20px;' tabindex='0'></div><div data-mendix-id='39_4' data-mendix-type='mxui.widget.TabContainer' data-mendix-props='"friendlyId":"MyFirstModule.Template_Specific_Data_overview_2.tabControl2"' class='mx-name-tabControl2 tab-lined' tabindex='0'></div></m:template><m:template widget-id='39_4' name='pages'><div data-mendix-id='39_5' data-mendix-type='mxui.widget.TabContent' data-mendix-props='"title":"Service Attribute","delayLoading":false,"tabName":"tabPage9"'></div><div data-mendix-id='39_33' data-mendix-type='mxui.widget.TabContent' data-mendix-props='"title":"Service Attribute Values","delayLoading":true,"tabName":"tabPage8"'></div><div data-mendix-id='39_211' data-mendix-type='mxui.widget.TabContent' data-mendix-props='"title":"Assumption","delayLoading":true,"tabName":"tabPage10"'></div><div data-mendix-id='39_233' data-mendix-type='mxui.widget.TabContent' data-mendix-props='"title":"Consolidated Estimate","delayLoading":true,"tabName":"tabPage11"'></div></m:template><m:template widget-id='39_5' name='content'><div data-mendix-id='39_6' class='mx-layoutgrid mx-layoutgrid-fluid mx-name-layoutGrid2' style='text-align: center;'><div class='row'><div class='col-md-12'><table class='mx-table mx-name-table11 tableHeaderCls'><colgroup><col style='width:7%'></col><col style='width:17%'></col><col style='width:6%'></col><col style='width:24%'></col><col style='width:4%'></col><col style='width:17%'></col><col style='width:25%'></col></colgroup><tbody><tr><td></td><th><div data-mendix-id='39_13' data-mendix-type='mxui.widget.ReactWidgetWrapper' data-mendix-props='"widgetTree":{"widget":"com.mendix.widget.core.Text","widgetId":"39_13","props":{"name":"text45","class":"mx-name-text45","style":{},"caption":{"$type":"textTemplate","text":"Service  Name","friendlyId":"MyFirstModule.Template_Specific_Data_overview_2.text45"},"renderMode":"span"},"children":[]}'></div></th><td></td><th><div data-mendix-id='39_16' data-mendix-type='mxui.widget.ReactWidgetWrapper' data-mendix-props='"widgetTree":{"widget":"com.mendix.widget.core.Text","widgetId":"39_16","props":{"name":"text46","class":"mx-name-text46","style":{},"caption":{"$type":"textTemplate","text":"Service Attribute Name","friendlyId":"MyFirstModule.Template_Specific_Data_overview_2.text46"},"renderMode":"span"},"children":[]}'></div></th><td></td><th><div data-mendix-id='39_19' data-mendix-type='mxui.widget.ReactWidgetWrapper' data-mendix-props='"widgetTree":{"widget":"com.mendix.widget.core.Text","widgetId":"39_19","props":{"name":"text33","class":"mx-name-text33","style":{},"caption":{"$type":"textTemplate","text":"Service Point","friendlyId":"MyFirstModule.Template_Specific_Data_overview_2.text33"},"renderMode":"span"},"children":[]}'></div></th><th></th></tr></tbody></table><div data-mendix-id='39_29' data-mendix-type='mxui.widget.TemplateGrid' data-mendix-props='"friendlyId":"MyFirstModule.Template_Specific_Data_overview_2.templateGrid11","entity":"MyFirstModule.Service_Attribute_Local","schema":"d9d7f382-936d-414d-93a8-cfaeecc1ba30","config":{"locale":"en_US","gridType":"Standalone","gridpresentation":{"rows":70,"columns":1,"controlbar":false,"pagingbar":false,"selectionmode":"none","editable":false,"sortable":false,"refresh":0,"selectfirst":false},"datasource":{"friendlyId":"MyFirstModule.Template_Specific_Data_overview_2.templateGrid11","type":"entityPath","path":"MyFirstModule.Service_Attribute_Local_Template/MyFirstModule.Service_Attribute_Local"},"controlBar":{"gridTools":[],"gridActions":[]},"plugins":{}}' class='mx-templategrid mx-name-templateGrid11' tabindex='0'></div></div></div></div></m:template><m:template widget-id='39_33' name='content'><div data-mendix-id='39_34' data-mendix-type='mxui.widget.TabContainer' data-mendix-props='"friendlyId":"MyFirstModule.Template_Specific_Data_overview_2.tabControl1"' class='mx-name-tabControl1 tab-lined mx-tabcontainer-nested' style='text-align: center;' tabindex='0'></div></m:template><m:template widget-id='39_211' name='content'><div data-mendix-id='39_212' class='mx-layoutgrid mx-layoutgrid-fluid mx-name-layoutGrid5' style='text-align: center;'><div class='row'><div class='col-md-12'><table class='mx-table mx-name-table9 tableHeaderCls'><colgroup><col style='width:25%'></col><col style='width:25%'></col><col style='width:25%'></col><col style='width:25%'></col></colgroup><tbody><tr><td><div data-mendix-id='39_218' data-mendix-type='mxui.widget.ReactWidgetWrapper' data-mendix-props='"widgetTree":{"widget":"com.mendix.widget.core.Text","widgetId":"39_218","props":{"name":"text34","class":"mx-name-text34","style":{},"caption":{"$type":"textTemplate","text":"Service Nature","friendlyId":"MyFirstModule.Template_Specific_Data_overview_2.text34"},"renderMode":"span"},"children":[]}'></div></td><td><div data-mendix-id='39_220' data-mendix-type='mxui.widget.ReactWidgetWrapper' data-mendix-props='"widgetTree":{"widget":"com.mendix.widget.core.Text","widgetId":"39_220","props":{"name":"text35","class":"mx-name-text35","style":{},"caption":{"$type":"textTemplate","text":"Properties","friendlyId":"MyFirstModule.Template_Specific_Data_overview_2.text35"},"renderMode":"span"},"children":[]}'></div></td><td><div data-mendix-id='39_222' data-mendix-type='mxui.widget.ReactWidgetWrapper' data-mendix-props='"widgetTree":{"widget":"com.mendix.widget.core.Text","widgetId":"39_222","props":{"name":"text36","class":"mx-name-text36","style":{},"caption":{"$type":"textTemplate","text":"Percentage","friendlyId":"MyFirstModule.Template_Specific_Data_overview_2.text36"},"renderMode":"span"},"children":[]}'></div></td><td></td></tr></tbody></table><div data-mendix-id='39_229' data-mendix-type='mxui.widget.TemplateGrid' data-mendix-props='"friendlyId":"MyFirstModule.Template_Specific_Data_overview_2.templateGrid10","entity":"MyFirstModule.Assumptions_Local","schema":"567181ed-5c14-4515-b3e6-930dd6fa98fa","config":{"locale":"en_US","gridType":"Standalone","gridpresentation":{"rows":15,"columns":1,"controlbar":false,"pagingbar":false,"selectionmode":"none","editable":false,"sortable":false,"refresh":0,"selectfirst":false},"datasource":{"friendlyId":"MyFirstModule.Template_Specific_Data_overview_2.templateGrid10","type":"entityPath","path":"MyFirstModule.Assumptions_Local_Template/MyFirstModule.Assumptions_Local"},"controlBar":{"gridTools":[],"gridActions":[]},"plugins":{}}' class='mx-templategrid mx-name-templateGrid10' tabindex='0'></div></div></div></div></m:template><m:template widget-id='39_233' name='content'><table class='mx-table mx-name-table10 tableHeaderCls'><colgroup><col style='width:13%'></col><col style='width:12%'></col><col style='width:13%'></col><col style='width:13%'></col><col style='width:14%'></col><col style='width:13%'></col><col style='width:12%'></col><col style='width:10%'></col></colgroup><tbody><tr><td><div data-mendix-id='39_237' data-mendix-type='mxui.widget.ReactWidgetWrapper' data-mendix-props='"widgetTree":{"widget":"com.mendix.widget.core.Text","widgetId":"39_237","props":{"name":"text37","class":"mx-name-text37","style":{},"caption":{"$type":"textTemplate","text":"Contigency","friendlyId":"MyFirstModule.Template_Specific_Data_overview_2.text37"},"renderMode":"span"},"children":[]}'></div></td><td><div data-mendix-id='39_239' data-mendix-type='mxui.widget.ReactWidgetWrapper' data-mendix-props='"widgetTree":{"widget":"com.mendix.widget.core.Text","widgetId":"39_239","props":{"name":"text38","class":"mx-name-text38","style":{},"caption":{"$type":"textTemplate","text":"Performace Engineering","friendlyId":"MyFirstModule.Template_Specific_Data_overview_2.text38"},"renderMode":"span"},"children":[]}'></div></td><td><div data-mendix-id='39_241' data-mendix-type='mxui.widget.ReactWidgetWrapper' data-mendix-props='"widgetTree":{"widget":"com.mendix.widget.core.Text","widgetId":"39_241","props":{"name":"text39","class":"mx-name-text39","style":{},"caption":{"$type":"textTemplate","text":"Project Management","friendlyId":"MyFirstModule.Template_Specific_Data_overview_2.text39"},"renderMode":"span"},"children":[]}'></div></td><td><div data-mendix-id='39_243' data-mendix-type='mxui.widget.ReactWidgetWrapper' data-mendix-props='"widgetTree":{"widget":"com.mendix.widget.core.Text","widgetId":"39_243","props":{"name":"text40","class":"mx-name-text40","style":{},"caption":{"$type":"textTemplate","text":"Infrastructure","friendlyId":"MyFirstModule.Template_Specific_Data_overview_2.text40"},"renderMode":"span"},"children":[]}'></div></td><td><div data-mendix-id='39_245' data-mendix-type='mxui.widget.ReactWidgetWrapper' data-mendix-props='"widgetTree":{"widget":"com.mendix.widget.core.Text","widgetId":"39_245","props":{"name":"text41","class":"mx-name-text41","style":{},"caption":{"$type":"textTemplate","text":"UAT Effort","friendlyId":"MyFirstModule.Template_Specific_Data_overview_2.text41"},"renderMode":"span"},"children":[]}'></div></td><td><div data-mendix-id='39_247' data-mendix-type='mxui.widget.ReactWidgetWrapper' data-mendix-props='"widgetTree":{"widget":"com.mendix.widget.core.Text","widgetId":"39_247","props":{"name":"text42","class":"mx-name-text42","style":{},"caption":{"$type":"textTemplate","text":"Post Prod Support","friendlyId":"MyFirstModule.Template_Specific_Data_overview_2.text42"},"renderMode":"span"},"children":[]}'></div></td><td><div data-mendix-id='39_249' data-mendix-type='mxui.widget.ReactWidgetWrapper' data-mendix-props='"widgetTree":{"widget":"com.mendix.widget.core.Text","widgetId":"39_249","props":{"name":"text43","class":"mx-name-text43","style":{},"caption":{"$type":"textTemplate","text":"With QA","friendlyId":"MyFirstModule.Template_Specific_Data_overview_2.text43"},"renderMode":"span"},"children":[]}'></div></td><td></td></tr></tbody></table><div data-mendix-id='39_260' data-mendix-type='mxui.widget.TemplateGrid' data-mendix-props='"friendlyId":"MyFirstModule.Template_Specific_Data_overview_2.templateGrid9","entity":"MyFirstModule.Consolidated_Estimate_Local","schema":"97a28546-a9d1-434e-8334-06661a687608","config":{"locale":"en_US","gridType":"Standalone","gridpresentation":{"rows":2,"columns":1,"controlbar":false,"pagingbar":false,"selectionmode":"none","editable":false,"sortable":false,"refresh":0,"selectfirst":false},"datasource":{"friendlyId":"MyFirstModule.Template_Specific_Data_overview_2.templateGrid9","type":"entityPath","path":"MyFirstModule.Consolidated_Estimate_Local_Template/MyFirstModule.Consolidated_Estimate_Local"},"controlBar":{"gridTools":[],"gridActions":[]},"plugins":{}}' class='mx-templategrid mx-name-templateGrid9' tabindex='0'></div></m:template><m:template widget-id='39_29' name='content'><div data-mendix-id='39_264' data-mendix-type='mxui.widget.DataView' data-mendix-props='"friendlyId":"MyFirstModule.Template_Specific_Data_overview_2.templateGrid11","entity":"MyFirstModule.Service_Attribute_Local","schema":"8d944007-e60a-4031-8b8a-5ffe1c447b12","readOnly":true,"datasource":{"friendlyId":"MyFirstModule.Template_Specific_Data_overview_2.templateGrid11","type":"direct","path":"MyFirstModule.Service_Attribute_Local"}' tabindex='0'></div></m:template><m:template widget-id='39_34' name='pages'><div data-mendix-id='39_35' data-mendix-type='mxui.widget.TabContent' data-mendix-props='"title":"Orchestration","selected":true,"delayLoading":false,"tabName":"tabPage4"'></div><div data-mendix-id='39_57' data-mendix-type='mxui.widget.TabContent' data-mendix-props='"title":"Microservice","delayLoading":true,"tabName":"tabPage1"'></div><div data-mendix-id='39_79' data-mendix-type='mxui.widget.TabContent' data-mendix-props='"title":"Patterns &amp; Practices","delayLoading":true,"tabName":"tabPage2"'></div><div data-mendix-id='39_101' data-mendix-type='mxui.widget.TabContent' data-mendix-props='"title":"Common Effort","delayLoading":true,"tabName":"Common_Effort"'></div><div data-mendix-id='39_123' data-mendix-type='mxui.widget.TabContent' data-mendix-props='"title":"Tech Stack","delayLoading":true,"tabName":"tabPage5"'></div><div data-mendix-id='39_145' data-mendix-type='mxui.widget.TabContent' data-mendix-props='"title":"Development Process","delayLoading":true,"tabName":"tabPage7"'></div><div data-mendix-id='39_167' data-mendix-type='mxui.widget.TabContent' data-mendix-props='"title":"Policy","delayLoading":true,"tabName":"tabPage6"'></div><div data-mendix-id='39_189' data-mendix-type='mxui.widget.TabContent' data-mendix-props='"title":"Infrastructure","delayLoading":true,"tabName":"tabPage3"'></div></m:template><m:template widget-id='39_229' name='content'><div data-mendix-id='39_283' data-mendix-type='mxui.widget.DataView' data-mendix-props='"friendlyId":"MyFirstModule.Template_Specific_Data_overview_2.templateGrid10","entity":"MyFirstModule.Assumptions_Local","schema":"6c4a7fec-50dc-4edc-a5d8-f7f63f730eb1","readOnly":true,"datasource":{"friendlyId":"MyFirstModule.Template_Specific_Data_overview_2.templateGrid10","type":"direct","path":"MyFirstModule.Assumptions_Local"}' tabindex='0'></div></m:template><m:template widget-id='39_260' name='content'><div data-mendix-id='39_302' data-mendix-type='mxui.widget.DataView' data-mendix-props='"friendlyId":"MyFirstModule.Template_Specific_Data_overview_2.templateGrid9","entity":"MyFirstModule.Consolidated_Estimate_Local","schema":"2aa2babd-a011-4422-96e8-ad1b329eed43","readOnly":true,"datasource":{"friendlyId":"MyFirstModule.Template_Specific_Data_overview_2.templateGrid9","type":"direct","path":"MyFirstModule.Consolidated_Estimate_Local"}' tabindex='0'></div></m:template><m:template widget-id='39_264' name='content'><table class='mx-table mx-name-table2' style='border: none !important'><colgroup><col style='width:25%'></col><col style='width:25%'></col><col style='width:25%'></col><col style='width:25%'></col></colgroup><tbody><tr><td><div data-mendix-id='39_265_268' data-mendix-type='mxui.widget.ReactWidgetWrapper' data-mendix-props='"widgetTree":{"widget":"com.mendix.widget.core.Text","widgetId":"39_265_268","props":{"name":"text2","class":"mx-name-text2","style":{},"caption":{"$type":"textTemplate","text":"{1}","friendlyId":"MyFirstModule.Snippet_new.text2","parameters":{"1":"MyFirstModule.Service_Attribute_Local/Service_Name"}},"renderMode":"span"},"children":[]}'></div></td><td><div data-mendix-id='39_265_270' data-mendix-type='mxui.widget.ReactWidgetWrapper' data-mendix-props='"widgetTree":{"widget":"com.mendix.widget.core.Text","widgetId":"39_265_270","props":{"name":"text3","class":"mx-name-text3","style":{},"caption":{"$type":"textTemplate","text":"{1}","friendlyId":"MyFirstModule.Snippet_new.text3","parameters":{"1":"MyFirstModule.Service_Attribute_Local/Service_Attribute_Name"}},"renderMode":"span"},"children":[]}'></div></td><td><div data-mendix-id='39_265_272' data-mendix-type='mxui.widget.ReactWidgetWrapper' data-mendix-props='"widgetTree":{"widget":"com.mendix.widget.core.Text","widgetId":"39_265_272","props":{"name":"text4","class":"mx-name-text4","style":{},"caption":{"$type":"textTemplate","text":"{1}","friendlyId":"MyFirstModule.Snippet_new.text4","parameters":{"1":"MyFirstModule.Service_Attribute_Local/Service_Point"}},"renderMode":"span"},"children":[]}'></div></td><td><div class='mx-name-container1'><div data-mendix-id='39_265_276' data-mendix-type='mxui.widget.ActionButton' data-mendix-props='"friendlyId":"MyFirstModule.Snippet_new.actionButton1","caption":{"$type":"textTemplate","text":"","friendlyId":"MyFirstModule.Snippet_new.actionButton1"},"iconUrl":"img/MyFirstModule$edit_on.png?636468842603385563","title":"Edit Service Attribute","renderType":"link","action":{"type":"openPage","hasParameter":true,"params":{"path":"MyFirstModule/Service_Attribute_Local_NewEdit.page.xml","title":"Edit Service Attribute","location":"modal","resizable":true,"allowedRoles":["Administrator","User"]}}' data-mendix-roles='Administrator,User' class='mx-name-actionButton1 imgCls-small' style='margin-left:20px;' tabindex='0'></div><div data-mendix-id='39_265_277' data-mendix-type='mxui.widget.ActionButton' data-mendix-props='"friendlyId":"MyFirstModule.Snippet_new.actionButton2","caption":{"$type":"textTemplate","text":"","friendlyId":"MyFirstModule.Snippet_new.actionButton2"},"iconUrl":"img/MyFirstModule$delete_on.png?636468842603385563","title":"Delete Service Attribute","renderType":"link","action":{"type":"callMicroflow","hasParameter":true,"params":{"name":"MyFirstModule.Microflow_delete","validate":"view","confirmation":{"question":"Are you sure you want to delete this?","proceed":"Delete","cancel":"Cancel"},"applyTo":"selection","allowedRoles":["Administrator","User"]}}' data-mendix-roles='Administrator,User' class='mx-name-actionButton2 imgCls-small' style='margin-left:20px;' tabindex='0'></div></div></td></tr></tbody></table></m:template><m:template widget-id='39_35' name='content'><table class='mx-table mx-name-table1 tableHeaderCls'><colgroup><col style='width:20%'></col><col style='width:20%'></col><col style='width:20%'></col><col style='width:20%'></col><col style='width:20%'></col></colgroup><tbody><tr><td><div data-mendix-id='39_39' data-mendix-type='mxui.widget.ReactWidgetWrapper' data-mendix-props='"widgetTree":{"widget":"com.mendix.widget.core.Text","widgetId":"39_39","props":{"name":"text1","class":"mx-name-text1","style":{},"caption":{"$type":"textTemplate","text":"Service Name","friendlyId":"MyFirstModule.Template_Specific_Data_overview_2.text1"},"renderMode":"span"},"children":[]}'></div></td><td><div data-mendix-id='39_41' data-mendix-type='mxui.widget.ReactWidgetWrapper' data-mendix-props='"widgetTree":{"widget":"com.mendix.widget.core.Text","widgetId":"39_41","props":{"name":"text2","class":"mx-name-text2","style":{},"caption":{"$type":"textTemplate","text":"Service attribute","friendlyId":"MyFirstModule.Template_Specific_Data_overview_2.text2"},"renderMode":"span"},"children":[]}'></div></td><td><div data-mendix-id='39_43' data-mendix-type='mxui.widget.ReactWidgetWrapper' data-mendix-props='"widgetTree":{"widget":"com.mendix.widget.core.Text","widgetId":"39_43","props":{"name":"text3","class":"mx-name-text3","style":{},"caption":{"$type":"textTemplate","text":"Value name","friendlyId":"MyFirstModule.Template_Specific_Data_overview_2.text3"},"renderMode":"span"},"children":[]}'></div></td><td><div data-mendix-id='39_45' data-mendix-type='mxui.widget.ReactWidgetWrapper' data-mendix-props='"widgetTree":{"widget":"com.mendix.widget.core.Text","widgetId":"39_45","props":{"name":"text4","class":"mx-name-text4","style":{},"caption":{"$type":"textTemplate","text":"Value point","friendlyId":"MyFirstModule.Template_Specific_Data_overview_2.text4"},"renderMode":"span"},"children":[]}'></div></td><td></td></tr></tbody></table><div data-mendix-id='39_53' data-mendix-type='mxui.widget.TemplateGrid' data-mendix-props='"friendlyId":"MyFirstModule.Template_Specific_Data_overview_2.templateGrid1","entity":"MyFirstModule.Orch_SAV","schema":"5c191e7d-4b5c-436f-8100-642a27013690","config":{"locale":"en_US","gridType":"Standalone","gridpresentation":{"rows":20,"columns":1,"controlbar":false,"pagingbar":false,"selectionmode":"none","editable":false,"sortable":false,"refresh":0,"selectfirst":false},"datasource":{"friendlyId":"MyFirstModule.Template_Specific_Data_overview_2.templateGrid1","type":"entityPath","path":"MyFirstModule.Orch_SAV_Template/MyFirstModule.Orch_SAV"},"controlBar":{"gridTools":[],"gridActions":[]},"plugins":{}}' class='mx-templategrid mx-name-templateGrid1' tabindex='0'></div></m:template><m:template widget-id='39_57' name='content'><table class='mx-table mx-name-table2 tableHeaderCls'><colgroup><col style='width:20%'></col><col style='width:20%'></col><col style='width:20%'></col><col style='width:20%'></col><col style='width:20%'></col></colgroup><tbody><tr><td><div data-mendix-id='39_61' data-mendix-type='mxui.widget.ReactWidgetWrapper' data-mendix-props='"widgetTree":{"widget":"com.mendix.widget.core.Text","widgetId":"39_61","props":{"name":"text5","class":"mx-name-text5","style":{},"caption":{"$type":"textTemplate","text":"Service Name","friendlyId":"MyFirstModule.Template_Specific_Data_overview_2.text5"},"renderMode":"span"},"children":[]}'></div></td><td><div data-mendix-id='39_63' data-mendix-type='mxui.widget.ReactWidgetWrapper' data-mendix-props='"widgetTree":{"widget":"com.mendix.widget.core.Text","widgetId":"39_63","props":{"name":"text6","class":"mx-name-text6","style":{},"caption":{"$type":"textTemplate","text":"Service attribute","friendlyId":"MyFirstModule.Template_Specific_Data_overview_2.text6"},"renderMode":"span"},"children":[]}'></div></td><td><div data-mendix-id='39_65' data-mendix-type='mxui.widget.ReactWidgetWrapper' data-mendix-props='"widgetTree":{"widget":"com.mendix.widget.core.Text","widgetId":"39_65","props":{"name":"text7","class":"mx-name-text7","style":{},"caption":{"$type":"textTemplate","text":"Value name","friendlyId":"MyFirstModule.Template_Specific_Data_overview_2.text7"},"renderMode":"span"},"children":[]}'></div></td><td><div data-mendix-id='39_67' data-mendix-type='mxui.widget.ReactWidgetWrapper' data-mendix-props='"widgetTree":{"widget":"com.mendix.widget.core.Text","widgetId":"39_67","props":{"name":"text8","class":"mx-name-text8","style":{},"caption":{"$type":"textTemplate","text":"Value point","friendlyId":"MyFirstModule.Template_Specific_Data_overview_2.text8"},"renderMode":"span"},"children":[]}'></div></td><td></td></tr></tbody></table><div data-mendix-id='39_75' data-mendix-type='mxui.widget.TemplateGrid' data-mendix-props='"friendlyId":"MyFirstModule.Template_Specific_Data_overview_2.templateGrid2","entity":"MyFirstModule.Data_Based_SAV","schema":"753d28e1-5d11-485c-8248-fd30721d0896","config":{"locale":"en_US","gridType":"Standalone","gridpresentation":{"rows":20,"columns":1,"controlbar":false,"pagingbar":false,"selectionmode":"none","editable":false,"sortable":false,"refresh":0,"selectfirst":false},"datasource":{"friendlyId":"MyFirstModule.Template_Specific_Data_overview_2.templateGrid2","type":"entityPath","path":"MyFirstModule.Data_Based_SAV_Template/MyFirstModule.Data_Based_SAV"},"controlBar":{"gridTools":[],"gridActions":[]},"plugins":{}}' class='mx-templategrid mx-name-templateGrid2' tabindex='0'></div></m:template><m:template widget-id='39_79' name='content'><table class='mx-table mx-name-table3 tableHeaderCls'><colgroup><col style='width:20%'></col><col style='width:20%'></col><col style='width:20%'></col><col style='width:20%'></col><col style='width:20%'></col></colgroup><tbody><tr><td><div data-mendix-id='39_83' data-mendix-type='mxui.widget.ReactWidgetWrapper' data-mendix-props='"widgetTree":{"widget":"com.mendix.widget.core.Text","widgetId":"39_83","props":{"name":"text10","class":"mx-name-text10","style":{},"caption":{"$type":"textTemplate","text":"Service Name","friendlyId":"MyFirstModule.Template_Specific_Data_overview_2.text10"},"renderMode":"span"},"children":[]}'></div></td><td><div data-mendix-id='39_85' data-mendix-type='mxui.widget.ReactWidgetWrapper' data-mendix-props='"widgetTree":{"widget":"com.mendix.widget.core.Text","widgetId":"39_85","props":{"name":"text11","class":"mx-name-text11","style":{},"caption":{"$type":"textTemplate","text":"Service attribute","friendlyId":"MyFirstModule.Template_Specific_Data_overview_2.text11"},"renderMode":"span"},"children":[]}'></div></td><td><div data-mendix-id='39_87' data-mendix-type='mxui.widget.ReactWidgetWrapper' data-mendix-props='"widgetTree":{"widget":"com.mendix.widget.core.Text","widgetId":"39_87","props":{"name":"text12","class":"mx-name-text12","style":{},"caption":{"$type":"textTemplate","text":"Value name","friendlyId":"MyFirstModule.Template_Specific_Data_overview_2.text12"},"renderMode":"span"},"children":[]}'></div></td><td><div data-mendix-id='39_89' data-mendix-type='mxui.widget.ReactWidgetWrapper' data-mendix-props='"widgetTree":{"widget":"com.mendix.widget.core.Text","widgetId":"39_89","props":{"name":"text9","class":"mx-name-text9","style":{},"caption":{"$type":"textTemplate","text":"Value point","friendlyId":"MyFirstModule.Template_Specific_Data_overview_2.text9"},"renderMode":"span"},"children":[]}'></div></td><td></td></tr></tbody></table><div data-mendix-id='39_97' data-mendix-type='mxui.widget.TemplateGrid' data-mendix-props='"friendlyId":"MyFirstModule.Template_Specific_Data_overview_2.templateGrid3","entity":"MyFirstModule.Patterns_Practices_SAV","schema":"3bc6e94f-2b91-45ab-a52d-953d5becf4b8","config":{"locale":"en_US","gridType":"Standalone","gridpresentation":{"rows":20,"columns":1,"controlbar":false,"pagingbar":false,"selectionmode":"none","editable":false,"sortable":false,"refresh":0,"selectfirst":false},"datasource":{"friendlyId":"MyFirstModule.Template_Specific_Data_overview_2.templateGrid3","type":"entityPath","path":"MyFirstModule.Patterns_Practices_SAV_Template/MyFirstModule.Patterns_Practices_SAV"},"controlBar":{"gridTools":[],"gridActions":[]},"plugins":{}}' class='mx-templategrid mx-name-templateGrid3' tabindex='0'></div></m:template><m:template widget-id='39_101' name='content'><table class='mx-table mx-name-table4 tableHeaderCls'><colgroup><col style='width:20%'></col><col style='width:20%'></col><col style='width:20%'></col><col style='width:20%'></col><col style='width:20%'></col></colgroup><tbody><tr><td><div data-mendix-id='39_105' data-mendix-type='mxui.widget.ReactWidgetWrapper' data-mendix-props='"widgetTree":{"widget":"com.mendix.widget.core.Text","widgetId":"39_105","props":{"name":"text14","class":"mx-name-text14","style":{},"caption":{"$type":"textTemplate","text":"Service Name","friendlyId":"MyFirstModule.Template_Specific_Data_overview_2.text14"},"renderMode":"span"},"children":[]}'></div></td><td><div data-mendix-id='39_107' data-mendix-type='mxui.widget.ReactWidgetWrapper' data-mendix-props='"widgetTree":{"widget":"com.mendix.widget.core.Text","widgetId":"39_107","props":{"name":"text15","class":"mx-name-text15","style":{},"caption":{"$type":"textTemplate","text":"Service attribute","friendlyId":"MyFirstModule.Template_Specific_Data_overview_2.text15"},"renderMode":"span"},"children":[]}'></div></td><td><div data-mendix-id='39_109' data-mendix-type='mxui.widget.ReactWidgetWrapper' data-mendix-props='"widgetTree":{"widget":"com.mendix.widget.core.Text","widgetId":"39_109","props":{"name":"text16","class":"mx-name-text16","style":{},"caption":{"$type":"textTemplate","text":"Value name","friendlyId":"MyFirstModule.Template_Specific_Data_overview_2.text16"},"renderMode":"span"},"children":[]}'></div></td><td><div data-mendix-id='39_111' data-mendix-type='mxui.widget.ReactWidgetWrapper' data-mendix-props='"widgetTree":{"widget":"com.mendix.widget.core.Text","widgetId":"39_111","props":{"name":"text13","class":"mx-name-text13","style":{},"caption":{"$type":"textTemplate","text":"Value point","friendlyId":"MyFirstModule.Template_Specific_Data_overview_2.text13"},"renderMode":"span"},"children":[]}'></div></td><td></td></tr></tbody></table><div data-mendix-id='39_119' data-mendix-type='mxui.widget.TemplateGrid' data-mendix-props='"friendlyId":"MyFirstModule.Template_Specific_Data_overview_2.templateGrid4","entity":"MyFirstModule.Common_Effort_SAV","schema":"8522f632-aae4-4219-bbab-37876039c086","config":{"locale":"en_US","gridType":"Standalone","gridpresentation":{"rows":20,"columns":1,"controlbar":false,"pagingbar":false,"selectionmode":"none","editable":false,"sortable":false,"refresh":0,"selectfirst":false},"datasource":{"friendlyId":"MyFirstModule.Template_Specific_Data_overview_2.templateGrid4","type":"entityPath","path":"MyFirstModule.Common_Effort_SAV_Template/MyFirstModule.Common_Effort_SAV"},"controlBar":{"gridTools":[],"gridActions":[]},"plugins":{}}' class='mx-templategrid mx-name-templateGrid4' tabindex='0'></div></m:template><m:template widget-id='39_123' name='content'><table class='mx-table mx-name-table5 tableHeaderCls'><colgroup><col style='width:20%'></col><col style='width:20%'></col><col style='width:20%'></col><col style='width:20%'></col><col style='width:20%'></col></colgroup><tbody><tr><td><div data-mendix-id='39_127' data-mendix-type='mxui.widget.ReactWidgetWrapper' data-mendix-props='"widgetTree":{"widget":"com.mendix.widget.core.Text","widgetId":"39_127","props":{"name":"text18","class":"mx-name-text18","style":{},"caption":{"$type":"textTemplate","text":"Service Name","friendlyId":"MyFirstModule.Template_Specific_Data_overview_2.text18"},"renderMode":"span"},"children":[]}'></div></td><td><div data-mendix-id='39_129' data-mendix-type='mxui.widget.ReactWidgetWrapper' data-mendix-props='"widgetTree":{"widget":"com.mendix.widget.core.Text","widgetId":"39_129","props":{"name":"text19","class":"mx-name-text19","style":{},"caption":{"$type":"textTemplate","text":"Service attribute","friendlyId":"MyFirstModule.Template_Specific_Data_overview_2.text19"},"renderMode":"span"},"children":[]}'></div></td><td><div data-mendix-id='39_131' data-mendix-type='mxui.widget.ReactWidgetWrapper' data-mendix-props='"widgetTree":{"widget":"com.mendix.widget.core.Text","widgetId":"39_131","props":{"name":"text20","class":"mx-name-text20","style":{},"caption":{"$type":"textTemplate","text":"Value name","friendlyId":"MyFirstModule.Template_Specific_Data_overview_2.text20"},"renderMode":"span"},"children":[]}'></div></td><td><div data-mendix-id='39_133' data-mendix-type='mxui.widget.ReactWidgetWrapper' data-mendix-props='"widgetTree":{"widget":"com.mendix.widget.core.Text","widgetId":"39_133","props":{"name":"text17","class":"mx-name-text17","style":{},"caption":{"$type":"textTemplate","text":"Value point","friendlyId":"MyFirstModule.Template_Specific_Data_overview_2.text17"},"renderMode":"span"},"children":[]}'></div></td><td></td></tr></tbody></table><div data-mendix-id='39_141' data-mendix-type='mxui.widget.TemplateGrid' data-mendix-props='"friendlyId":"MyFirstModule.Template_Specific_Data_overview_2.templateGrid5","entity":"MyFirstModule.Tech_Stack_SAV","schema":"af938c23-1fff-49ae-a426-a102aef55ce1","config":{"locale":"en_US","gridType":"Standalone","gridpresentation":{"rows":20,"columns":1,"controlbar":false,"pagingbar":false,"selectionmode":"none","editable":false,"sortable":false,"refresh":0,"selectfirst":false},"datasource":{"friendlyId":"MyFirstModule.Template_Specific_Data_overview_2.templateGrid5","type":"entityPath","path":"MyFirstModule.Tech_Stack_SAV_Template/MyFirstModule.Tech_Stack_SAV"},"controlBar":{"gridTools":[],"gridActions":[]},"plugins":{}}' class='mx-templategrid mx-name-templateGrid5' tabindex='0'></div></m:template><m:template widget-id='39_145' name='content'><table class='mx-table mx-name-table6 tableHeaderCls'><colgroup><col style='width:20%'></col><col style='width:20%'></col><col style='width:20%'></col><col style='width:20%'></col><col style='width:20%'></col></colgroup><tbody><tr><td><div data-mendix-id='39_149' data-mendix-type='mxui.widget.ReactWidgetWrapper' data-mendix-props='"widgetTree":{"widget":"com.mendix.widget.core.Text","widgetId":"39_149","props":{"name":"text22","class":"mx-name-text22","style":{},"caption":{"$type":"textTemplate","text":"Service Name","friendlyId":"MyFirstModule.Template_Specific_Data_overview_2.text22"},"renderMode":"span"},"children":[]}'></div></td><td><div data-mendix-id='39_151' data-mendix-type='mxui.widget.ReactWidgetWrapper' data-mendix-props='"widgetTree":{"widget":"com.mendix.widget.core.Text","widgetId":"39_151","props":{"name":"text23","class":"mx-name-text23","style":{},"caption":{"$type":"textTemplate","text":"Service attribute","friendlyId":"MyFirstModule.Template_Specific_Data_overview_2.text23"},"renderMode":"span"},"children":[]}'></div></td><td><div data-mendix-id='39_153' data-mendix-type='mxui.widget.ReactWidgetWrapper' data-mendix-props='"widgetTree":{"widget":"com.mendix.widget.core.Text","widgetId":"39_153","props":{"name":"text24","class":"mx-name-text24","style":{},"caption":{"$type":"textTemplate","text":"Value name","friendlyId":"MyFirstModule.Template_Specific_Data_overview_2.text24"},"renderMode":"span"},"children":[]}'></div></td><td><div data-mendix-id='39_155' data-mendix-type='mxui.widget.ReactWidgetWrapper' data-mendix-props='"widgetTree":{"widget":"com.mendix.widget.core.Text","widgetId":"39_155","props":{"name":"text21","class":"mx-name-text21","style":{},"caption":{"$type":"textTemplate","text":"Value point","friendlyId":"MyFirstModule.Template_Specific_Data_overview_2.text21"},"renderMode":"span"},"children":[]}'></div></td><td></td></tr></tbody></table><div data-mendix-id='39_163' data-mendix-type='mxui.widget.TemplateGrid' data-mendix-props='"friendlyId":"MyFirstModule.Template_Specific_Data_overview_2.templateGrid6","entity":"MyFirstModule.Dev_process_SAV","schema":"5dcd7061-b0c5-4918-892b-1b09490eec0e","config":{"locale":"en_US","gridType":"Standalone","gridpresentation":{"rows":20,"columns":1,"controlbar":false,"pagingbar":false,"selectionmode":"none","editable":false,"sortable":false,"refresh":0,"selectfirst":false},"datasource":{"friendlyId":"MyFirstModule.Template_Specific_Data_overview_2.templateGrid6","type":"entityPath","path":"MyFirstModule.Dev_process_SAV_Template/MyFirstModule.Dev_process_SAV"},"controlBar":{"gridTools":[],"gridActions":[]},"plugins":{}}' class='mx-templategrid mx-name-templateGrid6' tabindex='0'></div></m:template><m:template widget-id='39_167' name='content'><table class='mx-table mx-name-table7 tableHeaderCls'><colgroup><col style='width:20%'></col><col style='width:20%'></col><col style='width:20%'></col><col style='width:20%'></col><col style='width:20%'></col></colgroup><tbody><tr><td><div data-mendix-id='39_171' data-mendix-type='mxui.widget.ReactWidgetWrapper' data-mendix-props='"widgetTree":{"widget":"com.mendix.widget.core.Text","widgetId":"39_171","props":{"name":"text26","class":"mx-name-text26","style":{},"caption":{"$type":"textTemplate","text":"Service Name","friendlyId":"MyFirstModule.Template_Specific_Data_overview_2.text26"},"renderMode":"span"},"children":[]}'></div></td><td><div data-mendix-id='39_173' data-mendix-type='mxui.widget.ReactWidgetWrapper' data-mendix-props='"widgetTree":{"widget":"com.mendix.widget.core.Text","widgetId":"39_173","props":{"name":"text27","class":"mx-name-text27","style":{},"caption":{"$type":"textTemplate","text":"Service attribute","friendlyId":"MyFirstModule.Template_Specific_Data_overview_2.text27"},"renderMode":"span"},"children":[]}'></div></td><td><div data-mendix-id='39_175' data-mendix-type='mxui.widget.ReactWidgetWrapper' data-mendix-props='"widgetTree":{"widget":"com.mendix.widget.core.Text","widgetId":"39_175","props":{"name":"text28","class":"mx-name-text28","style":{},"caption":{"$type":"textTemplate","text":"Value name","friendlyId":"MyFirstModule.Template_Specific_Data_overview_2.text28"},"renderMode":"span"},"children":[]}'></div></td><td><div data-mendix-id='39_177' data-mendix-type='mxui.widget.ReactWidgetWrapper' data-mendix-props='"widgetTree":{"widget":"com.mendix.widget.core.Text","widgetId":"39_177","props":{"name":"text25","class":"mx-name-text25","style":{},"caption":{"$type":"textTemplate","text":"Value point","friendlyId":"MyFirstModule.Template_Specific_Data_overview_2.text25"},"renderMode":"span"},"children":[]}'></div></td><td></td></tr></tbody></table><div data-mendix-id='39_185' data-mendix-type='mxui.widget.TemplateGrid' data-mendix-props='"friendlyId":"MyFirstModule.Template_Specific_Data_overview_2.templateGrid7","entity":"MyFirstModule.Policy_SAV","schema":"9d2d9b84-0f8f-4ce6-8375-ec684256cbc8","config":{"locale":"en_US","gridType":"Standalone","gridpresentation":{"rows":20,"columns":1,"controlbar":false,"pagingbar":false,"selectionmode":"none","editable":false,"sortable":false,"refresh":0,"selectfirst":false},"datasource":{"friendlyId":"MyFirstModule.Template_Specific_Data_overview_2.templateGrid7","type":"entityPath","path":"MyFirstModule.Policy_SAV_Template/MyFirstModule.Policy_SAV"},"controlBar":{"gridTools":[],"gridActions":[]},"plugins":{}}' class='mx-templategrid mx-name-templateGrid7' tabindex='0'></div></m:template><m:template widget-id='39_189' name='content'><table class='mx-table mx-name-table8 tableHeaderCls'><colgroup><col style='width:20%'></col><col style='width:20%'></col><col style='width:20%'></col><col style='width:20%'></col><col style='width:20%'></col></colgroup><tbody><tr><td><div data-mendix-id='39_193' data-mendix-type='mxui.widget.ReactWidgetWrapper' data-mendix-props='"widgetTree":{"widget":"com.mendix.widget.core.Text","widgetId":"39_193","props":{"name":"text30","class":"mx-name-text30","style":{},"caption":{"$type":"textTemplate","text":"Service Name","friendlyId":"MyFirstModule.Template_Specific_Data_overview_2.text30"},"renderMode":"span"},"children":[]}'></div></td><td><div data-mendix-id='39_195' data-mendix-type='mxui.widget.ReactWidgetWrapper' data-mendix-props='"widgetTree":{"widget":"com.mendix.widget.core.Text","widgetId":"39_195","props":{"name":"text31","class":"mx-name-text31","style":{},"caption":{"$type":"textTemplate","text":"Service attribute","friendlyId":"MyFirstModule.Template_Specific_Data_overview_2.text31"},"renderMode":"span"},"children":[]}'></div></td><td><div data-mendix-id='39_197' data-mendix-type='mxui.widget.ReactWidgetWrapper' data-mendix-props='"widgetTree":{"widget":"com.mendix.widget.core.Text","widgetId":"39_197","props":{"name":"text32","class":"mx-name-text32","style":{},"caption":{"$type":"textTemplate","text":"Value name","friendlyId":"MyFirstModule.Template_Specific_Data_overview_2.text32"},"renderMode":"span"},"children":[]}'></div></td><td><div data-mendix-id='39_199' data-mendix-type='mxui.widget.ReactWidgetWrapper' data-mendix-props='"widgetTree":{"widget":"com.mendix.widget.core.Text","widgetId":"39_199","props":{"name":"text29","class":"mx-name-text29","style":{},"caption":{"$type":"textTemplate","text":"Value point","friendlyId":"MyFirstModule.Template_Specific_Data_overview_2.text29"},"renderMode":"span"},"children":[]}'></div></td><td></td></tr></tbody></table><div data-mendix-id='39_207' data-mendix-type='mxui.widget.TemplateGrid' data-mendix-props='"friendlyId":"MyFirstModule.Template_Specific_Data_overview_2.templateGrid8","entity":"MyFirstModule.Infrastructure_SAV","schema":"15408369-f71c-4285-87e8-159e71e789a1","config":{"locale":"en_US","gridType":"Standalone","gridpresentation":{"rows":20,"columns":1,"controlbar":false,"pagingbar":false,"selectionmode":"none","editable":false,"sortable":false,"refresh":0,"selectfirst":false},"datasource":{"friendlyId":"MyFirstModule.Template_Specific_Data_overview_2.templateGrid8","type":"entityPath","path":"MyFirstModule.Infrastructure_SAV_Template/MyFirstModule.Infrastructure_SAV"},"controlBar":{"gridTools":[],"gridActions":[]},"plugins":{}}' class='mx-templategrid mx-name-templateGrid8' tabindex='0'></div></m:template><m:template widget-id='39_283' name='content'><table class='mx-table mx-name-table2'><colgroup><col style='width:25%'></col><col style='width:25%'></col><col style='width:25%'></col><col style='width:25%'></col></colgroup><tbody><tr><td><div data-mendix-id='39_284_287' data-mendix-type='mxui.widget.ReactWidgetWrapper' data-mendix-props='"widgetTree":{"widget":"com.mendix.widget.core.Text","widgetId":"39_284_287","props":{"name":"text1","class":"mx-name-text1","style":{},"caption":{"$type":"textTemplate","text":"{1}","friendlyId":"MyFirstModule.Snippet_new_assumption_local.text1","parameters":{"1":"MyFirstModule.Assumptions_Local/Service_Nature"}},"renderMode":"span"},"children":[]}'></div></td><td><div data-mendix-id='39_284_289' data-mendix-type='mxui.widget.ReactWidgetWrapper' data-mendix-props='"widgetTree":{"widget":"com.mendix.widget.core.Text","widgetId":"39_284_289","props":{"name":"text2","class":"mx-name-text2","style":{},"caption":{"$type":"textTemplate","text":"{1}","friendlyId":"MyFirstModule.Snippet_new_assumption_local.text2","parameters":{"1":"MyFirstModule.Assumptions_Local/Properties"}},"renderMode":"span"},"children":[]}'></div></td><td><div data-mendix-id='39_284_291' data-mendix-type='mxui.widget.ReactWidgetWrapper' data-mendix-props='"widgetTree":{"widget":"com.mendix.widget.core.Text","widgetId":"39_284_291","props":{"name":"text3","class":"mx-name-text3","style":{},"caption":{"$type":"textTemplate","text":"{1}","friendlyId":"MyFirstModule.Snippet_new_assumption_local.text3","parameters":{"1":"MyFirstModule.Assumptions_Local/Percentage"}},"renderMode":"span"},"children":[]}'></div></td><td><div class='mx-name-container1'><div data-mendix-id='39_284_295' data-mendix-type='mxui.widget.ActionButton' data-mendix-props='"friendlyId":"MyFirstModule.Snippet_new_assumption_local.actionButton1","caption":{"$type":"textTemplate","text":"","friendlyId":"MyFirstModule.Snippet_new_assumption_local.actionButton1"},"iconUrl":"img/MyFirstModule$edit_on.png?636468842603385563","title":"Edit Assumption value","renderType":"link","action":{"type":"openPage","hasParameter":true,"params":{"path":"MyFirstModule/Assumption_New_Edit_Local.page.xml","title":"Edit Assumption Detail","location":"modal","resizable":true,"allowedRoles":["Administrator","User"]}}' data-mendix-roles='Administrator,User' class='mx-name-actionButton1 imgCls-small' style='margin-left:20px;' tabindex='0'></div><div data-mendix-id='39_284_296' data-mendix-type='mxui.widget.ActionButton' data-mendix-props='"friendlyId":"MyFirstModule.Snippet_new_assumption_local.actionButton2","caption":{"$type":"textTemplate","text":"","friendlyId":"MyFirstModule.Snippet_new_assumption_local.actionButton2"},"iconUrl":"img/MyFirstModule$delete_on.png?636468842603385563","title":"Delete Assumption value","renderType":"link","action":{"type":"callMicroflow","hasParameter":true,"params":{"name":"MyFirstModule.Microflow_assumption_local_delete","validate":"view","confirmation":{"question":"Are you sure you want to delete this?","proceed":"Delete","cancel":"Cancel"},"applyTo":"selection","allowedRoles":["Administrator","User"]}}' data-mendix-roles='Administrator,User' class='mx-name-actionButton2 imgCls-small' style='margin-left:20px;' tabindex='0'></div></div></td></tr></tbody></table></m:template><m:template widget-id='39_302' name='content'><table class='mx-table mx-name-table2'><colgroup><col style='width:13%'></col><col style='width:12%'></col><col style='width:13%'></col><col style='width:13%'></col><col style='width:14%'></col><col style='width:13%'></col><col style='width:12%'></col><col style='width:10%'></col></colgroup><tbody><tr><td><div data-mendix-id='39_303_306' data-mendix-type='mxui.widget.ReactWidgetWrapper' data-mendix-props='"widgetTree":{"widget":"com.mendix.widget.core.Text","widgetId":"39_303_306","props":{"name":"text1","class":"mx-name-text1","style":{},"caption":{"$type":"textTemplate","text":"{1}","friendlyId":"MyFirstModule.Snippet_new_consolidated_Local.text1","parameters":{"1":"MyFirstModule.Consolidated_Estimate_Local/Contingency"}},"renderMode":"span"},"children":[]}'></div></td><td><div data-mendix-id='39_303_308' data-mendix-type='mxui.widget.ReactWidgetWrapper' data-mendix-props='"widgetTree":{"widget":"com.mendix.widget.core.Text","widgetId":"39_303_308","props":{"name":"text4","class":"mx-name-text4","style":{},"caption":{"$type":"textTemplate","text":"{1}","friendlyId":"MyFirstModule.Snippet_new_consolidated_Local.text4","parameters":{"1":"MyFirstModule.Consolidated_Estimate_Local/Performance_Engineering"}},"renderMode":"span"},"children":[]}'></div></td><td><div data-mendix-id='39_303_310' data-mendix-type='mxui.widget.ReactWidgetWrapper' data-mendix-props='"widgetTree":{"widget":"com.mendix.widget.core.Text","widgetId":"39_303_310","props":{"name":"text2","class":"mx-name-text2","style":{},"caption":{"$type":"textTemplate","text":"{1}","friendlyId":"MyFirstModule.Snippet_new_consolidated_Local.text2","parameters":{"1":"MyFirstModule.Consolidated_Estimate_Local/Project_Management"}},"renderMode":"span"},"children":[]}'></div></td><td><div data-mendix-id='39_303_312' data-mendix-type='mxui.widget.ReactWidgetWrapper' data-mendix-props='"widgetTree":{"widget":"com.mendix.widget.core.Text","widgetId":"39_303_312","props":{"name":"text5","class":"mx-name-text5","style":{},"caption":{"$type":"textTemplate","text":"  {1}","friendlyId":"MyFirstModule.Snippet_new_consolidated_Local.text5","parameters":{"1":"MyFirstModule.Consolidated_Estimate_Local/Infrastructure"}},"renderMode":"span"},"children":[]}'></div></td><td><div data-mendix-id='39_303_314' data-mendix-type='mxui.widget.ReactWidgetWrapper' data-mendix-props='"widgetTree":{"widget":"com.mendix.widget.core.Text","widgetId":"39_303_314","props":{"name":"text3","class":"mx-name-text3","style":{},"caption":{"$type":"textTemplate","text":"{1}","friendlyId":"MyFirstModule.Snippet_new_consolidated_Local.text3","parameters":{"1":"MyFirstModule.Consolidated_Estimate_Local/UAT_Effort"}},"renderMode":"span"},"children":[]}'></div></td><td><div data-mendix-id='39_303_316' data-mendix-type='mxui.widget.ReactWidgetWrapper' data-mendix-props='"widgetTree":{"widget":"com.mendix.widget.core.Text","widgetId":"39_303_316","props":{"name":"text6","class":"mx-name-text6","style":{},"caption":{"$type":"textTemplate","text":"{1}","friendlyId":"MyFirstModule.Snippet_new_consolidated_Local.text6","parameters":{"1":"MyFirstModule.Consolidated_Estimate_Local/Post_Prod_Support"}},"renderMode":"span"},"children":[]}'></div></td><td><div data-mendix-id='39_303_318' data-mendix-type='mxui.widget.ReactWidgetWrapper' data-mendix-props='"widgetTree":{"widget":"com.mendix.widget.core.Text","widgetId":"39_303_318","props":{"name":"text7","class":"mx-name-text7","style":{},"caption":{"$type":"textTemplate","text":"{1}","friendlyId":"MyFirstModule.Snippet_new_consolidated_Local.text7","parameters":{"1":"MyFirstModule.Consolidated_Estimate_Local/With_QA"}},"renderMode":"span"},"children":[]}'></div></td><td><div class='mx-name-container1'><div data-mendix-id='39_303_321' data-mendix-type='mxui.widget.ActionButton' data-mendix-props='"friendlyId":"MyFirstModule.Snippet_new_consolidated_Local.actionButton1","caption":{"$type":"textTemplate","text":"","friendlyId":"MyFirstModule.Snippet_new_consolidated_Local.actionButton1"},"iconUrl":"img/MyFirstModule$edit_on.png?636468842603385563","title":"Edit Value","renderType":"link","action":{"type":"openPage","hasParameter":true,"params":{"path":"MyFirstModule/Consolidated_Local_New_Edit.page.xml","title":"Edit Consolidated Estimate","location":"modal","resizable":true,"allowedRoles":["Administrator","User"]}}' data-mendix-roles='Administrator,User' class='mx-name-actionButton1 imgCls-small' style='margin-left:20px;' tabindex='0'></div></div></td></tr></tbody></table></m:template><m:template widget-id='39_53' name='content'><div data-mendix-id='39_331' data-mendix-type='mxui.widget.DataView' data-mendix-props='"friendlyId":"MyFirstModule.Template_Specific_Data_overview_2.templateGrid1","entity":"MyFirstModule.Orch_SAV","schema":"8d05b84b-4c01-4127-8dd9-c329864855a2","readOnly":true,"datasource":{"friendlyId":"MyFirstModule.Template_Specific_Data_overview_2.templateGrid1","type":"direct","path":"MyFirstModule.Orch_SAV"}' tabindex='0'></div></m:template><m:template widget-id='39_75' name='content'><div data-mendix-id='39_353' data-mendix-type='mxui.widget.DataView' data-mendix-props='"friendlyId":"MyFirstModule.Template_Specific_Data_overview_2.templateGrid2","entity":"MyFirstModule.Data_Based_SAV","schema":"701b2399-0ae2-4329-86a0-9834c9834b83","readOnly":true,"datasource":{"friendlyId":"MyFirstModule.Template_Specific_Data_overview_2.templateGrid2","type":"direct","path":"MyFirstModule.Data_Based_SAV"}' tabindex='0'></div></m:template><m:template widget-id='39_97' name='content'><div data-mendix-id='39_375' data-mendix-type='mxui.widget.DataView' data-mendix-props='"friendlyId":"MyFirstModule.Template_Specific_Data_overview_2.templateGrid3","entity":"MyFirstModule.Patterns_Practices_SAV","schema":"16e80b01-8037-4c40-bee3-c4a15cc59010","readOnly":true,"datasource":{"friendlyId":"MyFirstModule.Template_Specific_Data_overview_2.templateGrid3","type":"direct","path":"MyFirstModule.Patterns_Practices_SAV"}' tabindex='0'></div></m:template><m:template widget-id='39_119' name='content'><div data-mendix-id='39_397' data-mendix-type='mxui.widget.DataView' data-mendix-props='"friendlyId":"MyFirstModule.Template_Specific_Data_overview_2.templateGrid4","entity":"MyFirstModule.Common_Effort_SAV","schema":"9df772d5-eea6-40a2-8e10-9661085d23ef","readOnly":true,"datasource":{"friendlyId":"MyFirstModule.Template_Specific_Data_overview_2.templateGrid4","type":"direct","path":"MyFirstModule.Common_Effort_SAV"}' tabindex='0'></div></m:template><m:template widget-id='39_141' name='content'><div data-mendix-id='39_419' data-mendix-type='mxui.widget.DataView' data-mendix-props='"friendlyId":"MyFirstModule.Template_Specific_Data_overview_2.templateGrid5","entity":"MyFirstModule.Tech_Stack_SAV","schema":"880fbdef-1f0c-4fb7-a0f6-8d331388f9bb","readOnly":true,"datasource":{"friendlyId":"MyFirstModule.Template_Specific_Data_overview_2.templateGrid5","type":"direct","path":"MyFirstModule.Tech_Stack_SAV"}' tabindex='0'></div></m:template><m:template widget-id='39_163' name='content'><div data-mendix-id='39_441' data-mendix-type='mxui.widget.DataView' data-mendix-props='"friendlyId":"MyFirstModule.Template_Specific_Data_overview_2.templateGrid6","entity":"MyFirstModule.Dev_process_SAV","schema":"39983884-b98d-42de-81b8-ec7c0d0a74c7","readOnly":true,"datasource":{"friendlyId":"MyFirstModule.Template_Specific_Data_overview_2.templateGrid6","type":"direct","path":"MyFirstModule.Dev_process_SAV"}' tabindex='0'></div></m:template><m:template widget-id='39_185' name='content'><div data-mendix-id='39_463' data-mendix-type='mxui.widget.DataView' data-mendix-props='"friendlyId":"MyFirstModule.Template_Specific_Data_overview_2.templateGrid7","entity":"MyFirstModule.Policy_SAV","schema":"25647fa3-a6e0-44bc-bd1c-dfd9d01a186b","readOnly":true,"datasource":{"friendlyId":"MyFirstModule.Template_Specific_Data_overview_2.templateGrid7","type":"direct","path":"MyFirstModule.Policy_SAV"}' tabindex='0'></div></m:template><m:template widget-id='39_207' name='content'><div data-mendix-id='39_485' data-mendix-type='mxui.widget.DataView' data-mendix-props='"friendlyId":"MyFirstModule.Template_Specific_Data_overview_2.templateGrid8","entity":"MyFirstModule.Infrastructure_SAV","schema":"74955aac-3831-4e5d-ae2d-942fa4acbe48","readOnly":true,"datasource":{"friendlyId":"MyFirstModule.Template_Specific_Data_overview_2.templateGrid8","type":"direct","path":"MyFirstModule.Infrastructure_SAV"}' tabindex='0'></div></m:template><m:template widget-id='39_331' name='content'><table class='mx-table mx-name-table2'><colgroup><col style='width:20%'></col><col style='width:20%'></col><col style='width:20%'></col><col style='width:19%'></col><col style='width:21%'></col></colgroup><tbody><tr><td><div data-mendix-id='39_332_335' data-mendix-type='mxui.widget.ReactWidgetWrapper' data-mendix-props='"widgetTree":{"widget":"com.mendix.widget.core.Text","widgetId":"39_332_335","props":{"name":"text1","class":"mx-name-text1","style":{},"caption":{"$type":"textTemplate","text":"{1}","friendlyId":"MyFirstModule.Snippet_orches_sav.text1","parameters":{"1":"MyFirstModule.Orch_SAV/Service_Name"}},"renderMode":"span"},"children":[]}'></div></td><td><div data-mendix-id='39_332_337' data-mendix-type='mxui.widget.ReactWidgetWrapper' data-mendix-props='"widgetTree":{"widget":"com.mendix.widget.core.Text","widgetId":"39_332_337","props":{"name":"text2","class":"mx-name-text2","style":{},"caption":{"$type":"textTemplate","text":"{1}","friendlyId":"MyFirstModule.Snippet_orches_sav.text2","parameters":{"1":"MyFirstModule.Orch_SAV/Service_Attribute"}},"renderMode":"span"},"children":[]}'></div></td><td><div data-mendix-id='39_332_339' data-mendix-type='mxui.widget.ReactWidgetWrapper' data-mendix-props='"widgetTree":{"widget":"com.mendix.widget.core.Text","widgetId":"39_332_339","props":{"name":"text6","class":"mx-name-text6","style":{},"caption":{"$type":"textTemplate","text":"{1}","friendlyId":"MyFirstModule.Snippet_orches_sav.text6","parameters":{"1":"MyFirstModule.Orch_SAV/Value_Name"}},"renderMode":"span"},"children":[]}'></div></td><td><div data-mendix-id='39_332_341' data-mendix-type='mxui.widget.ReactWidgetWrapper' data-mendix-props='"widgetTree":{"widget":"com.mendix.widget.core.Text","widgetId":"39_332_341","props":{"name":"text3","class":"mx-name-text3","style":{},"caption":{"$type":"textTemplate","text":"{1}","friendlyId":"MyFirstModule.Snippet_orches_sav.text3","parameters":{"1":"MyFirstModule.Orch_SAV/Value_Point"}},"renderMode":"span"},"children":[]}'></div></td><td><div class='mx-name-container2'><div data-mendix-id='39_332_345' data-mendix-type='mxui.widget.ActionButton' data-mendix-props='"friendlyId":"MyFirstModule.Snippet_orches_sav.actionButton1","caption":{"$type":"textTemplate","text":"","friendlyId":"MyFirstModule.Snippet_orches_sav.actionButton1"},"iconUrl":"img/MyFirstModule$edit_on.png?636468842603385563","title":"Edit Service Attribute Value","renderType":"link","action":{"type":"openPage","hasParameter":true,"params":{"path":"MyFirstModule/Orch_SAV_NewEdit.page.xml","title":"Edit Values for Orchestration Service","location":"modal","resizable":true,"allowedRoles":["Administrator","User"]}}' data-mendix-roles='Administrator,User' class='mx-name-actionButton1 imgCls-small' style='margin-left:-10px;' tabindex='0'></div><div data-mendix-id='39_332_346' data-mendix-type='mxui.widget.ActionButton' data-mendix-props='"friendlyId":"MyFirstModule.Snippet_orches_sav.actionButton4","caption":{"$type":"textTemplate","text":"","friendlyId":"MyFirstModule.Snippet_orches_sav.actionButton4"},"iconUrl":"img/MyFirstModule$delete_on.png?636468842603385563","title":"Delete Service Attribute Value","renderType":"link","action":{"type":"callMicroflow","hasParameter":true,"params":{"name":"MyFirstModule.Microflow_delet_orches_sav","validate":"view","confirmation":{"question":"Are you sure you want to delete this?","proceed":"Delete","cancel":"Cancel"},"applyTo":"selection","allowedRoles":["Administrator","User"]}}' data-mendix-roles='Administrator,User' class='mx-name-actionButton4 imgCls-small' style='margin-left:20px;' tabindex='0'></div></div></td></tr></tbody></table></m:template><m:template widget-id='39_353' name='content'><table class='mx-table mx-name-table1'><colgroup><col style='width:20%'></col><col style='width:20%'></col><col style='width:20%'></col><col style='width:20%'></col><col style='width:20%'></col></colgroup><tbody><tr><td><div data-mendix-id='39_354_357' data-mendix-type='mxui.widget.ReactWidgetWrapper' data-mendix-props='"widgetTree":{"widget":"com.mendix.widget.core.Text","widgetId":"39_354_357","props":{"name":"text1","class":"mx-name-text1","style":{},"caption":{"$type":"textTemplate","text":"{1}","friendlyId":"MyFirstModule.Snippet_Databasesav.text1","parameters":{"1":"MyFirstModule.Data_Based_SAV/Service_Name"}},"renderMode":"span"},"children":[]}'></div></td><td><div data-mendix-id='39_354_359' data-mendix-type='mxui.widget.ReactWidgetWrapper' data-mendix-props='"widgetTree":{"widget":"com.mendix.widget.core.Text","widgetId":"39_354_359","props":{"name":"text2","class":"mx-name-text2","style":{},"caption":{"$type":"textTemplate","text":"{1}","friendlyId":"MyFirstModule.Snippet_Databasesav.text2","parameters":{"1":"MyFirstModule.Data_Based_SAV/Service_Name"}},"renderMode":"span"},"children":[]}'></div></td><td><div data-mendix-id='39_354_361' data-mendix-type='mxui.widget.ReactWidgetWrapper' data-mendix-props='"widgetTree":{"widget":"com.mendix.widget.core.Text","widgetId":"39_354_361","props":{"name":"text3","class":"mx-name-text3","style":{},"caption":{"$type":"textTemplate","text":"{1}","friendlyId":"MyFirstModule.Snippet_Databasesav.text3","parameters":{"1":"MyFirstModule.Data_Based_SAV/Value_Name"}},"renderMode":"span"},"children":[]}'></div></td><td><div data-mendix-id='39_354_363' data-mendix-type='mxui.widget.ReactWidgetWrapper' data-mendix-props='"widgetTree":{"widget":"com.mendix.widget.core.Text","widgetId":"39_354_363","props":{"name":"text4","class":"mx-name-text4","style":{},"caption":{"$type":"textTemplate","text":"{1}","friendlyId":"MyFirstModule.Snippet_Databasesav.text4","parameters":{"1":"MyFirstModule.Data_Based_SAV/Value_Point"}},"renderMode":"span"},"children":[]}'></div></td><td><div class='mx-name-container1'><div data-mendix-id='39_354_367' data-mendix-type='mxui.widget.ActionButton' data-mendix-props='"friendlyId":"MyFirstModule.Snippet_Databasesav.actionButton2","caption":{"$type":"textTemplate","text":"","friendlyId":"MyFirstModule.Snippet_Databasesav.actionButton2"},"iconUrl":"img/MyFirstModule$edit_on.png?636468842603385563","title":"Edit Service Attribute Value","renderType":"link","action":{"type":"openPage","hasParameter":true,"params":{"path":"MyFirstModule/Database_SAV_NewEdit.page.xml","title":"Edit values for Data Based Service","location":"modal","resizable":true,"allowedRoles":["Administrator","User"]}}' data-mendix-roles='Administrator,User' class='mx-name-actionButton2 imgCls-small' style='margin-left:20px;' tabindex='0'></div><div data-mendix-id='39_354_368' data-mendix-type='mxui.widget.ActionButton' data-mendix-props='"friendlyId":"MyFirstModule.Snippet_Databasesav.actionButton3","caption":{"$type":"textTemplate","text":"","friendlyId":"MyFirstModule.Snippet_Databasesav.actionButton3"},"iconUrl":"img/MyFirstModule$delete_on.png?636468842603385563","title":"Delete Service Attribute Value","renderType":"link","action":{"type":"callMicroflow","hasParameter":true,"params":{"name":"MyFirstModule.Microflow_delete_database_sav","validate":"view","confirmation":{"question":"Are you sure you want to delete this?","proceed":"Delete","cancel":"Cancel"},"applyTo":"selection","allowedRoles":["Administrator","User"]}}' data-mendix-roles='Administrator,User' class='mx-name-actionButton3 imgCls-small' style='margin-left:20px;' tabindex='0'></div></div></td></tr></tbody></table></m:template><m:template widget-id='39_375' name='content'><table class='mx-table mx-name-table1'><colgroup><col style='width:20%'></col><col style='width:20%'></col><col style='width:20%'></col><col style='width:20%'></col><col style='width:20%'></col></colgroup><tbody><tr><td><div data-mendix-id='39_376_379' data-mendix-type='mxui.widget.ReactWidgetWrapper' data-mendix-props='"widgetTree":{"widget":"com.mendix.widget.core.Text","widgetId":"39_376_379","props":{"name":"text1","class":"mx-name-text1","style":{},"caption":{"$type":"textTemplate","text":"{1}","friendlyId":"MyFirstModule.Snippet_paternpractice_sav.text1","parameters":{"1":"MyFirstModule.Patterns_Practices_SAV/Service_Name"}},"renderMode":"span"},"children":[]}'></div></td><td><div data-mendix-id='39_376_381' data-mendix-type='mxui.widget.ReactWidgetWrapper' data-mendix-props='"widgetTree":{"widget":"com.mendix.widget.core.Text","widgetId":"39_376_381","props":{"name":"text2","class":"mx-name-text2","style":{},"caption":{"$type":"textTemplate","text":"{1}","friendlyId":"MyFirstModule.Snippet_paternpractice_sav.text2","parameters":{"1":"MyFirstModule.Patterns_Practices_SAV/Service_Attribute"}},"renderMode":"span"},"children":[]}'></div></td><td><div data-mendix-id='39_376_383' data-mendix-type='mxui.widget.ReactWidgetWrapper' data-mendix-props='"widgetTree":{"widget":"com.mendix.widget.core.Text","widgetId":"39_376_383","props":{"name":"text3","class":"mx-name-text3","style":{},"caption":{"$type":"textTemplate","text":"{1}","friendlyId":"MyFirstModule.Snippet_paternpractice_sav.text3","parameters":{"1":"MyFirstModule.Patterns_Practices_SAV/Value_Name"}},"renderMode":"span"},"children":[]}'></div></td><td><div data-mendix-id='39_376_385' data-mendix-type='mxui.widget.ReactWidgetWrapper' data-mendix-props='"widgetTree":{"widget":"com.mendix.widget.core.Text","widgetId":"39_376_385","props":{"name":"text4","class":"mx-name-text4","style":{},"caption":{"$type":"textTemplate","text":"{1}","friendlyId":"MyFirstModule.Snippet_paternpractice_sav.text4","parameters":{"1":"MyFirstModule.Patterns_Practices_SAV/Value_Point"}},"renderMode":"span"},"children":[]}'></div></td><td><div class='mx-name-container1'><div data-mendix-id='39_376_389' data-mendix-type='mxui.widget.ActionButton' data-mendix-props='"friendlyId":"MyFirstModule.Snippet_paternpractice_sav.actionButton2","caption":{"$type":"textTemplate","text":"","friendlyId":"MyFirstModule.Snippet_paternpractice_sav.actionButton2"},"iconUrl":"img/MyFirstModule$edit_on.png?636468842603385563","title":"Edit Service Attribute Value","renderType":"link","action":{"type":"openPage","hasParameter":true,"params":{"path":"MyFirstModule/Patterns_Practices_SAV_NewEdit.page.xml","title":"Edit values for Patterns &amp; Practices","location":"modal","resizable":true,"allowedRoles":["Administrator","User"]}}' data-mendix-roles='Administrator,User' class='mx-name-actionButton2 imgCls-small' style='margin-left:20px;' tabindex='0'></div><div data-mendix-id='39_376_390' data-mendix-type='mxui.widget.ActionButton' data-mendix-props='"friendlyId":"MyFirstModule.Snippet_paternpractice_sav.actionButton3","caption":{"$type":"textTemplate","text":"","friendlyId":"MyFirstModule.Snippet_paternpractice_sav.actionButton3"},"iconUrl":"img/MyFirstModule$delete_on.png?636468842603385563","title":"Delete Service Attribute Value","renderType":"link","action":{"type":"callMicroflow","hasParameter":true,"params":{"name":"MyFirstModule.Microflow_delete_pattern_sav","validate":"view","confirmation":{"question":"Are you sure you want to delete this?","proceed":"Delete","cancel":"Cancel"},"applyTo":"selection","allowedRoles":["Administrator","User"]}}' data-mendix-roles='Administrator,User' class='mx-name-actionButton3 imgCls-small' style='margin-left:20px;' tabindex='0'></div></div></td></tr></tbody></table></m:template><m:template widget-id='39_397' name='content'><table class='mx-table mx-name-table2'><colgroup><col style='width:20%'></col><col style='width:20%'></col><col style='width:20%'></col><col style='width:20%'></col><col style='width:20%'></col></colgroup><tbody><tr><td><div data-mendix-id='39_398_401' data-mendix-type='mxui.widget.ReactWidgetWrapper' data-mendix-props='"widgetTree":{"widget":"com.mendix.widget.core.Text","widgetId":"39_398_401","props":{"name":"text1","class":"mx-name-text1","style":{},"caption":{"$type":"textTemplate","text":"{1}","friendlyId":"MyFirstModule.Snippet_commoneffort_sav.text1","parameters":{"1":"MyFirstModule.Common_Effort_SAV/Service_Name"}},"renderMode":"span"},"children":[]}'></div></td><td><div data-mendix-id='39_398_403' data-mendix-type='mxui.widget.ReactWidgetWrapper' data-mendix-props='"widgetTree":{"widget":"com.mendix.widget.core.Text","widgetId":"39_398_403","props":{"name":"text2","class":"mx-name-text2","style":{},"caption":{"$type":"textTemplate","text":"{1}","friendlyId":"MyFirstModule.Snippet_commoneffort_sav.text2","parameters":{"1":"MyFirstModule.Common_Effort_SAV/Service_Attribute"}},"renderMode":"span"},"children":[]}'></div></td><td><div data-mendix-id='39_398_405' data-mendix-type='mxui.widget.ReactWidgetWrapper' data-mendix-props='"widgetTree":{"widget":"com.mendix.widget.core.Text","widgetId":"39_398_405","props":{"name":"text6","class":"mx-name-text6","style":{},"caption":{"$type":"textTemplate","text":"{1}","friendlyId":"MyFirstModule.Snippet_commoneffort_sav.text6","parameters":{"1":"MyFirstModule.Common_Effort_SAV/Value_Name"}},"renderMode":"span"},"children":[]}'></div></td><td><div data-mendix-id='39_398_407' data-mendix-type='mxui.widget.ReactWidgetWrapper' data-mendix-props='"widgetTree":{"widget":"com.mendix.widget.core.Text","widgetId":"39_398_407","props":{"name":"text3","class":"mx-name-text3","style":{},"caption":{"$type":"textTemplate","text":"{1}","friendlyId":"MyFirstModule.Snippet_commoneffort_sav.text3","parameters":{"1":"MyFirstModule.Common_Effort_SAV/Value_Point"}},"renderMode":"span"},"children":[]}'></div></td><td><div class='mx-name-container1 imgCls-small'><div data-mendix-id='39_398_411' data-mendix-type='mxui.widget.ActionButton' data-mendix-props='"friendlyId":"MyFirstModule.Snippet_commoneffort_sav.actionButton1","caption":{"$type":"textTemplate","text":"","friendlyId":"MyFirstModule.Snippet_commoneffort_sav.actionButton1"},"iconUrl":"img/MyFirstModule$edit_on.png?636468842603385563","title":"Edit Service Attribute Value","renderType":"link","action":{"type":"openPage","hasParameter":true,"params":{"path":"MyFirstModule/Common_Effort_SAV_NewEdit.page.xml","title":"Edit values for Common Effort","location":"modal","resizable":true,"allowedRoles":["Administrator","User"]}}' data-mendix-roles='Administrator,User' class='mx-name-actionButton1 imgCls-small' style='margin-left:20px;' tabindex='0'></div><div data-mendix-id='39_398_412' data-mendix-type='mxui.widget.ActionButton' data-mendix-props='"friendlyId":"MyFirstModule.Snippet_commoneffort_sav.actionButton2","caption":{"$type":"textTemplate","text":"","friendlyId":"MyFirstModule.Snippet_commoneffort_sav.actionButton2"},"iconUrl":"img/MyFirstModule$delete_on.png?636468842603385563","title":"Delete Service Attribute Value","renderType":"link","action":{"type":"callMicroflow","hasParameter":true,"params":{"name":"MyFirstModule.Microflow_delete_common_sav","validate":"view","confirmation":{"question":"Are you sure you want to delete this?","proceed":"Delete","cancel":"Cancel"},"applyTo":"selection","allowedRoles":["Administrator","User"]}}' data-mendix-roles='Administrator,User' class='mx-name-actionButton2 imgCls-small' style='margin-left:20px;' tabindex='0'></div></div></td></tr></tbody></table></m:template><m:template widget-id='39_419' name='content'><table class='mx-table mx-name-table2'><colgroup><col style='width:20%'></col><col style='width:20%'></col><col style='width:20%'></col><col style='width:20%'></col><col style='width:20%'></col></colgroup><tbody><tr><td><div data-mendix-id='39_420_423' data-mendix-type='mxui.widget.ReactWidgetWrapper' data-mendix-props='"widgetTree":{"widget":"com.mendix.widget.core.Text","widgetId":"39_420_423","props":{"name":"text1","class":"mx-name-text1","style":{},"caption":{"$type":"textTemplate","text":"{1}","friendlyId":"MyFirstModule.Snippet_techstack_sav.text1","parameters":{"1":"MyFirstModule.Tech_Stack_SAV/Service_Name"}},"renderMode":"span"},"children":[]}'></div></td><td><div data-mendix-id='39_420_425' data-mendix-type='mxui.widget.ReactWidgetWrapper' data-mendix-props='"widgetTree":{"widget":"com.mendix.widget.core.Text","widgetId":"39_420_425","props":{"name":"text2","class":"mx-name-text2","style":{},"caption":{"$type":"textTemplate","text":"{1}","friendlyId":"MyFirstModule.Snippet_techstack_sav.text2","parameters":{"1":"MyFirstModule.Tech_Stack_SAV/Service_Attribute"}},"renderMode":"span"},"children":[]}'></div></td><td><div data-mendix-id='39_420_427' data-mendix-type='mxui.widget.ReactWidgetWrapper' data-mendix-props='"widgetTree":{"widget":"com.mendix.widget.core.Text","widgetId":"39_420_427","props":{"name":"text6","class":"mx-name-text6","style":{},"caption":{"$type":"textTemplate","text":"{1}","friendlyId":"MyFirstModule.Snippet_techstack_sav.text6","parameters":{"1":"MyFirstModule.Tech_Stack_SAV/Value_Name"}},"renderMode":"span"},"children":[]}'></div></td><td><div data-mendix-id='39_420_429' data-mendix-type='mxui.widget.ReactWidgetWrapper' data-mendix-props='"widgetTree":{"widget":"com.mendix.widget.core.Text","widgetId":"39_420_429","props":{"name":"text3","class":"mx-name-text3","style":{},"caption":{"$type":"textTemplate","text":"{1}","friendlyId":"MyFirstModule.Snippet_techstack_sav.text3","parameters":{"1":"MyFirstModule.Tech_Stack_SAV/Value_Point"}},"renderMode":"span"},"children":[]}'></div></td><td><div class='mx-name-container1'><div data-mendix-id='39_420_433' data-mendix-type='mxui.widget.ActionButton' data-mendix-props='"friendlyId":"MyFirstModule.Snippet_techstack_sav.actionButton1","caption":{"$type":"textTemplate","text":"","friendlyId":"MyFirstModule.Snippet_techstack_sav.actionButton1"},"iconUrl":"img/MyFirstModule$edit_on.png?636468842603385563","title":"Edit Service Attribute Value","renderType":"link","action":{"type":"openPage","hasParameter":true,"params":{"path":"MyFirstModule/Tech_Stack_SAV_NewEdit.page.xml","title":"Edit values for Tech Stack","location":"modal","resizable":true,"allowedRoles":["Administrator","User"]}}' data-mendix-roles='Administrator,User' class='mx-name-actionButton1 imgCls-small' style='margin-left:20px;' tabindex='0'></div><div data-mendix-id='39_420_434' data-mendix-type='mxui.widget.ActionButton' data-mendix-props='"friendlyId":"MyFirstModule.Snippet_techstack_sav.actionButton2","caption":{"$type":"textTemplate","text":"","friendlyId":"MyFirstModule.Snippet_techstack_sav.actionButton2"},"iconUrl":"img/MyFirstModule$delete_on.png?636468842603385563","title":"Delete Service Attribute Value","renderType":"link","action":{"type":"callMicroflow","hasParameter":true,"params":{"name":"MyFirstModule.Microflow_delete_sav_teckstack","validate":"view","confirmation":{"question":"Are you sure you want to delete this?","proceed":"Delete","cancel":"Cancel"},"applyTo":"selection","allowedRoles":["Administrator","User"]}}' data-mendix-roles='Administrator,User' class='mx-name-actionButton2 imgCls-small' style='margin-left:20px;' tabindex='0'></div></div></td></tr></tbody></table></m:template><m:template widget-id='39_441' name='content'><table class='mx-table mx-name-table2'><colgroup><col style='width:20%'></col><col style='width:20%'></col><col style='width:20%'></col><col style='width:20%'></col><col style='width:20%'></col></colgroup><tbody><tr><td><div data-mendix-id='39_442_445' data-mendix-type='mxui.widget.ReactWidgetWrapper' data-mendix-props='"widgetTree":{"widget":"com.mendix.widget.core.Text","widgetId":"39_442_445","props":{"name":"text1","class":"mx-name-text1","style":{},"caption":{"$type":"textTemplate","text":"{1}","friendlyId":"MyFirstModule.Snippet_development_sav.text1","parameters":{"1":"MyFirstModule.Dev_process_SAV/Service_Name"}},"renderMode":"span"},"children":[]}'></div></td><td><div data-mendix-id='39_442_447' data-mendix-type='mxui.widget.ReactWidgetWrapper' data-mendix-props='"widgetTree":{"widget":"com.mendix.widget.core.Text","widgetId":"39_442_447","props":{"name":"text2","class":"mx-name-text2","style":{},"caption":{"$type":"textTemplate","text":"{1}","friendlyId":"MyFirstModule.Snippet_development_sav.text2","parameters":{"1":"MyFirstModule.Dev_process_SAV/Service_Attribute"}},"renderMode":"span"},"children":[]}'></div></td><td><div data-mendix-id='39_442_449' data-mendix-type='mxui.widget.ReactWidgetWrapper' data-mendix-props='"widgetTree":{"widget":"com.mendix.widget.core.Text","widgetId":"39_442_449","props":{"name":"text6","class":"mx-name-text6","style":{},"caption":{"$type":"textTemplate","text":"{1}","friendlyId":"MyFirstModule.Snippet_development_sav.text6","parameters":{"1":"MyFirstModule.Dev_process_SAV/Value_Name"}},"renderMode":"span"},"children":[]}'></div></td><td><div data-mendix-id='39_442_451' data-mendix-type='mxui.widget.ReactWidgetWrapper' data-mendix-props='"widgetTree":{"widget":"com.mendix.widget.core.Text","widgetId":"39_442_451","props":{"name":"text3","class":"mx-name-text3","style":{},"caption":{"$type":"textTemplate","text":"{1}","friendlyId":"MyFirstModule.Snippet_development_sav.text3","parameters":{"1":"MyFirstModule.Dev_process_SAV/Value_Point"}},"renderMode":"span"},"children":[]}'></div></td><td><div class='mx-name-container1'><div data-mendix-id='39_442_455' data-mendix-type='mxui.widget.ActionButton' data-mendix-props='"friendlyId":"MyFirstModule.Snippet_development_sav.actionButton1","caption":{"$type":"textTemplate","text":"","friendlyId":"MyFirstModule.Snippet_development_sav.actionButton1"},"iconUrl":"img/MyFirstModule$edit_on.png?636468842603385563","title":"Edit Service Attribute Value","renderType":"link","action":{"type":"openPage","hasParameter":true,"params":{"path":"MyFirstModule/Dev_process_SAV_NewEdit.page.xml","title":"Edit values for development Process","location":"modal","resizable":true,"allowedRoles":["Administrator","User"]}}' data-mendix-roles='Administrator,User' class='mx-name-actionButton1 imgCls-small' style='margin-left:20px;' tabindex='0'></div><div data-mendix-id='39_442_456' data-mendix-type='mxui.widget.ActionButton' data-mendix-props='"friendlyId":"MyFirstModule.Snippet_development_sav.actionButton2","caption":{"$type":"textTemplate","text":"","friendlyId":"MyFirstModule.Snippet_development_sav.actionButton2"},"iconUrl":"img/MyFirstModule$delete_on.png?636468842603385563","title":"Delete Service Attribute Value","renderType":"link","action":{"type":"callMicroflow","hasParameter":true,"params":{"name":"MyFirstModule.Microflow_delete_deve_process_sav","validate":"view","confirmation":{"question":"Are you sure you want to delete this?","proceed":"Delete","cancel":"Cancel"},"applyTo":"selection","allowedRoles":["Administrator","User"]}}' data-mendix-roles='Administrator,User' class='mx-name-actionButton2 imgCls-small' style='margin-left:20px;' tabindex='0'></div></div></td></tr></tbody></table></m:template><m:template widget-id='39_463' name='content'><table class='mx-table mx-name-table2'><colgroup><col style='width:20%'></col><col style='width:20%'></col><col style='width:20%'></col><col style='width:20%'></col><col style='width:20%'></col></colgroup><tbody><tr><td><div data-mendix-id='39_464_467' data-mendix-type='mxui.widget.ReactWidgetWrapper' data-mendix-props='"widgetTree":{"widget":"com.mendix.widget.core.Text","widgetId":"39_464_467","props":{"name":"text1","class":"mx-name-text1","style":{},"caption":{"$type":"textTemplate","text":"{1}","friendlyId":"MyFirstModule.Snippet_policy_sav.text1","parameters":{"1":"MyFirstModule.Policy_SAV/Service_Name"}},"renderMode":"span"},"children":[]}'></div></td><td><div data-mendix-id='39_464_469' data-mendix-type='mxui.widget.ReactWidgetWrapper' data-mendix-props='"widgetTree":{"widget":"com.mendix.widget.core.Text","widgetId":"39_464_469","props":{"name":"text2","class":"mx-name-text2","style":{},"caption":{"$type":"textTemplate","text":"{1}","friendlyId":"MyFirstModule.Snippet_policy_sav.text2","parameters":{"1":"MyFirstModule.Policy_SAV/Service_Attribute"}},"renderMode":"span"},"children":[]}'></div></td><td><div data-mendix-id='39_464_471' data-mendix-type='mxui.widget.ReactWidgetWrapper' data-mendix-props='"widgetTree":{"widget":"com.mendix.widget.core.Text","widgetId":"39_464_471","props":{"name":"text6","class":"mx-name-text6","style":{},"caption":{"$type":"textTemplate","text":"{1}","friendlyId":"MyFirstModule.Snippet_policy_sav.text6","parameters":{"1":"MyFirstModule.Policy_SAV/Value_Name"}},"renderMode":"span"},"children":[]}'></div></td><td><div data-mendix-id='39_464_473' data-mendix-type='mxui.widget.ReactWidgetWrapper' data-mendix-props='"widgetTree":{"widget":"com.mendix.widget.core.Text","widgetId":"39_464_473","props":{"name":"text3","class":"mx-name-text3","style":{},"caption":{"$type":"textTemplate","text":"{1}","friendlyId":"MyFirstModule.Snippet_policy_sav.text3","parameters":{"1":"MyFirstModule.Policy_SAV/Value_Point"}},"renderMode":"span"},"children":[]}'></div></td><td><div class='mx-name-container1'><div data-mendix-id='39_464_477' data-mendix-type='mxui.widget.ActionButton' data-mendix-props='"friendlyId":"MyFirstModule.Snippet_policy_sav.actionButton1","caption":{"$type":"textTemplate","text":"","friendlyId":"MyFirstModule.Snippet_policy_sav.actionButton1"},"iconUrl":"img/MyFirstModule$edit_on.png?636468842603385563","title":"Edit Service Attribute Value","renderType":"link","action":{"type":"openPage","hasParameter":true,"params":{"path":"MyFirstModule/Policy_SAV_NewEdit.page.xml","title":"Edit values for Policy","location":"modal","resizable":true,"allowedRoles":["Administrator","User"]}}' data-mendix-roles='Administrator,User' class='mx-name-actionButton1 imgCls-small' style='margin-left:20px;' tabindex='0'></div><div data-mendix-id='39_464_478' data-mendix-type='mxui.widget.ActionButton' data-mendix-props='"friendlyId":"MyFirstModule.Snippet_policy_sav.actionButton2","caption":{"$type":"textTemplate","text":"","friendlyId":"MyFirstModule.Snippet_policy_sav.actionButton2"},"iconUrl":"img/MyFirstModule$delete_on.png?636468842603385563","title":"Delete Service Attribute Value","renderType":"link","action":{"type":"callMicroflow","hasParameter":true,"params":{"name":"MyFirstModule.Microflow_delete_policy_sav","validate":"view","confirmation":{"question":"Are you sure you want to delete this?","proceed":"Delete","cancel":"Cancel"},"applyTo":"selection","allowedRoles":["Administrator","User"]}}' data-mendix-roles='Administrator,User' class='mx-name-actionButton2 imgCls-small' style='margin-left:20px;' tabindex='0'></div></div></td></tr></tbody></table></m:template><m:template widget-id='39_485' name='content'><table class='mx-table mx-name-table2'><colgroup><col style='width:20%'></col><col style='width:20%'></col><col style='width:20%'></col><col style='width:22%'></col><col style='width:18%'></col></colgroup><tbody><tr><td><div data-mendix-id='39_486_489' data-mendix-type='mxui.widget.ReactWidgetWrapper' data-mendix-props='"widgetTree":{"widget":"com.mendix.widget.core.Text","widgetId":"39_486_489","props":{"name":"text1","class":"mx-name-text1","style":{},"caption":{"$type":"textTemplate","text":"{1}","friendlyId":"MyFirstModule.Snippet_Infrastructure_sav.text1","parameters":{"1":"MyFirstModule.Infrastructure_SAV/Service_Name"}},"renderMode":"span"},"children":[]}'></div></td><td><div data-mendix-id='39_486_491' data-mendix-type='mxui.widget.ReactWidgetWrapper' data-mendix-props='"widgetTree":{"widget":"com.mendix.widget.core.Text","widgetId":"39_486_491","props":{"name":"text2","class":"mx-name-text2","style":{},"caption":{"$type":"textTemplate","text":"{1}","friendlyId":"MyFirstModule.Snippet_Infrastructure_sav.text2","parameters":{"1":"MyFirstModule.Infrastructure_SAV/Service_Attribute"}},"renderMode":"span"},"children":[]}'></div></td><td><div data-mendix-id='39_486_493' data-mendix-type='mxui.widget.ReactWidgetWrapper' data-mendix-props='"widgetTree":{"widget":"com.mendix.widget.core.Text","widgetId":"39_486_493","props":{"name":"text6","class":"mx-name-text6","style":{},"caption":{"$type":"textTemplate","text":"{1}","friendlyId":"MyFirstModule.Snippet_Infrastructure_sav.text6","parameters":{"1":"MyFirstModule.Infrastructure_SAV/Value_Name"}},"renderMode":"span"},"children":[]}'></div></td><td><div data-mendix-id='39_486_495' data-mendix-type='mxui.widget.ReactWidgetWrapper' data-mendix-props='"widgetTree":{"widget":"com.mendix.widget.core.Text","widgetId":"39_486_495","props":{"name":"text3","class":"mx-name-text3","style":{},"caption":{"$type":"textTemplate","text":"{1}","friendlyId":"MyFirstModule.Snippet_Infrastructure_sav.text3","parameters":{"1":"MyFirstModule.Infrastructure_SAV/Value_Point"}},"renderMode":"span"},"children":[]}'></div></td><td><div class='mx-name-container2'><div data-mendix-id='39_486_499' data-mendix-type='mxui.widget.ActionButton' data-mendix-props='"friendlyId":"MyFirstModule.Snippet_Infrastructure_sav.actionButton1","caption":{"$type":"textTemplate","text":"","friendlyId":"MyFirstModule.Snippet_Infrastructure_sav.actionButton1"},"iconUrl":"img/MyFirstModule$edit_on.png?636468842603385563","title":"Edit Service Attribute Value","renderType":"link","action":{"type":"openPage","hasParameter":true,"params":{"path":"MyFirstModule/Infrastructure_SAV_NewEdit.page.xml","title":"Edit values for Policy","location":"modal","resizable":true,"allowedRoles":["Administrator","User"]}}' data-mendix-roles='Administrator,User' class='mx-name-actionButton1 imgCls-small' style='margin-left:20px;' tabindex='0'></div><div data-mendix-id='39_486_500' data-mendix-type='mxui.widget.ActionButton' data-mendix-props='"friendlyId":"MyFirstModule.Snippet_Infrastructure_sav.actionButton2","caption":{"$type":"textTemplate","text":"","friendlyId":"MyFirstModule.Snippet_Infrastructure_sav.actionButton2"},"iconUrl":"img/MyFirstModule$delete_on.png?636468842603385563","title":"Delete Service Attribute Value","renderType":"link","action":{"type":"callMicroflow","hasParameter":true,"params":{"name":"MyFirstModule.Microflow_delete_infrastructure_sav","validate":"view","confirmation":{"question":"Are you sure you want to delete this?","proceed":"Delete","cancel":"Cancel"},"applyTo":"selection","allowedRoles":["Administrator","User"]}}' data-mendix-roles='Administrator,User' class='mx-name-actionButton2 imgCls-small' style='margin-left:20px;' tabindex='0'></div></div></td></tr></tbody></table></m:template></m:templates></m:page>