﻿<?xml version='1.0' encoding='utf-8'?><m:page id='8f5d9c1d-b97c-4c85-a5f4-d6d50e2b6112' xmlns='http://www.w3.org/1999/xhtml' title='Page Title' class='layout-sidebar-responsive' xmlns:m='http://schemas.mendix.com/forms/1.0'><m:layouts><m:layout path='NavigationLayouts/Sidebar_Full_Responsive.layout.xml'></m:layout></m:layouts><m:arguments><m:argument parameterName='90307765-bc1b-483c-818f-821454fe380b'><div data-mendix-id='3_0' class='mx-layoutgrid mx-layoutgrid-fluid mx-name-layoutGrid1'><div class='row'><div class='col-md-12'><div data-mendix-id='3_3' data-mendix-type='mxui.widget.DataGrid' data-mendix-props='"friendlyId":"MyFirstModule.templae_data.grid14","entity":"MyFirstModule.Template","schema":"d0d33766-a979-4054-ac60-0a82a76e1e6d","config":{"locale":"en_US","gridType":"Standalone","gridpresentation":{"rows":20,"columns":1,"controlbar":true,"pagingbar":true,"searchbar":true,"waitforsearch":false,"selectionmode":"single","editable":false,"sortable":true,"refresh":0,"selectfirst":false,"showemptyrows":false},"datasource":{"friendlyId":"MyFirstModule.templae_data.grid14","type":"database","path":"MyFirstModule.Template","xpathConstraints":"","offlineConstraints":[]},"searchOptions":{"searchBar":true,"toggleable":true,"toggledByDefault":true},"searchElements":[{"searchInputName":"searchField1","defaults":null,"defaultsParser":"Simple","caption":"Template name","path":"TemplateName","operator":"contains"},{"searchInputName":"searchField2","defaults":null,"defaultsParser":"Simple","caption":"Created  on","path":"Created_On","operator":"="},{"searchInputName":"searchField3","defaults":null,"defaultsParser":"Simple","caption":"Description","path":"Description","operator":"contains"},{"searchInputName":"searchField4","defaults":null,"defaultsParser":"Simple","caption":"Total  PD","path":"Total_PD","operator":"="}],"controlBar":{"gridTools":[{"mxid":"3_1","friendlyId":"MyFirstModule.templae_data.searchButton7","name":"searchButton7","caption":{"$type":"textTemplate","text":"Search","friendlyId":"MyFirstModule.templae_data.searchButton7"},"title":"","cssClass":"btn-default"},{"mxid":"3_2","friendlyId":"MyFirstModule.templae_data.deleteButton1","name":"deleteButton1","caption":{"$type":"textTemplate","text":"Delete","friendlyId":"MyFirstModule.templae_data.deleteButton1"},"title":"","cssClass":"btn-default"}],"gridActions":[{"keyValue":"3_1","gridFunction":"ToggleSearch"},{"keyValue":"3_2","gridFunction":"DeleteSelection"}]},"griddata":[{"tag":"TemplateName","name":"column1","editable":false,"render":"String","display":{"width":"25%","string":"Template name"}},{"tag":"Created_On","name":"column2","editable":false,"render":"String","display":{"width":"25%","string":"Created  on"}},{"tag":"Description","name":"column3","editable":false,"render":"String","display":{"width":"25%","string":"Description"}},{"tag":"Total_PD","name":"column4","editable":false,"render":"Decimal","display":{"width":"25%","string":"Total  PD","align":"right","formatted":false,"precision":2}}],"plugins":{}}' class='mx-datagrid mx-name-grid14 datagrid-hover' tabindex='0'></div></div></div></div></m:argument></m:arguments></m:page>