﻿<?xml version='1.0' encoding='utf-8'?><m:page id='db65df04-14a8-4e7d-989b-e6eeeaba5e54' xmlns='http://www.w3.org/1999/xhtml' title='Page Title' class='layout-sidebar-responsive' xmlns:m='http://schemas.mendix.com/forms/1.0'><m:layouts><m:layout path='NavigationLayouts/Sidebar_Full_Responsive.layout.xml'></m:layout></m:layouts><m:arguments><m:argument parameterName='90307765-bc1b-483c-818f-821454fe380b'><div data-mendix-id='8_0' class='mx-layoutgrid mx-layoutgrid-fluid mx-name-layoutGrid1'><div class='row'><div class='col-md-12'><div class='mx-name-container1' style='margin:20%;'><div data-mendix-id='8_1' data-mendix-type='mxui.widget.StaticImage' data-mendix-props='"friendlyId":"MyFirstModule.TooltipPage.image1","url":"img/MyFirstModule$user.png?636468842603385563","action":{"type":"doNothing","hasParameter":false,"params":{}}' class='mx-name-image1 img-responsive'></div><div data-mendix-id='8_2' data-mendix-type='CustomTooltip.widget.CustomTooltip' data-mendix-props='"friendlyId":"MyFirstModule.TooltipPage.customTooltip1","tooltipClassName":"mx-name-image1","tooltipMessageString":"I am the default text!!","tooltipColor":"#2ecc71\t","tooltipTextColor":"#e67e22","tooltipRenderHTML":false,"tooltipLocation":"top","tooltipMode":"click","tooltipMessageMicroflow":"MyFirstModule.ACT_Tooltip"' class='mx-name-customTooltip1' tabindex='0'></div></div></div></div></div></m:argument></m:arguments></m:page>